sample_id,Bacteria;Bacteroidetes;Bacteroidia;Bacteroidales;Bacteroidaceae;Bacteroides;Bacteroides vulgatus,Bacteria;Firmicutes;Clostridia;Clostridiales;Lachnospiraceae;Blautia;[Ruminococcus] gnavus,Bacteria;Bacteroidetes;Bacteroidia;Bacteroidales;Tannerellaceae;Parabacteroides;Parabacteroides goldsteinii,Bacteria;Bacteroidetes;Bacteroidia;Bacteroidales;Bacteroidaceae;Bacteroides;Bacteroides massiliensis,Bacteria;Bacteroidetes;Bacteroidia;Bacteroidales;Bacteroidaceae;Bacteroides;Bacteroides coprocola,Bacteria;Bacteroidetes;Bacteroidia;Bacteroidales;Bacteroidaceae;Bacteroides;Bacteroides dorei,Bacteria;Bacteroidetes;Bacteroidia;Bacteroidales;Bacteroidaceae;Bacteroides;Bacteroides cellulosilyticus,Bacteria;Bacteroidetes;Bacteroidia;Bacteroidales;Prevotellaceae;Prevotella;Prevotella copri,Bacteria;Bacteroidetes;Bacteroidia;Bacteroidales;Bacteroidaceae;Bacteroides;Bacteroides uniformis,Bacteria;Firmicutes;Clostridia;Clostridiales;Ruminococcaceae;Faecalibacterium;Faecalibacterium sp. MC_41,Bacteria;Firmicutes;Clostridia;Clostridiales;Eubacteriaceae;Eubacterium;[Eubacterium] hallii,Bacteria;Firmicutes;Negativicutes;Veillonellales;Veillonellaceae;Dialister;Dialister invisus,Bacteria;Firmicutes;Clostridia;Clostridiales;Lachnospiraceae;Coprococcus;Coprococcus comes,Bacteria;Bacteroidetes;Bacteroidia;Bacteroidales;Tannerellaceae;Parabacteroides;Parabacteroides johnsonii,Bacteria;Proteobacteria;Betaproteobacteria;Burkholderiales;Sutterellaceae;Parasutterella;Parasutterella excrementihominis,Bacteria;Firmicutes;Clostridia;Clostridiales;Eubacteriaceae;Eubacterium;Eubacterium ventriosum,Bacteria;Firmicutes;Clostridia;Clostridiales;Lachnospiraceae;Coprococcus;Coprococcus eutactus,Bacteria;Bacteroidetes;Bacteroidia;Bacteroidales;Tannerellaceae;Parabacteroides;Parabacteroides distasonis,Bacteria;Bacteroidetes;Bacteroidia;Bacteroidales;Bacteroidaceae;Bacteroides;Bacteroides stercoris,Bacteria;Firmicutes;Clostridia;Clostridiales;Eubacteriaceae;Eubacterium;[Eubacterium] eligens,Bacteria;Proteobacteria;Gammaproteobacteria;Pasteurellales;Pasteurellaceae;Haemophilus;Haemophilus parainfluenzae,Bacteria;Firmicutes;Bacilli;Lactobacillales;Streptococcaceae;Streptococcus;Streptococcus salivarius,Bacteria;Firmicutes;Clostridia;Clostridiales;Eubacteriaceae;Eubacterium;Eubacterium ramulus,Bacteria;Firmicutes;Negativicutes;Veillonellales;Veillonellaceae;Veillonella;Veillonella dispar,Bacteria;Bacteroidetes;Bacteroidia;Bacteroidales;Bacteroidaceae;Bacteroides;Bacteroides ovatus,Bacteria;Firmicutes;Clostridia;Clostridiales;Lachnospiraceae;Blautia;Blautia obeum,Bacteria;Bacteroidetes;Bacteroidia;Bacteroidales;Rikenellaceae;Alistipes;Alistipes shahii,Bacteria;Bacteroidetes;Bacteroidia;Bacteroidales;Bacteroidaceae;Bacteroides;Bacteroides salyersiae,Bacteria;Verrucomicrobia;Verrucomicrobiae;Verrucomicrobiales;Akkermansiaceae;Akkermansia;Akkermansia muciniphila,Bacteria;Firmicutes;Clostridia;Clostridiales;Ruminococcaceae;Ruminococcus;Ruminococcus callidus,Bacteria;Bacteroidetes;Bacteroidia;Bacteroidales;Barnesiellaceae;Barnesiella;Barnesiella viscericola,Bacteria;Firmicutes;Clostridia;Clostridiales;Peptostreptococcaceae;Peptostreptococcus;Peptostreptococcus stomatis,Bacteria;Fusobacteria;Fusobacteriia;Fusobacteriales;Fusobacteriaceae;Fusobacterium;Fusobacterium nucleatum,Bacteria;Actinobacteria;Actinobacteria;Propionibacteriales;Propionibacteriaceae;Cutibacterium;Cutibacterium acnes,Bacteria;Bacteroidetes;Bacteroidia;Bacteroidales;Porphyromonadaceae;Porphyromonas;Porphyromonas gingivalis,Bacteria;Bacteroidetes;Bacteroidia;Bacteroidales;Odoribacteraceae;Odoribacter;Odoribacter splanchnicus,Bacteria;Firmicutes;Clostridia;Clostridiales;Ruminococcaceae;Ruminiclostridium;[Eubacterium] siraeum,Bacteria;Firmicutes;Bacilli;Bacillales;Gemella[family];Gemella;Gemella haemolysans,Bacteria;Firmicutes;Tissierellia;Tissierellales;Peptoniphilaceae;Parvimonas;Parvimonas micra,Bacteria;Firmicutes;Erysipelotrichia;Erysipelotrichales;Erysipelotrichaceae;Erysipelatoclostridium;[Clostridium] innocuum,Bacteria;Bacteroidetes;Bacteroidia;Bacteroidales;Bacteroidaceae;Bacteroides;Bacteroides fragilis,Bacteria;Bacteroidetes;Bacteroidia;Bacteroidales;Tannerellaceae;Parabacteroides;Parabacteroides merdae,Bacteria;Bacteroidetes;Bacteroidia;Bacteroidales;Rikenellaceae;Alistipes;Alistipes indistinctus,Bacteria;Firmicutes;Erysipelotrichia;Erysipelotrichales;Erysipelotrichaceae;Holdemanella;Holdemanella biformis,Bacteria;Firmicutes;Clostridia;Clostridiales;Lachnospiraceae;[Eubacterium] rectale[genus];[Eubacterium] rectale,Bacteria;Firmicutes;Clostridia;Clostridiales;Lachnospiraceae;Dorea;Dorea longicatena,Bacteria;Bacteroidetes;Bacteroidia;Bacteroidales;Prevotellaceae;Paraprevotella;Paraprevotella clara,Bacteria;Firmicutes;Bacilli;Lactobacillales;Carnobacteriaceae;Granulicatella;Granulicatella adiacens,Bacteria;Firmicutes;Clostridia;Clostridiales;Peptostreptococcaceae;Intestinibacter;Intestinibacter bartlettii,Bacteria;Bacteroidetes;Bacteroidia;Bacteroidales;Bacteroidaceae;Bacteroides;Bacteroides caccae,Bacteria;Firmicutes;Clostridia;Clostridiales;Lachnospiraceae;Blautia;[Ruminococcus] torques,Bacteria;Firmicutes;Erysipelotrichia;Erysipelotrichales;Erysipelotrichaceae;Holdemania;Holdemania filiformis,Bacteria;Firmicutes;Erysipelotrichia;Erysipelotrichales;Erysipelotrichaceae;Erysipelatoclostridium;[Clostridium] spiroforme,Bacteria;Firmicutes;Clostridia;Clostridiales;Pseudoflavonifractor[family];Pseudoflavonifractor;Pseudoflavonifractor capillosus,Bacteria;Firmicutes;Negativicutes;Veillonellales;Veillonellaceae;Veillonella;Veillonella parvula,Bacteria;Firmicutes;Clostridia;Clostridiales;Christensenellaceae;Christensenella;Christensenella minuta,Bacteria;Firmicutes;Negativicutes;Acidaminococcales;Acidaminococcaceae;Acidaminococcus;Acidaminococcus intestini,Bacteria;Firmicutes;Clostridia;Clostridiales;Lachnospiraceae;Lachnoclostridium;[Clostridium] bolteae,Bacteria;Actinobacteria;Coriobacteriia;Coriobacteriales;Atopobiaceae;Atopobium;Atopobium rimae,Bacteria;Firmicutes;Clostridia;Clostridiales;Lachnospiraceae;Lachnoclostridium;[Clostridium] scindens,Bacteria;Actinobacteria;Coriobacteriia;Eggerthellales;Eggerthellaceae;Gordonibacter;Gordonibacter pamelaeae,Bacteria;Actinobacteria;Coriobacteriia;Eggerthellales;Eggerthellaceae;Eggerthella;Eggerthella lenta,Bacteria;Firmicutes;Clostridia;Clostridiales;Ruminococcaceae;Ruminiclostridium;[Clostridium] leptum,Bacteria;Actinobacteria;Coriobacteriia;Coriobacteriales;Coriobacteriaceae;Collinsella;Collinsella aerofaciens,Bacteria;Firmicutes;Clostridia;Clostridiales;Lachnospiraceae;Butyrivibrio;Butyrivibrio crossotus,Bacteria;Firmicutes;Bacilli;Lactobacillales;Enterococcaceae;Enterococcus;Enterococcus casseliflavus,Bacteria;Proteobacteria;Deltaproteobacteria;Desulfovibrionales;Desulfovibrionaceae;Desulfovibrio;Desulfovibrio piger,Bacteria;Synergistetes;Synergistia;Synergistales;Synergistaceae;Cloacibacillus;Cloacibacillus evryensis,Bacteria;Firmicutes;Clostridia;Clostridiales;Oscillospiraceae;Oscillibacter;Oscillibacter valericigenes,Bacteria;Firmicutes;Clostridia;Clostridiales;Ruminococcaceae;Anaerotruncus;Anaerotruncus colihominis,Bacteria;Deinococcus-Thermus;Deinococci;Deinococcales;Deinococcaceae;Deinococcus;Deinococcus geothermalis,Bacteria;Proteobacteria;Gammaproteobacteria;Enterobacterales;Enterobacteriaceae;Salmonella;Salmonella enterica,Bacteria;Acidobacteria;Acidobacteriia;Acidobacteriales;Acidobacteriaceae;Acidobacterium;Acidobacterium capsulatum,Bacteria;Proteobacteria;Gammaproteobacteria;Pasteurellales;Pasteurellaceae;Aggregatibacter;Aggregatibacter segnis,Bacteria;Proteobacteria;Gammaproteobacteria;Pasteurellales;Pasteurellaceae;Haemophilus;Haemophilus haemolyticus,Bacteria;Firmicutes;Negativicutes;Acidaminococcales;Acidaminococcaceae;Acidaminococcus;Acidaminococcus fermentans,Bacteria;Synergistetes;Synergistia;Synergistales;Synergistaceae;Pyramidobacter;Pyramidobacter piscolens,Bacteria;Firmicutes;Clostridia;Clostridiales;Lachnospiraceae;Lachnoclostridium;[Clostridium] symbiosum,Bacteria;Proteobacteria;Deltaproteobacteria;Desulfovibrionales;Desulfovibrionaceae;Desulfovibrio;Desulfovibrio desulfuricans,Bacteria;Bacteroidetes;Bacteroidia;Bacteroidales;Rikenellaceae;Alistipes;Alistipes finegoldii,Bacteria;Firmicutes;Bacilli;Lactobacillales;Streptococcaceae;Streptococcus;Streptococcus parasanguinis,Bacteria;Bacteroidetes;Bacteroidia;Bacteroidales;Bacteroidaceae;Bacteroides;Bacteroides intestinalis,Bacteria;Proteobacteria;Gammaproteobacteria;Enterobacterales;Enterobacteriaceae;Klebsiella;Klebsiella pneumoniae,Bacteria;Firmicutes;Bacilli;Lactobacillales;Streptococcaceae;Streptococcus;Streptococcus mutans,Bacteria;Bacteroidetes;Bacteroidia;Bacteroidales;Bacteroidaceae;Bacteroides;Bacteroides eggerthii,Bacteria;Firmicutes;Bacilli;Lactobacillales;Streptococcaceae;Streptococcus;Streptococcus anginosus,Bacteria;Bacteroidetes;Bacteroidia;Bacteroidales;Bacteroidaceae;Bacteroides;Bacteroides barnesiae,Bacteria;Proteobacteria;Betaproteobacteria;Burkholderiales;Sutterellaceae;Parasutterella;Parasutterella secunda,Bacteria;Proteobacteria;Betaproteobacteria;Burkholderiales;Oxalobacteraceae;Oxalobacter;Oxalobacter formigenes,Bacteria;Firmicutes;Clostridia;Clostridiales;Ruminococcaceae;Ruminococcus;Ruminococcus lactaris,Bacteria;Firmicutes;Clostridia;Clostridiales;Ruminococcaceae;Ruminococcus;Ruminococcus champanellensis,Bacteria;Firmicutes;Erysipelotrichia;Erysipelotrichales;Erysipelotrichaceae;Erysipelatoclostridium;Erysipelatoclostridium ramosum,Bacteria;Actinobacteria;Actinobacteria;Streptomycetales;Streptomycetaceae;Streptomyces;Streptomyces cinnamoneus,Bacteria;Firmicutes;Erysipelotrichia;Erysipelotrichales;Erysipelotrichaceae;Erysipelatoclostridium;[Clostridium] saccharogumia,Bacteria;Bacteroidetes;Bacteroidia;Bacteroidales;Bacteroidaceae;Bacteroides;Bacteroides coprophilus,Bacteria;Firmicutes;Clostridia;Clostridiales;Lachnospiraceae;Dorea;Dorea formicigenerans,Bacteria;Bacteroidetes;Bacteroidia;Bacteroidales;Bacteroidaceae;Bacteroides;Bacteroides nordii,Bacteria;Firmicutes;Bacilli;Lactobacillales;Streptococcaceae;Streptococcus;Streptococcus mitis,Bacteria;Actinobacteria;Actinobacteria;Actinomycetales;Actinomycetaceae;Actinomyces;Actinomyces odontolyticus,Bacteria;Firmicutes;Bacilli;Lactobacillales;Lactobacillaceae;Pediococcus;Pediococcus pentosaceus,Bacteria;Firmicutes;Bacilli;Lactobacillales;Lactobacillaceae;Lactobacillus;Lactobacillus sakei,Bacteria;Firmicutes;Clostridia;Clostridiales;Catabacteriaceae;Catabacter;Catabacter hongkongensis,Bacteria;Firmicutes;Negativicutes;Veillonellales;Veillonellaceae;Dialister;Dialister pneumosintes,Bacteria;Proteobacteria;Gammaproteobacteria;Enterobacterales;Enterobacteriaceae;Escherichia;Escherichia coli,Bacteria;Bacteroidetes;Bacteroidia;Bacteroidales;Prevotellaceae;Prevotella;Prevotella bivia,Bacteria;Proteobacteria;Epsilonproteobacteria;Campylobacterales;Campylobacteraceae;Campylobacter;Campylobacter gracilis,Bacteria;Bacteroidetes;Bacteroidia;Bacteroidales;Prevotellaceae;Prevotella;Prevotella bergensis,Bacteria;Bacteroidetes;Bacteroidia;Bacteroidales;Bacteroidaceae;Bacteroides;Bacteroides finegoldii,Bacteria;Firmicutes;Clostridia;Clostridiales;Lachnospiraceae;Roseburia;Roseburia hominis,Bacteria;Firmicutes;Clostridia;Clostridiales;Ruminococcaceae;Ruminococcus;Ruminococcus sp. DSM 100440,Bacteria;Firmicutes;Clostridia;Clostridiales;Lachnospiraceae;Blautia;Blautia hydrogenotrophica,Bacteria;Bacteroidetes;Bacteroidia;Bacteroidales;Bacteroidaceae;Bacteroides;Bacteroides stercorirosoris,Bacteria;Bacteroidetes;Bacteroidia;Bacteroidales;Rikenellaceae;Alistipes;Alistipes timonensis,Bacteria;Bacteroidetes;Bacteroidia;Bacteroidales;Bacteroidaceae;Bacteroides;Bacteroides gallinarum,Bacteria;Firmicutes;Erysipelotrichia;Erysipelotrichales;Erysipelotrichaceae;Coprobacillus;Coprobacillus cateniformis,Bacteria;Bacteroidetes;Bacteroidia;Bacteroidales;Prevotellaceae;Prevotella;Prevotella buccalis,Bacteria;Firmicutes;Bacilli;Lactobacillales;Streptococcaceae;Streptococcus;Streptococcus pneumoniae,Bacteria;Firmicutes;Bacilli;Lactobacillales;Streptococcaceae;Lactococcus;Lactococcus lactis,Bacteria;Firmicutes;Bacilli;Lactobacillales;Lactobacillaceae;Lactobacillus;Lactobacillus fermentum,Bacteria;Firmicutes;Clostridia;Clostridiales;Peptostreptococcaceae;Clostridioides;Clostridioides difficile,Bacteria;Firmicutes;Clostridia;Clostridiales;Clostridiaceae;Clostridium;Clostridium paraputrificum,Bacteria;Firmicutes;Bacilli;Lactobacillales;Streptococcaceae;Streptococcus;Streptococcus gordonii,Bacteria;Firmicutes;Bacilli;Lactobacillales;Lactobacillaceae;Lactobacillus;Lactobacillus delbrueckii,Bacteria;Firmicutes;Clostridia;Clostridiales;Lachnospiraceae;Anaerostipes;Anaerostipes caccae,Bacteria;Bacteroidetes;Bacteroidia;Bacteroidales;Prevotellaceae;Prevotella;Prevotella disiens,Bacteria;Bacteroidetes;Bacteroidia;Bacteroidales;Prevotellaceae;Prevotella;Prevotella timonensis,Bacteria;Proteobacteria;Epsilonproteobacteria;Campylobacterales;Campylobacteraceae;Campylobacter;Campylobacter hominis,Bacteria;Firmicutes;Erysipelotrichia;Erysipelotrichales;Erysipelotrichaceae;Faecalitalea;Faecalitalea cylindroides,Bacteria;Firmicutes;Clostridia;Clostridiales;Eubacteriaceae;Eubacterium;Eubacterium sp. JCM 9976,Bacteria;Synergistetes;Synergistia;Synergistales;Synergistaceae;Jonquetella;Jonquetella anthropi,Bacteria;Actinobacteria;Actinobacteria;Micrococcales;Bogoriellaceae;Georgenia;Georgenia deserti,Bacteria;Proteobacteria;Betaproteobacteria;Burkholderiales;Alcaligenaceae;Alcaligenes;Alcaligenes sp. VKM B-2263,Bacteria;Firmicutes;Bacilli;Lactobacillales;Carnobacteriaceae;Granulicatella;Granulicatella elegans,Bacteria;Actinobacteria;Actinobacteria;Corynebacteriales;Corynebacteriaceae;Corynebacterium;Corynebacterium diphtheriae,Bacteria;Bacteroidetes;Bacteroidia;Bacteroidales;Rikenellaceae;Rikenella;Rikenella microfusus,Bacteria;Proteobacteria;Epsilonproteobacteria;Campylobacterales;Campylobacteraceae;Campylobacter;Campylobacter upsaliensis,Bacteria;Firmicutes;Clostridia;Clostridiales;Lachnospiraceae;Roseburia;Roseburia intestinalis,Bacteria;Bacteroidetes;Bacteroidia;Bacteroidales;Bacteroidaceae;Bacteroides;Bacteroides plebeius,Bacteria;Proteobacteria;Epsilonproteobacteria;Campylobacterales;Campylobacteraceae;Campylobacter;Campylobacter concisus,Bacteria;Firmicutes;Clostridia;Clostridiales;Ruminococcaceae;Ruminiclostridium;[Clostridium] methylpentosum,Bacteria;Actinobacteria;Actinobacteria;Bifidobacteriales;Bifidobacteriaceae;Bifidobacterium;Bifidobacterium longum,Bacteria;Firmicutes;Negativicutes;Veillonellales;Veillonellaceae;Veillonella;Veillonella ratti,Bacteria;Actinobacteria;Coriobacteriia;Coriobacteriales;Atopobiaceae;Atopobium;Atopobium parvulum,Bacteria;Firmicutes;Bacilli;Lactobacillales;Streptococcaceae;Lactococcus;Lactococcus garvieae,Bacteria;Firmicutes;Bacilli;Lactobacillales;Streptococcaceae;Streptococcus;Streptococcus intermedius,Bacteria;Firmicutes;Clostridia;Clostridiales;Eubacteriaceae;Eubacterium;Eubacterium limosum,Bacteria;Firmicutes;Bacilli;Lactobacillales;Lactobacillaceae;Lactobacillus;Lactobacillus reuteri,Bacteria;Proteobacteria;Betaproteobacteria;Burkholderiales;Comamonadaceae;Comamonas;Comamonas terrigena,Bacteria;Firmicutes;Bacilli;Lactobacillales;Lactobacillaceae;Lactobacillus;Lactobacillus oris,Bacteria;Firmicutes;Bacilli;Lactobacillales;Lactobacillaceae;Lactobacillus;Lactobacillus salivarius,Bacteria;Spirochaetes;Spirochaetia;Spirochaetales;Spirochaetaceae;Treponema;Treponema succinifaciens,Bacteria;Bacteroidetes;Bacteroidia;Bacteroidales;Prevotellaceae;Paraprevotella;Paraprevotella xylaniphila,Bacteria;Bacteroidetes;Bacteroidia;Bacteroidales;Rikenellaceae;Alistipes;Alistipes onderdonkii,Bacteria;Firmicutes;Bacilli;Lactobacillales;Leuconostocaceae;Leuconostoc;Leuconostoc lactis,Bacteria;Firmicutes;Bacilli;Lactobacillales;Streptococcaceae;Streptococcus;Streptococcus thermophilus,Bacteria;Firmicutes;Tissierellia;Tissierellales;Peptoniphilaceae;Finegoldia;Finegoldia magna,Bacteria;Firmicutes;Erysipelotrichia;Erysipelotrichales;Erysipelotrichaceae;[Eubacterium] dolichum[genus];[Eubacterium] dolichum,Bacteria;Actinobacteria;Actinobacteria;Actinomycetales;Actinomycetaceae;Actinomyces;Actinomyces lingnae,Bacteria;Firmicutes;Clostridia;Clostridiales;Clostridiaceae;Clostridium;Clostridium butyricum,Bacteria;Firmicutes;Bacilli;Lactobacillales;Aerococcaceae;Abiotrophia;Abiotrophia defectiva,Bacteria;Proteobacteria;Betaproteobacteria;Burkholderiales;Burkholderiaceae;Ralstonia;Ralstonia pickettii,Bacteria;Firmicutes;Bacilli;Lactobacillales;Lactobacillaceae;Lactobacillus;Lactobacillus sanfranciscensis,Bacteria;Firmicutes;Clostridia;Clostridiales;Clostridiales Family XIII. Incertae Sedis;[Eubacterium] sulci[genus];[Eubacterium] sulci,Bacteria;Firmicutes;Erysipelotrichia;Erysipelotrichales;Erysipelotrichaceae;Faecalicoccus;Faecalicoccus pleomorphus,Bacteria;Firmicutes;Clostridia;Clostridiales;Eubacteriaceae;Anaerofustis;Anaerofustis stercorihominis,Bacteria;Bacteroidetes;Sphingobacteriia;Sphingobacteriales;Sphingobacteriaceae;Sphingobacterium;Sphingobacterium faecium,Bacteria;Proteobacteria;Gammaproteobacteria;Pseudomonadales;Moraxellaceae;Moraxella;Moraxella osloensis,Bacteria;Proteobacteria;Betaproteobacteria;Burkholderiales;Oxalobacteraceae;Massilia;Massilia timonae,Bacteria;Firmicutes;Clostridia;Clostridiales;Clostridiales Family XIII. Incertae Sedis;[Eubacterium] brachy[genus];[Eubacterium] brachy,Bacteria;Firmicutes;Bacilli;Lactobacillales;Lactobacillaceae;Lactobacillus;Lactobacillus mucosae,Bacteria;Proteobacteria;Epsilonproteobacteria;Campylobacterales;Campylobacteraceae;Campylobacter;Campylobacter ureolyticus,Bacteria;Bacteroidetes;Bacteroidia;Bacteroidales;Prevotellaceae;Prevotella;Prevotella nigrescens,Bacteria;Fusobacteria;Fusobacteriia;Fusobacteriales;Leptotrichiaceae;Leptotrichia;Leptotrichia buccalis,Bacteria;Proteobacteria;Gammaproteobacteria;Pasteurellales;Pasteurellaceae;Haemophilus;Haemophilus sputorum,Bacteria;Proteobacteria;Betaproteobacteria;Neisseriales;Neisseriaceae;Eikenella;Eikenella corrodens,Bacteria;Fusobacteria;Fusobacteriia;Fusobacteriales;Fusobacteriaceae;Fusobacterium;Fusobacterium periodonticum,Bacteria;Actinobacteria;Actinobacteria;Micrococcales;Micrococcaceae;Rothia;Rothia mucilaginosa,Bacteria;Proteobacteria;Gammaproteobacteria;Pseudomonadales;Pseudomonadaceae;Pseudomonas;Pseudomonas fluorescens,Bacteria;Firmicutes;Bacilli;Lactobacillales;Streptococcaceae;Streptococcus;Streptococcus downei,Bacteria;Firmicutes;Bacilli;Lactobacillales;Lactobacillaceae;Lactobacillus;Lactobacillus antri,Bacteria;Bacteroidetes;Bacteroidia;Bacteroidales;Prevotellaceae;Prevotella;Prevotella corporis,Bacteria;Bacteroidetes;Bacteroidia;Bacteroidales;Tannerellaceae;Parabacteroides;Parabacteroides gordonii,Bacteria;Proteobacteria;Gammaproteobacteria;Pseudomonadales;Moraxellaceae;Acinetobacter;Acinetobacter lwoffii,Bacteria;Firmicutes;Bacilli;Lactobacillales;Streptococcaceae;Streptococcus;Streptococcus constellatus,Bacteria;Firmicutes;Clostridia;Clostridiales;Peptostreptococcaceae;Paraclostridium;Paraclostridium bifermentans,Bacteria;Firmicutes;Bacilli;Bacillales;Staphylococcaceae;Staphylococcus;Staphylococcus epidermidis,Bacteria;Firmicutes;Bacilli;Lactobacillales;Lactobacillaceae;Lactobacillus;Lactobacillus ruminis,Bacteria;Fusobacteria;Fusobacteriia;Fusobacteriales;Leptotrichiaceae;Leptotrichia;Leptotrichia wadei
SRR8417365,0.54545454545454541,0.13636363636363635,0.045454545454545456,0.090909090909090912,0.090909090909090912,0.045454545454545456,0.045454545454545456,0,0,0,0,0,0,0,0,0,0,0,0,0,0,0,0,0,0,0,0,0,0,0,0,0,0,0,0,0,0,0,0,0,0,0,0,0,0,0,0,0,0,0,0,0,0,0,0,0,0,0,0,0,0,0,0,0,0,0,0,0,0,0,0,0,0,0,0,0,0,0,0,0,0,0,0,0,0,0,0,0,0,0,0,0,0,0,0,0,0,0,0,0,0,0,0,0,0,0,0,0,0,0,0,0,0,0,0,0,0,0,0,0,0,0,0,0,0,0,0,0,0,0,0,0,0,0,0,0,0,0,0,0,0,0,0,0,0,0,0,0,0,0,0,0,0,0,0,0,0,0,0,0,0,0,0,0,0,0,0,0,0,0,0,0,0,0,0,0,0,0,0,0,0,0,0,0,0,0,0,0
SRR8417366,0.10526315789473684,0.052631578947368418,0,0.052631578947368418,0.15789473684210525,0,0,0.42105263157894735,0.052631578947368418,0.10526315789473684,0.052631578947368418,0,0,0,0,0,0,0,0,0,0,0,0,0,0,0,0,0,0,0,0,0,0,0,0,0,0,0,0,0,0,0,0,0,0,0,0,0,0,0,0,0,0,0,0,0,0,0,0,0,0,0,0,0,0,0,0,0,0,0,0,0,0,0,0,0,0,0,0,0,0,0,0,0,0,0,0,0,0,0,0,0,0,0,0,0,0,0,0,0,0,0,0,0,0,0,0,0,0,0,0,0,0,0,0,0,0,0,0,0,0,0,0,0,0,0,0,0,0,0,0,0,0,0,0,0,0,0,0,0,0,0,0,0,0,0,0,0,0,0,0,0,0,0,0,0,0,0,0,0,0,0,0,0,0,0,0,0,0,0,0,0,0,0,0,0,0,0,0,0,0,0,0,0,0,0,0,0
SRR8417368,0.72263868065967019,0,0,0,0.010494752623688156,0.0059970014992503746,0.0059970014992503746,0,0.038980509745127435,0.035982008995502246,0,0.019490254872563718,0.0059970014992503746,0.047976011994002997,0.0089955022488755615,0.0074962518740629685,0.0074962518740629685,0.017991004497751123,0.0059970014992503746,0.016491754122938532,0.0014992503748125937,0.0029985007496251873,0.0044977511244377807,0.0014992503748125937,0.010494752623688156,0.0029985007496251873,0.0074962518740629685,0.0059970014992503746,0.0014992503748125937,0.0014992503748125937,0.0014992503748125937,0,0,0,0,0,0,0,0,0,0,0,0,0,0,0,0,0,0,0,0,0,0,0,0,0,0,0,0,0,0,0,0,0,0,0,0,0,0,0,0,0,0,0,0,0,0,0,0,0,0,0,0,0,0,0,0,0,0,0,0,0,0,0,0,0,0,0,0,0,0,0,0,0,0,0,0,0,0,0,0,0,0,0,0,0,0,0,0,0,0,0,0,0,0,0,0,0,0,0,0,0,0,0,0,0,0,0,0,0,0,0,0,0,0,0,0,0,0,0,0,0,0,0,0,0,0,0,0,0,0,0,0,0,0,0,0,0,0,0,0,0,0,0,0,0,0,0,0,0,0,0,0,0,0,0,0,0
SRR8417369,0.14285714285714285,0,0.023809523809523808,0,0,0.023809523809523808,0,0.047619047619047616,0,0,0,0,0,0,0,0.023809523809523808,0,0.047619047619047616,0,0,0,0,0,0,0,0,0.047619047619047616,0,0,0,0,0.047619047619047616,0.11904761904761904,0.023809523809523808,0.26190476190476192,0.095238095238095233,0.023809523809523808,0.023809523809523808,0.023809523809523808,0.023809523809523808,0,0,0,0,0,0,0,0,0,0,0,0,0,0,0,0,0,0,0,0,0,0,0,0,0,0,0,0,0,0,0,0,0,0,0,0,0,0,0,0,0,0,0,0,0,0,0,0,0,0,0,0,0,0,0,0,0,0,0,0,0,0,0,0,0,0,0,0,0,0,0,0,0,0,0,0,0,0,0,0,0,0,0,0,0,0,0,0,0,0,0,0,0,0,0,0,0,0,0,0,0,0,0,0,0,0,0,0,0,0,0,0,0,0,0,0,0,0,0,0,0,0,0,0,0,0,0,0,0,0,0,0,0,0,0,0,0,0,0,0,0,0,0,0,0,0,0,0
SRR8417371,0.22082018927444794,0,0.0031545741324921135,0,0,0.17034700315457413,0,0.018927444794952682,0.018927444794952682,0.15772870662460567,0.015772870662460567,0.012618296529968454,0.0031545741324921135,0,0,0.0031545741324921135,0,0.025236593059936908,0,0.069400630914826497,0,0,0.0031545741324921135,0,0.025236593059936908,0.015772870662460567,0.0094637223974763408,0,0,0,0,0,0,0,0,0,0,0,0,0,0.078864353312302835,0.082018927444794956,0.0063091482649842269,0.028391167192429023,0.015772870662460567,0.0063091482649842269,0.0031545741324921135,0.0031545741324921135,0.0031545741324921135,0,0,0,0,0,0,0,0,0,0,0,0,0,0,0,0,0,0,0,0,0,0,0,0,0,0,0,0,0,0,0,0,0,0,0,0,0,0,0,0,0,0,0,0,0,0,0,0,0,0,0,0,0,0,0,0,0,0,0,0,0,0,0,0,0,0,0,0,0,0,0,0,0,0,0,0,0,0,0,0,0,0,0,0,0,0,0,0,0,0,0,0,0,0,0,0,0,0,0,0,0,0,0,0,0,0,0,0,0,0,0,0,0,0,0,0,0,0,0,0,0,0,0,0,0,0,0,0,0,0,0,0,0,0,0,0,0,0,0
SRR8417372,0.50148367952522255,0.002967359050445104,0.011869436201780416,0,0.05637982195845697,0.086053412462908013,0,0,0.011869436201780416,0.044510385756676561,0,0,0,0,0.002967359050445104,0,0,0.023738872403560832,0.0059347181008902079,0,0,0,0,0,0.002967359050445104,0.0059347181008902079,0.0771513353115727,0.002967359050445104,0.002967359050445104,0,0,0,0,0,0,0.026706231454005934,0,0.002967359050445104,0,0.002967359050445104,0.03857566765578635,0.053412462908011868,0,0,0,0,0,0,0,0.026706231454005934,0.002967359050445104,0.0059347181008902079,0,0,0,0,0,0,0,0,0,0,0,0,0,0,0,0,0,0,0,0,0,0,0,0,0,0,0,0,0,0,0,0,0,0,0,0,0,0,0,0,0,0,0,0,0,0,0,0,0,0,0,0,0,0,0,0,0,0,0,0,0,0,0,0,0,0,0,0,0,0,0,0,0,0,0,0,0,0,0,0,0,0,0,0,0,0,0,0,0,0,0,0,0,0,0,0,0,0,0,0,0,0,0,0,0,0,0,0,0,0,0,0,0,0,0,0,0,0,0,0,0,0,0,0,0,0,0,0,0,0,0,0,0,0,0,0
SRR8417373,0.05183585313174946,0,0,0,0.64902807775377969,0.037796976241900648,0,0,0.0043196544276457886,0.063714902807775378,0.0010799136069114472,0.085313174946004322,0,0,0,0.0043196544276457886,0,0.011879049676025918,0.01079913606911447,0.011879049676025918,0.011879049676025918,0.012958963282937365,0,0,0.0097192224622030237,0,0,0.0010799136069114472,0,0.0021598272138228943,0,0,0,0,0,0.0021598272138228943,0,0.0010799136069114472,0,0,0,0.0075593952483801298,0,0,0.0086393088552915772,0,0,0,0,0.0032397408207343412,0,0.0010799136069114472,0.0021598272138228943,0.0021598272138228943,0.0010799136069114472,0.0010799136069114472,0,0,0,0,0,0,0,0,0,0,0,0,0,0,0,0,0,0,0,0,0,0,0,0,0,0,0,0,0,0,0,0,0,0,0,0,0,0,0,0,0,0,0,0,0,0,0,0,0,0,0,0,0,0,0,0,0,0,0,0,0,0,0,0,0,0,0,0,0,0,0,0,0,0,0,0,0,0,0,0,0,0,0,0,0,0,0,0,0,0,0,0,0,0,0,0,0,0,0,0,0,0,0,0,0,0,0,0,0,0,0,0,0,0,0,0,0,0,0,0,0,0,0,0,0,0,0,0,0,0,0,0
SRR8417374,0.51428571428571423,0,0,0,0,0.11428571428571428,0,0,0.050000000000000003,0.14285714285714285,0,0,0,0,0,0.0071428571428571426,0,0.0071428571428571426,0.064285714285714279,0.0071428571428571426,0,0,0,0,0,0.0071428571428571426,0,0,0,0,0.0071428571428571426,0,0,0,0,0.028571428571428571,0.0071428571428571426,0,0,0.0071428571428571426,0.014285714285714285,0.014285714285714285,0,0,0.0071428571428571426,0,0,0,0,0,0,0,0,0,0,0,0,0,0,0,0,0,0,0,0,0,0,0,0,0,0,0,0,0,0,0,0,0,0,0,0,0,0,0,0,0,0,0,0,0,0,0,0,0,0,0,0,0,0,0,0,0,0,0,0,0,0,0,0,0,0,0,0,0,0,0,0,0,0,0,0,0,0,0,0,0,0,0,0,0,0,0,0,0,0,0,0,0,0,0,0,0,0,0,0,0,0,0,0,0,0,0,0,0,0,0,0,0,0,0,0,0,0,0,0,0,0,0,0,0,0,0,0,0,0,0,0,0,0,0,0,0,0,0,0,0,0,0
SRR8417375,0,0,0,0,0,0.689727463312369,0,0,0.010482180293501049,0.0020964360587002098,0,0.029350104821802937,0.0020964360587002098,0,0.05450733752620545,0,0,0.023060796645702306,0.025157232704402517,0,0.0041928721174004195,0,0,0,0.0062893081761006293,0,0.0041928721174004195,0,0,0.0020964360587002098,0,0,0,0,0,0.0062893081761006293,0,0,0,0,0.062893081761006289,0.016771488469601678,0,0,0.0020964360587002098,0,0,0,0.0020964360587002098,0,0,0.008385744234800839,0,0,0,0,0.041928721174004195,0.0062893081761006293,0,0,0,0,0,0,0,0,0,0,0,0,0,0,0,0,0,0,0,0,0,0,0,0,0,0,0,0,0,0,0,0,0,0,0,0,0,0,0,0,0,0,0,0,0,0,0,0,0,0,0,0,0,0,0,0,0,0,0,0,0,0,0,0,0,0,0,0,0,0,0,0,0,0,0,0,0,0,0,0,0,0,0,0,0,0,0,0,0,0,0,0,0,0,0,0,0,0,0,0,0,0,0,0,0,0,0,0,0,0,0,0,0,0,0,0,0,0,0,0,0,0,0,0,0,0,0,0,0,0
SRR8417376,0,0.0087040618955512572,0,0,0,0,0,0,0.0019342359767891683,0.0019342359767891683,0.00096711798839458415,0.96131528046421666,0.0019342359767891683,0,0.00096711798839458415,0.0038684719535783366,0,0.00096711798839458415,0.0019342359767891683,0,0,0,0,0,0,0,0,0,0,0,0,0,0,0,0,0,0,0,0,0.00096711798839458415,0,0,0,0,0,0,0,0,0.0019342359767891683,0,0.0019342359767891683,0.00096711798839458415,0,0,0,0,0.00096711798839458415,0,0.00096711798839458415,0.00096711798839458415,0.00096711798839458415,0.0048355899419729211,0.00096711798839458415,0,0,0,0,0,0,0,0,0,0,0,0,0,0,0,0,0,0,0,0,0,0,0,0,0,0,0,0,0,0,0,0,0,0,0,0,0,0,0,0,0,0,0,0,0,0,0,0,0,0,0,0,0,0,0,0,0,0,0,0,0,0,0,0,0,0,0,0,0,0,0,0,0,0,0,0,0,0,0,0,0,0,0,0,0,0,0,0,0,0,0,0,0,0,0,0,0,0,0,0,0,0,0,0,0,0,0,0,0,0,0,0,0,0,0,0,0,0,0,0,0,0,0,0,0
SRR8417377,0.11948051948051948,0,0,0,0.045454545454545456,0.10000000000000001,0.0012987012987012987,0.62207792207792212,0.0064935064935064939,0.0051948051948051948,0,0,0,0.0025974025974025974,0,0,0,0.015584415584415584,0,0.0025974025974025974,0.0038961038961038961,0.0025974025974025974,0,0.0038961038961038961,0.0012987012987012987,0.0012987012987012987,0.0012987012987012987,0,0,0,0,0,0,0,0,0.0012987012987012987,0,0,0,0,0,0.057142857142857141,0,0.0012987012987012987,0,0,0,0,0,0,0,0.0038961038961038961,0,0,0,0,0,0,0,0,0,0,0,0.0012987012987012987,0,0,0,0,0,0,0,0,0,0,0,0,0,0,0,0,0,0,0,0,0,0,0,0,0,0,0,0,0,0,0,0,0,0,0,0,0,0,0,0,0,0,0,0,0,0,0,0,0,0,0,0,0,0,0,0,0,0,0,0,0,0,0,0,0,0,0,0,0,0,0,0,0,0,0,0,0,0,0,0,0,0,0,0,0,0,0,0,0,0,0,0,0,0,0,0,0,0,0,0,0,0,0,0,0,0,0,0,0,0,0,0,0,0,0,0,0,0,0,0,0,0,0,0
SRR8417378,0.0625,0,0.04807692307692308,0,0.014423076923076924,0.091346153846153841,0.004807692307692308,0.052884615384615384,0.043269230769230768,0.13942307692307693,0,0,0.0096153846153846159,0.02403846153846154,0,0.019230769230769232,0.033653846153846152,0.076923076923076927,0,0.014423076923076924,0,0,0,0,0.0096153846153846159,0.028846153846153848,0.033653846153846152,0,0.019230769230769232,0,0,0,0,0,0,0.125,0,0,0,0,0,0.019230769230769232,0,0.072115384615384609,0,0,0,0,0,0.004807692307692308,0,0,0,0,0,0,0,0,0,0,0,0,0,0,0.014423076923076924,0.014423076923076924,0.014423076923076924,0.004807692307692308,0.004807692307692308,0,0,0,0,0,0,0,0,0,0,0,0,0,0,0,0,0,0,0,0,0,0,0,0,0,0,0,0,0,0,0,0,0,0,0,0,0,0,0,0,0,0,0,0,0,0,0,0,0,0,0,0,0,0,0,0,0,0,0,0,0,0,0,0,0,0,0,0,0,0,0,0,0,0,0,0,0,0,0,0,0,0,0,0,0,0,0,0,0,0,0,0,0,0,0,0,0,0,0,0,0,0,0,0,0,0,0,0,0,0,0,0,0,0,0,0,0,0,0
SRR8417379,0.41666666666666669,0,0,0.5,0,0,0,0,0,0,0,0,0,0,0,0,0,0,0,0,0,0,0,0,0.083333333333333329,0,0,0,0,0,0,0,0,0,0,0,0,0,0,0,0,0,0,0,0,0,0,0,0,0,0,0,0,0,0,0,0,0,0,0,0,0,0,0,0,0,0,0,0,0,0,0,0,0,0,0,0,0,0,0,0,0,0,0,0,0,0,0,0,0,0,0,0,0,0,0,0,0,0,0,0,0,0,0,0,0,0,0,0,0,0,0,0,0,0,0,0,0,0,0,0,0,0,0,0,0,0,0,0,0,0,0,0,0,0,0,0,0,0,0,0,0,0,0,0,0,0,0,0,0,0,0,0,0,0,0,0,0,0,0,0,0,0,0,0,0,0,0,0,0,0,0,0,0,0,0,0,0,0,0,0,0,0,0,0,0,0,0
SRR8417380,0.18864468864468864,0,0,0.16483516483516483,0,0,0,0,0.065934065934065936,0.20146520146520147,0,0.16117216117216118,0,0,0,0.0018315018315018315,0,0.093406593406593408,0.0018315018315018315,0.003663003663003663,0,0,0.0018315018315018315,0,0,0.020146520146520148,0.0054945054945054949,0,0,0,0,0,0,0,0,0,0,0,0,0,0.0091575091575091579,0.065934065934065936,0,0,0,0,0,0,0,0,0,0.0018315018315018315,0,0,0,0,0,0,0,0,0,0,0.0054945054945054949,0,0,0,0,0,0,0.0018315018315018315,0.0018315018315018315,0.0018315018315018315,0.0018315018315018315,0,0,0,0,0,0,0,0,0,0,0,0,0,0,0,0,0,0,0,0,0,0,0,0,0,0,0,0,0,0,0,0,0,0,0,0,0,0,0,0,0,0,0,0,0,0,0,0,0,0,0,0,0,0,0,0,0,0,0,0,0,0,0,0,0,0,0,0,0,0,0,0,0,0,0,0,0,0,0,0,0,0,0,0,0,0,0,0,0,0,0,0,0,0,0,0,0,0,0,0,0,0,0,0,0,0,0,0,0,0,0,0,0,0,0
SRR8417381,0.07407407407407407,0.024691358024691357,0,0.086419753086419748,0,0.061728395061728392,0,0.086419753086419748,0,0,0,0,0,0,0,0,0,0.012345679012345678,0.024691358024691357,0,0.16049382716049382,0,0,0,0,0.012345679012345678,0,0,0,0.012345679012345678,0,0,0,0,0,0.037037037037037035,0,0,0,0.1111111111111111,0.12345679012345678,0.037037037037037035,0,0,0,0,0.012345679012345678,0,0,0,0,0,0,0,0,0,0,0,0,0,0,0,0,0,0,0,0,0,0,0,0,0,0,0.024691358024691357,0.061728395061728392,0.037037037037037035,0,0,0,0,0,0,0,0,0,0,0,0,0,0,0,0,0,0,0,0,0,0,0,0,0,0,0,0,0,0,0,0,0,0,0,0,0,0,0,0,0,0,0,0,0,0,0,0,0,0,0,0,0,0,0,0,0,0,0,0,0,0,0,0,0,0,0,0,0,0,0,0,0,0,0,0,0,0,0,0,0,0,0,0,0,0,0,0,0,0,0,0,0,0,0,0,0,0,0,0,0,0,0,0,0,0,0,0,0,0,0,0
SRR8417382,0.00054734537493158185,0,0,0.0029191753329684362,0,0.0038314176245210726,0,0,0.00072979383324210906,0.00091224229155263637,0.00018244845831052726,0,0,0,0.0018244845831052727,0.00018244845831052726,0,0.011311804415252692,0,0.00091224229155263637,0,0.0021893814997263274,0,0,0.00072979383324210906,0.00054734537493158185,0.0016420361247947454,0,0.00091224229155263637,0,0.00054734537493158185,0,0,0,0,0.001277139208173691,0,0,0,0.0067505929574895093,0.91278963692756798,0.010399562123700055,0,0,0,0,0.00018244845831052726,0,0.00018244845831052726,0,0.00091224229155263637,0.00018244845831052726,0,0,0,0.00036489691662105453,0,0.0016420361247947454,0,0,0,0,0,0,0,0,0,0,0,0.00054734537493158185,0,0,0,0,0,0.0043787629994526548,0.020616675789089583,0.0027367268746579091,0.0016420361247947454,0.002554278416347382,0.00018244845831052726,0.0016420361247947454,0.00036489691662105453,0.00036489691662105453,0.00018244845831052726,0.00018244845831052726,0,0,0,0,0,0,0,0,0,0,0,0,0,0,0,0,0,0,0,0,0,0,0,0,0,0,0,0,0,0,0,0,0,0,0,0,0,0,0,0,0,0,0,0,0,0,0,0,0,0,0,0,0,0,0,0,0,0,0,0,0,0,0,0,0,0,0,0,0,0,0,0,0,0,0,0,0,0,0,0,0,0,0,0,0,0,0,0,0,0,0,0,0,0,0,0,0,0,0,0,0,0
SRR8417383,0.20261437908496732,0.013071895424836602,0,0,0,0.084967320261437912,0,0,0.032679738562091505,0.084967320261437912,0,0.045751633986928102,0,0,0,0,0,0.0065359477124183009,0.0065359477124183009,0.058823529411764705,0,0,0,0,0,0,0.032679738562091505,0.0065359477124183009,0,0.019607843137254902,0,0,0,0,0,0.052287581699346407,0.019607843137254902,0,0,0,0.0065359477124183009,0.019607843137254902,0.0065359477124183009,0,0,0.013071895424836602,0,0,0,0,0,0,0,0,0,0,0,0,0,0,0,0,0,0,0,0,0,0,0,0,0,0,0,0,0,0,0,0,0,0,0,0,0,0,0,0,0.28104575163398693,0.0065359477124183009,0,0,0,0,0,0,0,0,0,0,0,0,0,0,0,0,0,0,0,0,0,0,0,0,0,0,0,0,0,0,0,0,0,0,0,0,0,0,0,0,0,0,0,0,0,0,0,0,0,0,0,0,0,0,0,0,0,0,0,0,0,0,0,0,0,0,0,0,0,0,0,0,0,0,0,0,0,0,0,0,0,0,0,0,0,0,0,0,0,0,0,0,0,0,0,0,0,0,0,0
SRR8417384,0.012931034482758621,0,0.0086206896551724137,0,0,0.11637931034482758,0.0021551724137931034,0,0.0625,0.032327586206896554,0,0.19827586206896552,0,0,0.0021551724137931034,0.032327586206896554,0,0.058189655172413791,0.010775862068965518,0.0086206896551724137,0,0,0.0021551724137931034,0,0,0,0.012931034482758621,0,0,0.0043103448275862068,0.0064655172413793103,0,0,0,0,0.040948275862068964,0.0086206896551724137,0,0,0,0,0.023706896551724137,0.015086206896551725,0,0,0.0021551724137931034,0,0,0.0021551724137931034,0,0.0021551724137931034,0.0021551724137931034,0,0,0.0021551724137931034,0,0,0,0,0,0.0064655172413793103,0,0,0,0,0,0,0,0.0043103448275862068,0,0,0,0,0,0,0,0,0,0,0,0,0,0,0,0.03017241379310345,0,0.25,0,0.034482758620689655,0.0021551724137931034,0.0021551724137931034,0,0,0,0,0,0,0,0,0,0,0,0,0,0,0,0,0,0,0,0,0,0,0,0,0,0,0,0,0,0,0,0,0,0,0,0,0,0,0,0,0,0,0,0,0,0,0,0,0,0,0,0,0,0,0,0,0,0,0,0,0,0,0,0,0,0,0,0,0,0,0,0,0,0,0,0,0,0,0,0,0,0,0,0,0,0,0,0,0,0,0,0,0,0,0,0,0
SRR8417385,0.5,0,0,0,0.055555555555555552,0,0,0,0.055555555555555552,0,0,0,0,0,0,0,0,0,0,0,0.055555555555555552,0,0,0,0,0,0,0,0,0,0,0,0,0,0,0,0,0,0,0,0,0,0,0,0,0,0,0,0,0,0.1111111111111111,0,0,0,0,0,0,0,0,0,0,0,0,0,0,0,0,0,0,0,0,0,0,0,0,0,0,0,0,0,0,0,0,0,0,0,0,0,0,0,0,0.1111111111111111,0.055555555555555552,0.055555555555555552,0,0,0,0,0,0,0,0,0,0,0,0,0,0,0,0,0,0,0,0,0,0,0,0,0,0,0,0,0,0,0,0,0,0,0,0,0,0,0,0,0,0,0,0,0,0,0,0,0,0,0,0,0,0,0,0,0,0,0,0,0,0,0,0,0,0,0,0,0,0,0,0,0,0,0,0,0,0,0,0,0,0,0,0,0,0,0,0,0,0,0,0,0,0
SRR8417386,0,0,0,0,0,0,0,0,0.25,0,0,0,0,0,0.083333333333333329,0,0,0,0,0,0,0,0,0,0,0,0.66666666666666663,0,0,0,0,0,0,0,0,0,0,0,0,0,0,0,0,0,0,0,0,0,0,0,0,0,0,0,0,0,0,0,0,0,0,0,0,0,0,0,0,0,0,0,0,0,0,0,0,0,0,0,0,0,0,0,0,0,0,0,0,0,0,0,0,0,0,0,0,0,0,0,0,0,0,0,0,0,0,0,0,0,0,0,0,0,0,0,0,0,0,0,0,0,0,0,0,0,0,0,0,0,0,0,0,0,0,0,0,0,0,0,0,0,0,0,0,0,0,0,0,0,0,0,0,0,0,0,0,0,0,0,0,0,0,0,0,0,0,0,0,0,0,0,0,0,0,0,0,0,0,0,0,0,0,0,0,0,0,0,0,0
SRR8417387,0.5,0,0,0,0,0,0,0,0,0,0,0,0,0,0,0,0,0,0,0,0,0,0,0,0,0,0.16666666666666666,0.16666666666666666,0,0,0,0,0,0,0,0,0,0,0,0,0,0,0,0,0,0,0,0,0,0,0.16666666666666666,0,0,0,0,0,0,0,0,0,0,0,0,0,0,0,0,0,0,0,0,0,0,0,0,0,0,0,0,0,0,0,0,0,0,0,0,0,0,0,0,0,0,0,0,0,0,0,0,0,0,0,0,0,0,0,0,0,0,0,0,0,0,0,0,0,0,0,0,0,0,0,0,0,0,0,0,0,0,0,0,0,0,0,0,0,0,0,0,0,0,0,0,0,0,0,0,0,0,0,0,0,0,0,0,0,0,0,0,0,0,0,0,0,0,0,0,0,0,0,0,0,0,0,0,0,0,0,0,0,0,0,0,0,0,0,0,0
SRR8417388,0.2857142857142857,0,0,0.14285714285714285,0,0.14285714285714285,0,0,0.2857142857142857,0,0,0,0,0,0,0,0,0,0,0,0,0,0,0,0,0,0.14285714285714285,0,0,0,0,0,0,0,0,0,0,0,0,0,0,0,0,0,0,0,0,0,0,0,0,0,0,0,0,0,0,0,0,0,0,0,0,0,0,0,0,0,0,0,0,0,0,0,0,0,0,0,0,0,0,0,0,0,0,0,0,0,0,0,0,0,0,0,0,0,0,0,0,0,0,0,0,0,0,0,0,0,0,0,0,0,0,0,0,0,0,0,0,0,0,0,0,0,0,0,0,0,0,0,0,0,0,0,0,0,0,0,0,0,0,0,0,0,0,0,0,0,0,0,0,0,0,0,0,0,0,0,0,0,0,0,0,0,0,0,0,0,0,0,0,0,0,0,0,0,0,0,0,0,0,0,0,0,0,0,0,0
SRR8417389,0.58333333333333337,0,0,0.16666666666666666,0,0,0,0,0,0,0,0,0,0,0.083333333333333329,0,0,0,0,0.083333333333333329,0,0,0,0,0,0,0,0,0,0,0,0,0,0,0,0.083333333333333329,0,0,0,0,0,0,0,0,0,0,0,0,0,0,0,0,0,0,0,0,0,0,0,0,0,0,0,0,0,0,0,0,0,0,0,0,0,0,0,0,0,0,0,0,0,0,0,0,0,0,0,0,0,0,0,0,0,0,0,0,0,0,0,0,0,0,0,0,0,0,0,0,0,0,0,0,0,0,0,0,0,0,0,0,0,0,0,0,0,0,0,0,0,0,0,0,0,0,0,0,0,0,0,0,0,0,0,0,0,0,0,0,0,0,0,0,0,0,0,0,0,0,0,0,0,0,0,0,0,0,0,0,0,0,0,0,0,0,0,0,0,0,0,0,0,0,0,0,0,0,0,0
SRR8417394,0.01358695652173913,0.024456521739130436,0,0,0,0.008152173913043478,0,0,0.029891304347826088,0.58423913043478259,0.05434782608695652,0.016304347826086956,0.010869565217391304,0,0,0.02717391304347826,0,0,0.059782608695652176,0,0,0.002717391304347826,0,0,0.01358695652173913,0.035326086956521736,0,0,0,0,0.002717391304347826,0,0,0,0,0,0,0,0,0,0,0.01358695652173913,0,0,0.002717391304347826,0.005434782608695652,0,0.008152173913043478,0,0,0,0.002717391304347826,0,0,0,0,0,0,0,0,0,0,0.005434782608695652,0,0,0,0,0,0,0,0,0,0,0,0,0,0,0,0,0.002717391304347826,0.002717391304347826,0,0,0,0.01358695652173913,0,0,0,0,0,0,0.002717391304347826,0,0,0.048913043478260872,0.008152173913043478,0,0,0,0,0,0,0,0,0,0,0,0,0,0,0,0,0,0,0,0,0,0,0,0,0,0,0,0,0,0,0,0,0,0,0,0,0,0,0,0,0,0,0,0,0,0,0,0,0,0,0,0,0,0,0,0,0,0,0,0,0,0,0,0,0,0,0,0,0,0,0,0,0,0,0,0,0,0,0,0,0,0,0,0,0,0,0,0,0,0,0,0
SRR8417395,0.35618479880774961,0.037257824143070044,0.0014903129657228018,0.31594634873323396,0,0,0.0044709388971684054,0,0.03129657228017884,0.026825633383010434,0,0,0.0029806259314456036,0,0,0.0059612518628912071,0,0.064083457526080481,0.0089418777943368107,0,0,0,0.0029806259314456036,0,0.0059612518628912071,0.0029806259314456036,0.0044709388971684054,0.0059612518628912071,0,0,0,0,0,0,0,0.017883755588673621,0.0014903129657228018,0,0,0,0.017883755588673621,0.020864381520119227,0,0.011922503725782414,0,0.0014903129657228018,0,0,0,0.0029806259314456036,0.0059612518628912071,0,0,0,0,0,0,0,0,0,0,0,0,0,0,0,0.0014903129657228018,0,0,0,0,0,0,0,0,0,0,0,0,0,0,0,0,0,0.035767511177347243,0,0,0,0,0,0,0,0,0,0,0.0029806259314456036,0.0014903129657228018,0,0,0,0,0,0,0,0,0,0,0,0,0,0,0,0,0,0,0,0,0,0,0,0,0,0,0,0,0,0,0,0,0,0,0,0,0,0,0,0,0,0,0,0,0,0,0,0,0,0,0,0,0,0,0,0,0,0,0,0,0,0,0,0,0,0,0,0,0,0,0,0,0,0,0,0,0,0,0,0,0,0,0,0,0,0,0,0,0,0,0
SRR8417396,0.024509803921568627,0,0.0049019607843137254,0.019607843137254902,0,0,0,0,0.0098039215686274508,0.0049019607843137254,0,0,0,0,0,0,0,0.063725490196078427,0,0,0,0,0,0,0,0.014705882352941176,0.0049019607843137254,0,0.12745098039215685,0,0,0,0,0,0,0,0,0.0049019607843137254,0,0,0.50980392156862742,0.0098039215686274508,0,0.014705882352941176,0,0.0049019607843137254,0.029411764705882353,0,0.034313725490196081,0.0098039215686274508,0,0.0049019607843137254,0,0,0,0,0,0,0,0.014705882352941176,0,0,0,0,0,0,0,0,0,0,0,0,0,0,0,0,0,0.014705882352941176,0,0,0,0,0,0,0.0098039215686274508,0,0,0,0,0,0,0,0,0,0,0.0049019607843137254,0,0.014705882352941176,0.014705882352941176,0.0049019607843137254,0.0098039215686274508,0.0049019607843137254,0.0098039215686274508,0,0,0,0,0,0,0,0,0,0,0,0,0,0,0,0,0,0,0,0,0,0,0,0,0,0,0,0,0,0,0,0,0,0,0,0,0,0,0,0,0,0,0,0,0,0,0,0,0,0,0,0,0,0,0,0,0,0,0,0,0,0,0,0,0,0,0,0,0,0,0,0,0,0,0,0,0,0,0,0,0,0,0,0,0
SRR8417398,0,0,0,0,0,0,0,0,0.073170731707317069,0.065040650406504072,0.044715447154471545,0.12195121951219512,0,0,0,0,0,0,0,0,0,0,0,0,0,0,0,0,0,0,0,0,0.032520325203252036,0,0,0,0.085365853658536592,0,0,0.065040650406504072,0,0,0,0,0,0,0,0,0.0040650406504065045,0,0,0,0.04878048780487805,0,0.0040650406504065045,0,0,0.065040650406504072,0,0.016260162601626018,0,0,0,0,0,0.008130081300813009,0,0,0,0,0,0,0,0,0,0,0,0,0,0,0,0,0.008130081300813009,0,0,0,0,0,0,0,0,0.15040650406504066,0,0,0,0,0,0,0,0,0,0,0,0.17073170731707318,0.016260162601626018,0.016260162601626018,0.0040650406504065045,0,0,0,0,0,0,0,0,0,0,0,0,0,0,0,0,0,0,0,0,0,0,0,0,0,0,0,0,0,0,0,0,0,0,0,0,0,0,0,0,0,0,0,0,0,0,0,0,0,0,0,0,0,0,0,0,0,0,0,0,0,0,0,0,0,0,0,0,0,0,0,0,0,0,0,0,0,0,0,0,0
SRR8417399,0.27549947423764459,0.010515247108307046,0,0,0,0.094637223974763401,0,0,0.030494216614090432,0.05573080967402734,0,0.004206098843322818,0,0,0,0.0010515247108307045,0,0.023133543638275498,0.27444794952681389,0,0,0,0,0.0010515247108307045,0.016824395373291272,0.0084121976866456359,0,0.0094637223974763408,0,0,0.0073606729758149319,0,0,0,0,0.0031545741324921135,0,0,0,0,0,0.017875920084121977,0,0,0,0,0,0,0,0.013669821240799159,0,0,0,0,0,0,0.004206098843322818,0,0,0,0,0,0,0,0,0,0,0,0,0,0,0,0,0,0,0,0,0,0,0,0,0,0,0,0.002103049421661409,0,0,0,0,0.0010515247108307045,0,0,0,0,0.14300736067297581,0.0010515247108307045,0,0,0,0,0,0,0,0,0.0010515247108307045,0,0,0,0,0,0,0,0,0,0,0,0,0,0,0,0,0,0,0,0,0,0,0,0,0,0,0,0,0,0,0,0,0,0,0,0,0,0,0,0,0,0,0,0,0,0,0,0,0,0,0,0,0,0,0,0,0,0,0,0,0,0,0,0,0,0,0,0,0,0,0,0,0,0,0,0,0,0,0,0,0,0,0
SRR8417400,0,0,0,0.42857142857142855,0,0.14285714285714285,0,0,0,0,0,0,0,0,0.071428571428571425,0,0,0,0,0,0,0,0.071428571428571425,0,0,0,0.14285714285714285,0,0,0,0,0,0,0,0,0,0,0,0,0,0,0.071428571428571425,0,0,0,0,0,0,0,0,0,0,0,0,0,0,0,0,0,0,0,0,0,0,0,0,0,0,0,0,0,0,0,0,0,0,0,0,0,0,0,0,0,0,0,0,0,0,0,0,0,0,0,0.071428571428571425,0,0,0,0,0,0,0,0,0,0,0,0,0,0,0,0,0,0,0,0,0,0,0,0,0,0,0,0,0,0,0,0,0,0,0,0,0,0,0,0,0,0,0,0,0,0,0,0,0,0,0,0,0,0,0,0,0,0,0,0,0,0,0,0,0,0,0,0,0,0,0,0,0,0,0,0,0,0,0,0,0,0,0,0,0,0,0,0,0,0,0,0,0,0
SRR8417401,0.14285714285714285,0,0,0.047619047619047616,0,0,0,0,0.047619047619047616,0,0,0,0,0.047619047619047616,0,0,0,0,0,0,0,0,0.047619047619047616,0,0,0,0.095238095238095233,0,0,0,0,0,0,0,0,0,0.14285714285714285,0,0,0,0.047619047619047616,0,0,0,0,0,0,0,0,0,0.19047619047619047,0,0.047619047619047616,0,0,0,0,0,0,0,0,0,0,0,0,0,0,0.047619047619047616,0,0,0,0,0,0,0,0,0,0,0,0.047619047619047616,0,0,0,0,0,0,0,0,0,0,0,0.047619047619047616,0,0,0,0,0,0,0,0,0,0,0,0,0,0,0,0,0,0,0,0,0,0,0,0,0,0,0,0,0,0,0,0,0,0,0,0,0,0,0,0,0,0,0,0,0,0,0,0,0,0,0,0,0,0,0,0,0,0,0,0,0,0,0,0,0,0,0,0,0,0,0,0,0,0,0,0,0,0,0,0,0,0,0,0,0,0,0,0,0,0,0,0,0,0,0,0
SRR8417404,0.6428571428571429,0,0,0.14285714285714285,0,0,0.017857142857142856,0,0,0.035714285714285712,0,0,0,0,0.017857142857142856,0.017857142857142856,0,0.035714285714285712,0.035714285714285712,0,0,0,0,0,0,0,0,0.035714285714285712,0,0.017857142857142856,0,0,0,0,0,0,0,0,0,0,0,0,0,0,0,0,0,0,0,0,0,0,0,0,0,0,0,0,0,0,0,0,0,0,0,0,0,0,0,0,0,0,0,0,0,0,0,0,0,0,0,0,0,0,0,0,0,0,0,0,0,0,0,0,0,0,0,0,0,0,0,0,0,0,0,0,0,0,0,0,0,0,0,0,0,0,0,0,0,0,0,0,0,0,0,0,0,0,0,0,0,0,0,0,0,0,0,0,0,0,0,0,0,0,0,0,0,0,0,0,0,0,0,0,0,0,0,0,0,0,0,0,0,0,0,0,0,0,0,0,0,0,0,0,0,0,0,0,0,0,0,0,0,0,0,0,0,0
SRR8417405,0,0,0,0.1111111111111111,0,0,0,0.1111111111111111,0,0.22222222222222221,0,0.44444444444444442,0,0,0,0,0,0,0,0,0,0,0,0,0.1111111111111111,0,0,0,0,0,0,0,0,0,0,0,0,0,0,0,0,0,0,0,0,0,0,0,0,0,0,0,0,0,0,0,0,0,0,0,0,0,0,0,0,0,0,0,0,0,0,0,0,0,0,0,0,0,0,0,0,0,0,0,0,0,0,0,0,0,0,0,0,0,0,0,0,0,0,0,0,0,0,0,0,0,0,0,0,0,0,0,0,0,0,0,0,0,0,0,0,0,0,0,0,0,0,0,0,0,0,0,0,0,0,0,0,0,0,0,0,0,0,0,0,0,0,0,0,0,0,0,0,0,0,0,0,0,0,0,0,0,0,0,0,0,0,0,0,0,0,0,0,0,0,0,0,0,0,0,0,0,0,0,0,0,0,0
SRR8417406,1,0,0,0,0,0,0,0,0,0,0,0,0,0,0,0,0,0,0,0,0,0,0,0,0,0,0,0,0,0,0,0,0,0,0,0,0,0,0,0,0,0,0,0,0,0,0,0,0,0,0,0,0,0,0,0,0,0,0,0,0,0,0,0,0,0,0,0,0,0,0,0,0,0,0,0,0,0,0,0,0,0,0,0,0,0,0,0,0,0,0,0,0,0,0,0,0,0,0,0,0,0,0,0,0,0,0,0,0,0,0,0,0,0,0,0,0,0,0,0,0,0,0,0,0,0,0,0,0,0,0,0,0,0,0,0,0,0,0,0,0,0,0,0,0,0,0,0,0,0,0,0,0,0,0,0,0,0,0,0,0,0,0,0,0,0,0,0,0,0,0,0,0,0,0,0,0,0,0,0,0,0,0,0,0,0,0,0
SRR8417407,0.017543859649122806,0,0,0,0,0,0.017543859649122806,0,0.2807017543859649,0.017543859649122806,0.017543859649122806,0,0,0,0,0,0,0.017543859649122806,0,0.017543859649122806,0,0,0.017543859649122806,0,0.017543859649122806,0,0.17543859649122806,0.19298245614035087,0,0,0,0,0,0,0,0,0,0,0,0,0.08771929824561403,0.052631578947368418,0,0,0,0,0,0,0,0,0,0,0,0,0,0,0,0,0,0,0,0,0,0,0,0,0,0,0,0,0,0,0,0,0,0,0,0,0,0,0,0.017543859649122806,0,0,0,0,0,0,0,0,0,0,0,0.035087719298245612,0,0,0,0,0,0,0,0,0,0,0,0,0,0.017543859649122806,0,0,0,0,0,0,0,0,0,0,0,0,0,0,0,0,0,0,0,0,0,0,0,0,0,0,0,0,0,0,0,0,0,0,0,0,0,0,0,0,0,0,0,0,0,0,0,0,0,0,0,0,0,0,0,0,0,0,0,0,0,0,0,0,0,0,0,0,0,0,0,0,0,0,0,0,0,0,0,0
SRR8417408,0.66666666666666663,0,0,0,0,0,0,0,0,0,0,0,0,0,0,0,0,0,0,0,0,0,0,0,0,0,0,0,0,0,0,0,0,0,0,0,0,0,0,0,0.33333333333333331,0,0,0,0,0,0,0,0,0,0,0,0,0,0,0,0,0,0,0,0,0,0,0,0,0,0,0,0,0,0,0,0,0,0,0,0,0,0,0,0,0,0,0,0,0,0,0,0,0,0,0,0,0,0,0,0,0,0,0,0,0,0,0,0,0,0,0,0,0,0,0,0,0,0,0,0,0,0,0,0,0,0,0,0,0,0,0,0,0,0,0,0,0,0,0,0,0,0,0,0,0,0,0,0,0,0,0,0,0,0,0,0,0,0,0,0,0,0,0,0,0,0,0,0,0,0,0,0,0,0,0,0,0,0,0,0,0,0,0,0,0,0,0,0,0,0,0
SRR8417409,0,0,0,0.040000000000000001,0,0,0,0,0.23999999999999999,0,0,0,0,0,0,0.040000000000000001,0,0.080000000000000002,0,0,0,0,0,0,0,0,0,0,0,0,0,0,0,0,0,0,0.040000000000000001,0,0,0,0,0,0,0,0,0,0.12,0,0,0,0,0,0.44,0,0,0,0,0,0,0,0,0,0,0,0,0,0,0,0,0,0,0,0,0,0,0,0,0,0,0,0,0,0,0,0,0,0,0,0,0,0,0,0,0,0,0,0,0,0,0,0,0,0,0,0,0,0,0,0,0,0,0,0,0,0,0,0,0,0,0,0,0,0,0,0,0,0,0,0,0,0,0,0,0,0,0,0,0,0,0,0,0,0,0,0,0,0,0,0,0,0,0,0,0,0,0,0,0,0,0,0,0,0,0,0,0,0,0,0,0,0,0,0,0,0,0,0,0,0,0,0,0,0,0,0,0,0,0
SRR8417410,0.56521739130434778,0,0,0,0,0,0,0,0,0.043478260869565216,0,0,0,0,0,0,0,0,0,0,0,0,0,0,0,0,0,0,0,0,0,0,0,0,0,0.086956521739130432,0,0,0,0,0.21739130434782608,0,0,0,0,0,0,0,0,0,0,0,0.043478260869565216,0,0,0,0,0,0,0,0,0,0,0,0,0,0,0,0,0,0,0,0,0,0,0,0,0,0,0,0,0,0,0,0,0,0,0,0,0,0,0.043478260869565216,0,0,0,0,0,0,0,0,0,0,0,0,0,0,0,0,0,0,0,0,0,0,0,0,0,0,0,0,0,0,0,0,0,0,0,0,0,0,0,0,0,0,0,0,0,0,0,0,0,0,0,0,0,0,0,0,0,0,0,0,0,0,0,0,0,0,0,0,0,0,0,0,0,0,0,0,0,0,0,0,0,0,0,0,0,0,0,0,0,0,0,0,0,0,0,0
SRR8417411,0,0,0,0,0,0,0,0,0,0,0,0,0,0,0,0,0,0,0,0,0,0,0,0,0,0,0.80000000000000004,0,0,0,0,0,0,0,0,0,0,0,0,0,0,0.20000000000000001,0,0,0,0,0,0,0,0,0,0,0,0,0,0,0,0,0,0,0,0,0,0,0,0,0,0,0,0,0,0,0,0,0,0,0,0,0,0,0,0,0,0,0,0,0,0,0,0,0,0,0,0,0,0,0,0,0,0,0,0,0,0,0,0,0,0,0,0,0,0,0,0,0,0,0,0,0,0,0,0,0,0,0,0,0,0,0,0,0,0,0,0,0,0,0,0,0,0,0,0,0,0,0,0,0,0,0,0,0,0,0,0,0,0,0,0,0,0,0,0,0,0,0,0,0,0,0,0,0,0,0,0,0,0,0,0,0,0,0,0,0,0,0,0,0,0
SRR8417412,0,0,0.072607260726072612,0,0,0.15841584158415842,0,0,0.19141914191419143,0.019801980198019802,0,0.082508250825082508,0,0,0,0.023102310231023101,0,0.049504950495049507,0,0.033003300330033,0,0,0.0033003300330033004,0,0.042904290429042903,0.0099009900990099011,0.0099009900990099011,0,0,0,0.0033003300330033004,0,0,0,0,0.0033003300330033004,0,0,0,0,0,0.036303630363036306,0.0033003300330033004,0,0,0.0066006600660066007,0.07590759075907591,0,0,0.0033003300330033004,0,0,0,0,0,0,0,0,0.0033003300330033004,0,0,0,0,0,0,0,0.0033003300330033004,0,0,0,0,0,0,0,0,0,0,0,0,0,0,0,0,0,0.13531353135313531,0,0,0,0,0,0,0,0,0,0,0,0,0,0,0,0,0,0,0.026402640264026403,0,0,0,0,0.0033003300330033004,0,0,0,0,0,0,0,0,0,0,0,0,0,0,0,0,0,0,0,0,0,0,0,0,0,0,0,0,0,0,0,0,0,0,0,0,0,0,0,0,0,0,0,0,0,0,0,0,0,0,0,0,0,0,0,0,0,0,0,0,0,0,0,0,0,0,0,0,0,0,0,0,0,0,0,0,0,0,0
SRR8417413,0.0043859649122807015,0,0,0,0,0.083333333333333329,0,0,0.021929824561403508,0,0.008771929824561403,0.6271929824561403,0,0,0,0,0.0043859649122807015,0,0,0.0043859649122807015,0,0,0,0,0.0043859649122807015,0.05701754385964912,0.008771929824561403,0,0,0,0,0,0,0,0,0,0,0,0,0,0.0043859649122807015,0,0.0043859649122807015,0,0,0,0,0,0,0,0,0.0043859649122807015,0.048245614035087717,0,0,0,0,0,0,0,0,0,0,0,0,0,0,0,0,0.0043859649122807015,0,0,0,0,0,0,0,0,0,0.039473684210526314,0,0,0,0,0.008771929824561403,0,0,0,0,0,0,0.030701754385964911,0,0,0,0.026315789473684209,0,0,0,0,0,0,0,0,0,0,0,0,0,0.0043859649122807015,0,0,0,0,0,0,0,0,0,0,0,0,0,0,0,0,0,0,0,0,0,0,0,0,0,0,0,0,0,0,0,0,0,0,0,0,0,0,0,0,0,0,0,0,0,0,0,0,0,0,0,0,0,0,0,0,0,0,0,0,0,0,0,0,0,0,0,0,0,0,0,0,0,0,0,0,0,0
SRR8417414,0.46808510638297873,0,0,0.031914893617021274,0.1702127659574468,0.063829787234042548,0,0,0.021276595744680851,0.010638297872340425,0,0,0,0,0,0,0,0.074468085106382975,0,0,0,0,0,0,0.010638297872340425,0.010638297872340425,0,0,0,0,0,0,0,0,0,0,0,0,0,0,0,0.021276595744680851,0,0,0,0,0.031914893617021274,0,0,0,0.010638297872340425,0,0,0,0,0,0,0,0,0,0,0,0,0,0,0,0,0,0,0,0,0,0,0,0,0,0,0,0,0,0,0,0,0,0,0,0,0,0,0,0,0,0,0,0.074468085106382975,0,0,0,0,0,0,0,0,0,0,0,0,0,0,0,0,0,0,0,0,0,0,0,0,0,0,0,0,0,0,0,0,0,0,0,0,0,0,0,0,0,0,0,0,0,0,0,0,0,0,0,0,0,0,0,0,0,0,0,0,0,0,0,0,0,0,0,0,0,0,0,0,0,0,0,0,0,0,0,0,0,0,0,0,0,0,0,0,0,0,0,0,0
SRR8417415,0.25423728813559321,0,0,0,0,0.4152542372881356,0,0,0.093220338983050849,0.033898305084745763,0,0,0,0,0.0084745762711864406,0,0,0.059322033898305086,0.050847457627118647,0.016949152542372881,0,0,0,0,0.033898305084745763,0,0,0,0,0,0,0,0,0,0,0,0,0,0,0,0,0.025423728813559324,0,0,0,0,0,0,0,0,0,0.0084745762711864406,0,0,0,0,0,0,0,0,0,0,0,0,0,0,0,0,0,0,0,0,0,0,0,0,0,0,0,0,0,0,0,0,0,0,0,0,0,0,0,0,0,0,0,0,0,0,0,0,0,0,0,0,0,0,0,0,0,0,0,0,0,0,0,0,0,0,0,0,0,0,0,0,0,0,0,0,0,0,0,0,0,0,0,0,0,0,0,0,0,0,0,0,0,0,0,0,0,0,0,0,0,0,0,0,0,0,0,0,0,0,0,0,0,0,0,0,0,0,0,0,0,0,0,0,0,0,0,0,0,0,0,0,0,0,0,0
SRR8417416,0,0,0,0,0,0,0,0,0.23076923076923078,0,0,0,0,0,0,0,0,0,0,0,0,0,0,0,0,0,0,0,0,0,0,0,0.076923076923076927,0,0,0,0,0,0,0,0.69230769230769229,0,0,0,0,0,0,0,0,0,0,0,0,0,0,0,0,0,0,0,0,0,0,0,0,0,0,0,0,0,0,0,0,0,0,0,0,0,0,0,0,0,0,0,0,0,0,0,0,0,0,0,0,0,0,0,0,0,0,0,0,0,0,0,0,0,0,0,0,0,0,0,0,0,0,0,0,0,0,0,0,0,0,0,0,0,0,0,0,0,0,0,0,0,0,0,0,0,0,0,0,0,0,0,0,0,0,0,0,0,0,0,0,0,0,0,0,0,0,0,0,0,0,0,0,0,0,0,0,0,0,0,0,0,0,0,0,0,0,0,0,0,0,0,0,0,0,0
SRR8417417,0.42857142857142855,0,0,0,0,0,0,0,0,0,0,0,0,0,0,0,0,0.5714285714285714,0,0,0,0,0,0,0,0,0,0,0,0,0,0,0,0,0,0,0,0,0,0,0,0,0,0,0,0,0,0,0,0,0,0,0,0,0,0,0,0,0,0,0,0,0,0,0,0,0,0,0,0,0,0,0,0,0,0,0,0,0,0,0,0,0,0,0,0,0,0,0,0,0,0,0,0,0,0,0,0,0,0,0,0,0,0,0,0,0,0,0,0,0,0,0,0,0,0,0,0,0,0,0,0,0,0,0,0,0,0,0,0,0,0,0,0,0,0,0,0,0,0,0,0,0,0,0,0,0,0,0,0,0,0,0,0,0,0,0,0,0,0,0,0,0,0,0,0,0,0,0,0,0,0,0,0,0,0,0,0,0,0,0,0,0,0,0,0,0,0
SRR8417418,0.0052910052910052907,0,0,0.082010582010582006,0,0.26984126984126983,0.015873015873015872,0,0.0079365079365079361,0.0026455026455026454,0.013227513227513227,0,0,0,0,0,0,0.089947089947089942,0.015873015873015872,0,0,0,0,0,0.010582010582010581,0,0.026455026455026454,0.0052910052910052907,0.0026455026455026454,0.0079365079365079361,0,0,0,0,0,0.013227513227513227,0,0,0,0,0.0052910052910052907,0.092592592592592587,0.0052910052910052907,0,0,0,0.0079365079365079361,0,0,0.0052910052910052907,0.0079365079365079361,0.021164021164021163,0,0,0,0,0,0,0,0,0,0,0,0,0,0,0.0052910052910052907,0,0,0.0079365079365079361,0,0,0,0,0,0,0,0,0,0.10317460317460317,0,0,0,0,0,0,0,0,0,0,0,0.11904761904761904,0,0,0,0.0052910052910052907,0,0,0,0,0,0,0,0,0,0,0,0,0,0.013227513227513227,0.015873015873015872,0.0052910052910052907,0.0052910052910052907,0.0026455026455026454,0.0026455026455026454,0,0,0,0,0,0,0,0,0,0,0,0,0,0,0,0,0,0,0,0,0,0,0,0,0,0,0,0,0,0,0,0,0,0,0,0,0,0,0,0,0,0,0,0,0,0,0,0,0,0,0,0,0,0,0,0,0,0,0,0,0,0,0,0,0,0,0,0,0,0,0,0,0
SRR8417419,0.042553191489361701,0,0,0,0,0.11702127659574468,0.010638297872340425,0,0,0,0,0,0,0,0,0,0,0.031914893617021274,0.021276595744680851,0,0,0,0,0,0.021276595744680851,0,0,0,0,0,0,0,0,0,0,0,0,0,0,0,0.72340425531914898,0.010638297872340425,0,0,0,0,0,0,0,0,0,0,0,0,0,0,0,0,0,0.010638297872340425,0,0,0,0,0,0,0,0,0,0,0,0,0,0,0,0,0,0,0,0,0,0,0,0,0,0,0,0,0,0,0,0,0,0,0,0,0,0,0,0,0,0,0,0,0,0,0,0,0,0,0,0,0,0,0,0.010638297872340425,0,0,0,0,0,0,0,0,0,0,0,0,0,0,0,0,0,0,0,0,0,0,0,0,0,0,0,0,0,0,0,0,0,0,0,0,0,0,0,0,0,0,0,0,0,0,0,0,0,0,0,0,0,0,0,0,0,0,0,0,0,0,0,0,0,0,0,0,0,0,0,0
SRR8417420,0,0.25,0,0,0.035714285714285712,0.4642857142857143,0,0,0,0,0,0,0,0,0,0,0,0.071428571428571425,0,0,0,0,0,0,0,0,0,0,0.035714285714285712,0,0,0,0,0,0,0,0,0,0,0.071428571428571425,0,0.035714285714285712,0,0,0,0,0,0,0,0.035714285714285712,0,0,0,0,0,0,0,0,0,0,0,0,0,0,0,0,0,0,0,0,0,0,0,0,0,0,0,0,0,0,0,0,0,0,0,0,0,0,0,0,0,0,0,0,0,0,0,0,0,0,0,0,0,0,0,0,0,0,0,0,0,0,0,0,0,0,0,0,0,0,0,0,0,0,0,0,0,0,0,0,0,0,0,0,0,0,0,0,0,0,0,0,0,0,0,0,0,0,0,0,0,0,0,0,0,0,0,0,0,0,0,0,0,0,0,0,0,0,0,0,0,0,0,0,0,0,0,0,0,0,0,0,0,0,0,0,0,0
SRR8417421,0,0,0,0,0,0.57994579945799463,0.021680216802168022,0,0.075880758807588072,0.008130081300813009,0,0,0,0,0,0,0,0.021680216802168022,0,0,0,0,0,0,0.032520325203252036,0,0,0,0,0,0,0,0,0,0,0,0,0,0,0.0027100271002710027,0.20867208672086721,0.027100271002710029,0,0,0,0.0027100271002710027,0,0,0,0,0,0,0,0,0.0027100271002710027,0,0,0,0,0,0,0,0,0,0,0,0,0,0,0,0,0,0,0,0,0,0,0,0,0,0,0,0,0,0,0,0,0,0,0,0,0.016260162601626018,0,0,0,0,0,0,0,0,0,0,0,0,0,0,0,0,0,0,0,0,0,0,0,0,0,0,0,0,0,0,0,0,0,0,0,0,0,0,0,0,0,0,0,0,0,0,0,0,0,0,0,0,0,0,0,0,0,0,0,0,0,0,0,0,0,0,0,0,0,0,0,0,0,0,0,0,0,0,0,0,0,0,0,0,0,0,0,0,0,0,0,0,0,0,0,0
SRR8417422,0.009562841530054645,0,0,0,0,0.01912568306010929,0.01092896174863388,0,0.21311475409836064,0.016393442622950821,0.0027322404371584699,0.001366120218579235,0,0,0,0,0,0.020491803278688523,0.024590163934426229,0.020491803278688523,0,0.039617486338797817,0,0,0,0,0,0,0,0,0.0068306010928961746,0,0,0,0,0.0040983606557377051,0.55054644808743169,0,0,0,0.0068306010928961746,0.030054644808743168,0.001366120218579235,0,0,0,0.0040983606557377051,0.001366120218579235,0.001366120218579235,0,0,0,0,0,0,0,0,0,0,0,0,0,0,0,0,0.001366120218579235,0,0,0,0.0027322404371584699,0,0,0,0,0,0,0,0,0,0,0.001366120218579235,0,0.001366120218579235,0,0,0,0,0,0,0,0,0,0,0,0,0.001366120218579235,0,0,0,0,0,0,0,0,0,0,0,0,0,0,0,0,0,0,0,0,0.001366120218579235,0.0054644808743169399,0,0,0,0,0,0,0,0,0,0,0,0,0,0,0,0,0,0,0,0,0,0,0,0,0,0,0,0,0,0,0,0,0,0,0,0,0,0,0,0,0,0,0,0,0,0,0,0,0,0,0,0,0,0,0,0,0,0,0,0,0,0,0,0,0,0,0,0,0,0
SRR8417423,0.54205607476635509,0,0,0,0,0,0,0,0.065420560747663545,0,0,0,0,0,0,0,0,0.046728971962616821,0,0,0.0093457943925233638,0,0,0,0,0,0,0,0,0,0,0,0.0093457943925233638,0,0,0,0,0,0,0.0093457943925233638,0,0,0,0,0,0,0,0,0,0,0,0,0,0,0.028037383177570093,0,0,0,0,0,0,0,0,0,0,0,0,0,0,0,0,0,0,0,0,0,0,0,0,0,0.0093457943925233638,0,0,0,0,0,0,0,0,0,0,0.037383177570093455,0,0,0,0,0,0,0,0,0,0,0,0,0,0,0,0,0,0,0,0,0,0,0,0,0,0,0.028037383177570093,0.17757009345794392,0.037383177570093455,0,0,0,0,0,0,0,0,0,0,0,0,0,0,0,0,0,0,0,0,0,0,0,0,0,0,0,0,0,0,0,0,0,0,0,0,0,0,0,0,0,0,0,0,0,0,0,0,0,0,0,0,0,0,0,0,0,0,0,0,0,0,0,0,0,0,0
SRR8417424,0.033126293995859216,0.026915113871635612,0,0,0,0,0,0,0.004140786749482402,0,0,0,0,0,0,0,0,0,0,0,0,0.028985507246376812,0,0,0,0.0062111801242236021,0,0,0,0,0,0,0,0,0,0,0,0,0,0.22567287784679088,0,0,0,0,0,0,0,0.010351966873706004,0,0,0,0,0,0,0,0,0,0,0,0,0,0,0,0,0,0,0,0,0,0,0,0,0,0,0,0,0,0.0062111801242236021,0,0,0.018633540372670808,0,0,0,0,0,0,0,0,0,0,0.59627329192546585,0,0,0,0,0,0,0,0,0,0,0,0,0,0,0,0,0,0,0,0,0,0,0,0,0,0,0,0.028985507246376812,0,0.004140786749482402,0.0062111801242236021,0.004140786749482402,0,0,0,0,0,0,0,0,0,0,0,0,0,0,0,0,0,0,0,0,0,0,0,0,0,0,0,0,0,0,0,0,0,0,0,0,0,0,0,0,0,0,0,0,0,0,0,0,0,0,0,0,0,0,0,0,0,0,0,0,0,0,0,0
SRR8417441,0.17553956834532375,0,0.030215827338129497,0,0.0028776978417266188,0.27625899280575539,0,0,0.058992805755395686,0,0,0.053237410071942444,0.0014388489208633094,0,0,0,0,0.10647482014388489,0,0,0,0.0014388489208633094,0,0,0.0043165467625899279,0.0014388489208633094,0.015827338129496403,0,0,0,0.017266187050359712,0,0,0,0,0.014388489208633094,0.0028776978417266188,0,0,0.0028776978417266188,0.017266187050359712,0.0071942446043165471,0.0057553956834532375,0,0,0.0014388489208633094,0,0,0.0014388489208633094,0,0,0.0028776978417266188,0,0,0,0,0,0,0,0,0,0,0,0,0,0,0,0,0,0,0,0,0,0,0,0,0,0,0,0.0057553956834532375,0.0014388489208633094,0,0,0,0.14532374100719425,0,0,0,0,0,0,0,0,0,0.014388489208633094,0,0,0,0,0,0,0.0014388489208633094,0,0,0,0,0,0,0,0,0,0,0,0,0,0,0,0,0,0,0,0,0,0,0.0071942446043165471,0.012949640287769784,0.0014388489208633094,0.0071942446043165471,0.0014388489208633094,0,0,0,0,0,0,0,0,0,0,0,0,0,0,0,0,0,0,0,0,0,0,0,0,0,0,0,0,0,0,0,0,0,0,0,0,0,0,0,0,0,0,0,0,0,0,0,0,0,0,0,0,0,0,0,0,0,0,0
SRR8417444,0.49876543209876545,0,0,0.014814814814814815,0,0,0.0049382716049382715,0,0.12098765432098765,0.19259259259259259,0,0,0,0,0.037037037037037035,0.0024691358024691358,0.009876543209876543,0.044444444444444446,0.009876543209876543,0,0.0024691358024691358,0,0,0,0.0049382716049382715,0.019753086419753086,0.0049382716049382715,0.012345679012345678,0,0.0024691358024691358,0,0,0,0,0,0.0074074074074074077,0,0,0,0,0,0,0,0,0.0024691358024691358,0,0,0,0,0,0,0,0,0,0,0,0,0,0,0,0,0,0,0,0,0,0,0,0,0,0,0,0,0,0,0,0,0,0,0.0024691358024691358,0,0,0,0,0,0,0,0,0,0,0,0,0,0,0,0.0049382716049382715,0,0,0,0,0,0,0,0,0,0,0,0,0,0,0,0,0,0,0,0,0,0,0,0,0,0,0,0,0,0,0,0,0,0,0,0,0,0,0,0,0,0,0,0,0,0,0,0,0,0,0,0,0,0,0,0,0,0,0,0,0,0,0,0,0,0,0,0,0,0,0,0,0,0,0,0,0,0,0,0,0,0,0,0,0,0,0,0,0,0,0,0
SRR8417445,0.64597701149425291,0,0,0,0.034482758620689655,0.0022988505747126436,0,0,0.043678160919540229,0.022988505747126436,0,0.0045977011494252873,0,0.041379310344827586,0.066666666666666666,0,0.0022988505747126436,0.022988505747126436,0.048275862068965517,0,0,0,0,0,0,0,0.013793103448275862,0,0,0,0.0091954022988505746,0,0,0,0,0.013793103448275862,0,0,0,0.0045977011494252873,0.0045977011494252873,0,0,0,0,0,0,0,0,0.0091954022988505746,0,0.0022988505747126436,0,0,0,0,0,0,0,0,0,0,0,0.0022988505747126436,0,0,0,0,0,0,0,0,0,0,0,0,0,0,0,0,0,0,0,0,0,0,0,0,0,0,0,0,0,0,0,0,0,0,0,0,0,0,0,0,0,0,0,0,0,0,0,0,0,0,0,0,0,0,0,0,0,0,0,0,0,0,0,0,0,0.0045977011494252873,0,0,0,0,0,0,0,0,0,0,0,0,0,0,0,0,0,0,0,0,0,0,0,0,0,0,0,0,0,0,0,0,0,0,0,0,0,0,0,0,0,0,0,0,0,0,0,0,0,0,0,0,0,0,0,0,0,0
SRR8417446,0.82863340563991328,0.019522776572668113,0,0,0,0.0086767895878524948,0,0,0.0043383947939262474,0,0,0,0,0,0,0,0,0.0065075921908893707,0.010845986984815618,0,0,0,0,0,0,0,0.0021691973969631237,0,0,0,0,0,0,0,0,0.0086767895878524948,0,0,0,0,0.084598698481561818,0.0086767895878524948,0,0.0021691973969631237,0,0,0,0,0,0,0,0,0,0,0,0,0,0,0,0.0043383947939262474,0,0,0,0,0,0,0.0021691973969631237,0,0,0,0,0,0,0,0,0,0,0,0,0.0086767895878524948,0,0,0,0,0,0,0,0,0,0,0,0,0,0,0,0,0,0,0,0,0,0,0,0,0,0,0,0,0,0,0,0,0,0,0,0,0,0,0,0,0,0,0,0,0,0,0,0,0,0,0,0,0,0,0,0,0,0,0,0,0,0,0,0,0,0,0,0,0,0,0,0,0,0,0,0,0,0,0,0,0,0,0,0,0,0,0,0,0,0,0,0,0,0,0,0,0,0,0,0,0,0,0,0,0,0,0,0
SRR8417447,0,0,0,0,0.0017667844522968198,0,0,0.047703180212014133,0,0.038869257950530034,0,0.78621908127208484,0,0,0,0.030035335689045935,0.015901060070671377,0,0,0.010600706713780919,0.0035335689045936395,0.0017667844522968198,0,0,0.0088339222614840993,0.0017667844522968198,0,0,0.0017667844522968198,0,0,0,0,0,0,0,0,0,0,0,0.0017667844522968198,0.0053003533568904597,0,0.0017667844522968198,0,0.014134275618374558,0.0017667844522968198,0,0,0,0,0,0,0,0,0,0,0.0017667844522968198,0,0.0017667844522968198,0,0,0,0,0,0,0,0,0,0,0,0,0,0,0,0,0,0,0,0,0,0,0,0,0,0,0,0,0,0,0,0,0,0,0,0.022968197879858657,0,0,0,0,0,0,0,0,0,0,0,0,0,0,0,0,0,0,0,0,0,0,0,0,0,0,0,0,0,0,0,0,0,0,0,0,0,0,0,0,0,0,0,0,0,0,0,0,0,0,0,0,0,0,0,0,0,0,0,0,0,0,0,0,0,0,0,0,0,0,0,0,0,0,0,0,0,0,0,0,0,0,0,0,0,0,0,0,0,0,0,0
SRR8417449,0.036893203883495145,0.0077669902912621356,0,0,0,0.46213592233009709,0.011650485436893204,0,0.019417475728155338,0.015533980582524271,0,0,0,0,0,0.0019417475728155339,0,0.040776699029126215,0,0,0.0019417475728155339,0,0.0038834951456310678,0.0019417475728155339,0.019417475728155338,0.031067961165048542,0.011650485436893204,0,0,0,0.0038834951456310678,0,0.0019417475728155339,0,0,0.0038834951456310678,0,0,0,0,0.0038834951456310678,0.036893203883495145,0,0,0,0.0019417475728155339,0,0,0,0.0019417475728155339,0.0058252427184466021,0,0,0,0.0038834951456310678,0,0.017475728155339806,0,0,0,0,0,0,0,0,0,0,0,0,0,0,0,0,0,0,0,0,0,0,0,0,0,0,0,0,0,0,0,0,0,0,0,0,0,0.25048543689320391,0.0019417475728155339,0,0,0,0,0,0,0,0,0,0,0,0,0,0,0,0,0,0,0,0,0,0,0,0,0,0,0,0,0,0,0,0,0,0,0,0,0,0,0,0,0,0,0,0,0,0,0,0,0,0,0,0,0,0,0,0,0,0,0,0,0,0,0,0,0,0,0,0,0,0,0,0,0,0,0,0,0,0,0,0,0,0,0,0,0,0,0,0,0,0,0,0
SRR8417450,0,0,0,0,0,0,0,0,0,0.008130081300813009,0.12601626016260162,0.10569105691056911,0,0,0,0,0.016260162601626018,0.024390243902439025,0.097560975609756101,0,0,0.012195121951219513,0,0,0,0.14227642276422764,0,0,0.065040650406504072,0,0.0040650406504065045,0,0,0,0,0,0.21951219512195122,0,0,0,0,0,0,0,0,0.016260162601626018,0,0,0,0,0.0040650406504065045,0,0.032520325203252036,0,0,0,0,0,0,0.044715447154471545,0,0,0,0,0,0,0,0,0,0,0,0,0,0,0,0,0,0,0,0,0,0,0,0,0,0,0,0,0,0,0,0.024390243902439025,0,0,0,0.016260162601626018,0,0,0,0,0,0,0,0,0,0,0,0,0,0,0,0,0,0,0,0,0,0,0,0,0,0,0.032520325203252036,0,0,0,0,0,0,0,0.008130081300813009,0,0,0,0,0,0,0,0,0,0,0,0,0,0,0,0,0,0,0,0,0,0,0,0,0,0,0,0,0,0,0,0,0,0,0,0,0,0,0,0,0,0,0,0,0,0,0,0,0,0,0,0,0,0,0,0,0
SRR8417451,0,0,0,0,0,0,0,0,0,0,0,0,0,0,0,0,0,0,0,0,0,0,0,0,0,0,0,0,0,0,0,0,0.40000000000000002,0.20000000000000001,0,0,0,0,0,0,0,0,0,0,0,0,0,0,0,0,0,0,0,0,0,0,0,0,0,0,0,0,0,0,0,0,0,0,0,0,0,0,0,0,0,0,0,0,0,0,0,0,0,0,0,0,0,0,0,0,0,0,0,0,0,0,0,0,0,0,0,0,0,0.20000000000000001,0,0,0,0,0,0,0,0,0,0,0,0,0,0,0,0,0,0,0,0,0,0,0,0,0,0,0,0.20000000000000001,0,0,0,0,0,0,0,0,0,0,0,0,0,0,0,0,0,0,0,0,0,0,0,0,0,0,0,0,0,0,0,0,0,0,0,0,0,0,0,0,0,0,0,0,0,0,0,0,0,0,0,0,0,0,0,0
SRR8417452,0.021406727828746176,0,0,0,0,0.54434250764525993,0.021406727828746176,0,0.11009174311926606,0.03669724770642202,0.021406727828746176,0,0.0030581039755351682,0,0,0,0.012232415902140673,0.0091743119266055051,0,0.015290519877675841,0,0.0061162079510703364,0,0,0.039755351681957186,0.01834862385321101,0.058103975535168197,0,0,0,0,0,0,0,0,0,0,0,0,0,0,0.015290519877675841,0,0,0,0.0030581039755351682,0,0,0,0,0,0,0.0091743119266055051,0,0,0,0.0091743119266055051,0,0,0,0,0,0,0,0,0,0,0,0.0091743119266055051,0,0,0,0,0,0,0,0,0,0,0,0,0,0,0,0,0,0,0,0,0,0,0,0,0,0.030581039755351681,0,0,0.0030581039755351682,0.0030581039755351682,0,0,0,0,0,0,0,0,0,0,0,0,0,0,0,0,0,0,0,0,0,0,0,0,0,0,0,0,0,0,0,0,0,0,0,0,0,0,0,0,0,0,0,0,0,0,0,0,0,0,0,0,0,0,0,0,0,0,0,0,0,0,0,0,0,0,0,0,0,0,0,0,0,0,0,0,0,0,0,0,0,0,0,0,0,0,0,0,0
SRR8417453,0.34375,0.0078125,0,0,0,0,0,0,0.0078125,0.0703125,0,0.0078125,0,0,0,0,0,0.0390625,0.0234375,0.0234375,0.0234375,0,0,0,0,0.0078125,0,0,0,0,0,0,0,0,0,0,0,0,0,0,0.3671875,0.03125,0,0,0,0,0,0,0,0,0,0,0.015625,0,0.0078125,0,0,0,0,0,0,0,0,0.0078125,0,0,0,0,0,0,0,0,0,0,0,0,0,0,0,0,0,0,0,0,0,0,0,0,0,0,0,0,0,0,0,0,0,0.0078125,0,0,0,0,0,0,0,0,0,0,0,0,0,0,0,0,0,0,0,0,0,0,0,0,0,0,0,0,0,0,0,0,0,0,0.0078125,0,0,0,0,0,0,0,0,0,0,0,0,0,0,0,0,0,0,0,0,0,0,0,0,0,0,0,0,0,0,0,0,0,0,0,0,0,0,0,0,0,0,0,0,0,0,0,0,0,0,0,0,0,0,0
SRR8417454,0.1357308584686775,0,0,0,0,0,0,0.0011600928074245939,0.071925754060324823,0.044083526682134569,0,0.0011600928074245939,0,0,0,0,0,0.058004640371229696,0.025522041763341066,0,0,0.017401392111368909,0,0.0011600928074245939,0,0.012761020881670533,0,0,0,0,0.0011600928074245939,0,0,0,0,0.012761020881670533,0,0,0,0,0.020881670533642691,0.0034802784222737818,0,0,0,0,0,0,0,0,0,0.0023201856148491878,0,0,0,0.0011600928074245939,0,0,0,0.0046403712296983757,0,0,0,0,0,0,0,0,0,0.0011600928074245939,0,0,0,0,0,0,0,0,0,0.019721577726218097,0.0046403712296983757,0.52900232018561488,0,0.0023201856148491878,0,0,0,0,0,0,0,0,0,0,0,0,0,0,0,0.0011600928074245939,0.0034802784222737818,0,0,0,0,0,0,0,0,0,0.0058004640371229696,0,0,0,0,0,0,0,0.010440835266821345,0,0,0.0046403712296983757,0,0,0,0,0,0,0,0,0,0,0,0.0023201856148491878,0,0,0,0,0,0,0,0,0,0,0,0,0,0,0,0,0,0,0,0,0,0,0,0,0,0,0,0,0,0,0,0,0,0,0,0,0,0,0,0,0,0,0,0,0,0,0,0,0,0,0,0,0,0
SRR8417455,0,0,0,0.013761467889908258,0.013761467889908258,0,0,0,0,0.03669724770642202,0,0.69266055045871555,0,0,0,0,0,0,0,0,0,0.0045871559633027525,0.0091743119266055051,0,0,0.027522935779816515,0,0,0,0.0045871559633027525,0,0,0,0.0045871559633027525,0,0,0,0,0,0,0,0,0,0,0.0091743119266055051,0,0,0,0,0,0,0,0,0.0045871559633027525,0,0,0,0,0,0,0,0,0.0045871559633027525,0,0,0,0,0,0,0,0,0,0,0,0,0,0,0,0,0,0,0.16513761467889909,0,0,0,0,0,0,0,0,0,0,0,0,0,0.0045871559633027525,0,0,0,0,0,0,0,0,0,0,0,0,0,0,0,0,0,0,0,0,0,0,0,0,0,0,0,0,0,0,0,0,0,0,0,0,0,0,0.0045871559633027525,0,0,0,0,0,0,0,0,0,0,0,0,0,0,0,0,0,0,0,0,0,0,0,0,0,0,0,0,0,0,0,0,0,0,0,0,0,0,0,0,0,0,0,0,0,0,0,0,0,0,0,0,0
SRR8417456,0.34883720930232559,0,0,0.046511627906976744,0.069767441860465115,0.069767441860465115,0,0,0.11627906976744186,0.046511627906976744,0,0.093023255813953487,0,0,0,0,0,0.023255813953488372,0,0,0,0,0,0,0,0,0,0,0,0,0,0,0,0,0,0,0,0,0,0.023255813953488372,0.023255813953488372,0,0,0,0,0,0,0,0,0,0,0,0,0,0,0,0,0,0,0,0,0,0,0,0,0,0,0,0,0,0,0,0,0,0,0,0,0,0,0,0,0,0,0,0.023255813953488372,0,0.069767441860465115,0,0,0,0,0,0,0,0,0,0,0,0,0,0,0,0,0,0,0,0,0.023255813953488372,0,0,0,0,0,0,0,0,0,0,0,0,0.023255813953488372,0,0,0,0,0,0,0,0,0,0,0,0,0,0,0,0,0,0,0,0,0,0,0,0,0,0,0,0,0,0,0,0,0,0,0,0,0,0,0,0,0,0,0,0,0,0,0,0,0,0,0,0,0,0,0,0,0,0,0,0,0,0,0,0,0,0,0
SRR8417457,0.58823529411764708,0,0.0017825311942959001,0,0,0,0,0,0.012477718360071301,0.028520499108734401,0,0.053475935828877004,0,0.026737967914438502,0.0089126559714795012,0.0089126559714795012,0,0.048128342245989303,0.017825311942959002,0,0,0,0,0,0.0089126559714795012,0.0053475935828877002,0.014260249554367201,0,0,0,0.037433155080213901,0,0,0,0,0.014260249554367201,0,0,0,0,0.085561497326203204,0,0,0,0,0,0.0106951871657754,0,0,0,0.0106951871657754,0.0017825311942959001,0,0,0,0,0,0,0,0,0,0,0,0,0,0,0,0,0.0035650623885918001,0,0,0,0,0,0,0,0,0.0017825311942959001,0,0,0,0,0,0,0.0106951871657754,0,0,0,0,0,0,0,0,0,0,0,0,0,0,0,0,0,0,0,0,0,0,0,0,0,0,0,0,0,0,0,0,0,0,0,0,0,0,0,0,0,0,0,0,0,0,0,0,0,0,0,0,0,0,0,0,0,0,0,0,0,0,0,0,0,0,0,0,0,0,0,0,0,0,0,0,0,0,0,0,0,0,0,0,0,0,0,0,0,0,0,0,0,0,0,0,0,0,0,0,0,0,0
SRR8417458,0.065326633165829151,0,0,0.21105527638190955,0,0.040201005025125629,0,0.010050251256281407,0.025125628140703519,0.38190954773869346,0,0,0.0050251256281407036,0,0,0.010050251256281407,0,0.01507537688442211,0,0,0,0,0,0,0,0.03015075376884422,0.055276381909547742,0,0,0,0,0,0,0,0,0.020100502512562814,0.0050251256281407036,0.0050251256281407036,0,0,0,0.070351758793969849,0,0,0,0.03015075376884422,0,0.010050251256281407,0,0,0,0,0,0,0,0,0,0,0,0,0,0.010050251256281407,0,0,0,0,0,0,0,0,0,0,0,0,0,0,0,0,0,0,0,0,0,0,0,0,0,0,0,0,0,0,0,0,0,0,0,0,0,0,0,0,0,0,0,0,0,0,0,0,0,0,0,0,0,0,0,0,0,0,0,0,0,0,0,0,0,0,0,0,0,0,0,0,0,0,0,0,0,0,0,0,0,0,0,0,0,0,0,0,0,0,0,0,0,0,0,0,0,0,0,0,0,0,0,0,0,0,0,0,0,0,0,0,0,0,0,0,0,0,0,0,0,0,0,0,0,0
SRR8417459,0,0,0,0,0.045454545454545456,0,0,0.36363636363636365,0,0,0,0,0,0,0,0,0,0.045454545454545456,0.045454545454545456,0,0,0,0,0,0,0,0,0,0,0,0,0,0,0,0,0.31818181818181818,0.045454545454545456,0,0,0,0,0.045454545454545456,0,0.045454545454545456,0,0,0,0,0,0,0,0,0,0,0,0,0,0,0,0,0,0,0,0,0,0,0,0,0,0,0,0,0,0,0,0,0,0,0,0,0,0,0,0,0,0,0,0,0,0,0,0,0,0,0,0.045454545454545456,0,0,0,0,0,0,0,0,0,0,0,0,0,0,0,0,0,0,0,0,0,0,0,0,0,0,0,0,0,0,0,0,0,0,0,0,0,0,0,0,0,0,0,0,0,0,0,0,0,0,0,0,0,0,0,0,0,0,0,0,0,0,0,0,0,0,0,0,0,0,0,0,0,0,0,0,0,0,0,0,0,0,0,0,0,0,0,0,0,0,0,0
SRR8417460,0.1310344827586207,0,0,0,0,0.15517241379310345,0,0.024137931034482758,0.017241379310344827,0.14137931034482759,0,0,0.013793103448275862,0,0.0034482758620689655,0,0.03793103448275862,0,0,0.068965517241379309,0,0.020689655172413793,0,0,0,0.0068965517241379309,0.017241379310344827,0,0,0.017241379310344827,0,0,0,0,0,0,0.013793103448275862,0,0,0,0,0.020689655172413793,0.096551724137931033,0.07586206896551724,0,0,0.062068965517241378,0,0,0,0,0,0,0,0,0.0068965517241379309,0.017241379310344827,0,0,0,0,0,0,0,0,0,0,0,0.020689655172413793,0,0,0,0,0,0,0,0,0.0034482758620689655,0,0,0.010344827586206896,0,0,0,0,0,0,0.0068965517241379309,0,0,0,0,0,0,0,0,0,0,0,0,0,0,0,0,0,0,0,0,0,0,0,0,0,0,0,0,0,0,0,0,0,0,0,0,0,0,0,0,0,0,0,0,0,0,0,0.0068965517241379309,0.0034482758620689655,0,0,0,0,0,0,0,0,0,0,0,0,0,0,0,0,0,0,0,0,0,0,0,0,0,0,0,0,0,0,0,0,0,0,0,0,0,0,0,0,0,0,0,0,0,0,0,0,0,0,0
SRR8417461,0.20377358490566039,0,0.0037735849056603774,0.0037735849056603774,0,0,0,0.0037735849056603774,0.13584905660377358,0.026415094339622643,0.01509433962264151,0,0,0.0075471698113207548,0,0.094339622641509441,0,0.15849056603773584,0.0037735849056603774,0.018867924528301886,0.0037735849056603774,0,0.0075471698113207548,0,0.01509433962264151,0.0075471698113207548,0.026415094339622643,0,0,0,0,0,0,0,0,0.0037735849056603774,0.0037735849056603774,0,0,0.0037735849056603774,0,0.0075471698113207548,0.075471698113207544,0,0,0.0075471698113207548,0.098113207547169817,0,0,0,0,0.0037735849056603774,0,0,0,0,0,0,0.0037735849056603774,0,0,0,0,0.0037735849056603774,0,0,0,0,0,0.0037735849056603774,0,0,0,0,0,0,0,0,0,0.011320754716981131,0,0,0,0,0,0,0,0,0.018867924528301886,0,0,0,0,0,0,0,0,0,0,0,0,0,0,0,0.0037735849056603774,0,0,0,0,0,0,0,0,0,0.01509433962264151,0,0,0,0,0,0,0,0,0,0,0,0,0,0,0,0,0,0,0,0,0,0,0,0,0,0,0,0,0,0,0,0,0,0,0,0,0,0,0,0,0,0,0,0,0,0,0,0,0,0,0,0,0,0,0,0,0,0,0,0,0,0,0,0,0,0,0,0,0,0,0,0,0
SRR8417462,0.61146496815286622,0,0,0.028662420382165606,0.050955414012738856,0,0,0.092356687898089165,0.012738853503184714,0.047770700636942678,0,0.019108280254777069,0,0.0031847133757961785,0,0.0031847133757961785,0,0.031847133757961783,0.012738853503184714,0,0,0,0,0,0.0031847133757961785,0.012738853503184714,0.006369426751592357,0,0,0,0.0031847133757961785,0,0,0,0,0.012738853503184714,0,0,0,0,0.006369426751592357,0.031847133757961783,0,0,0,0,0.0031847133757961785,0,0,0,0,0,0,0,0,0,0,0,0,0,0,0,0,0,0,0,0.0031847133757961785,0,0,0,0,0,0,0,0,0,0,0,0,0,0,0,0,0,0,0,0,0,0,0,0,0,0,0,0,0,0,0,0,0,0,0,0,0,0,0,0,0,0,0,0,0,0,0,0,0,0,0,0,0,0,0,0,0,0,0,0,0,0,0,0,0,0,0,0,0,0,0.0031847133757961785,0,0,0,0,0,0,0,0,0,0,0,0,0,0,0,0,0,0,0,0,0,0,0,0,0,0,0,0,0,0,0,0,0,0,0,0,0,0,0,0,0,0,0,0,0,0,0,0,0,0
SRR8417463,0.70365997638724909,0,0,0,0,0.047225501770956316,0,0.011806375442739079,0.015348288075560802,0.022432113341204249,0,0.0082644628099173556,0.0011806375442739079,0,0.025974025974025976,0,0,0,0,0,0.0047225501770956314,0,0,0,0,0.0023612750885478157,0.0035419126328217238,0,0,0,0.0011806375442739079,0,0,0,0,0.0070838252656434475,0,0,0,0,0.0094451003541912628,0.11097992916174734,0,0,0,0.0011806375442739079,0,0.0011806375442739079,0,0.0094451003541912628,0,0,0,0,0,0,0,0,0,0,0,0,0,0,0,0,0,0,0,0,0,0,0,0,0,0,0,0,0,0.0094451003541912628,0,0,0,0,0,0,0,0,0,0,0,0.0011806375442739079,0,0,0,0,0,0,0,0,0,0,0,0,0,0,0,0,0,0,0,0,0,0.0011806375442739079,0,0,0,0,0,0,0,0,0,0,0,0,0,0,0,0,0,0,0,0,0,0,0,0,0.0011806375442739079,0,0,0,0,0,0,0,0,0,0,0,0,0,0,0,0,0,0,0,0,0,0,0,0,0,0,0,0,0,0,0,0,0,0,0,0,0,0,0,0,0,0,0,0,0,0,0,0,0
SRR8417464,0.059523809523809521,0,0,0,0,0,0,0,0.025793650793650792,0.11507936507936507,0,0.42460317460317459,0,0.0079365079365079361,0.0059523809523809521,0.069444444444444448,0,0.035714285714285712,0,0.0496031746031746,0,0,0,0.001984126984126984,0.001984126984126984,0.0059523809523809521,0.02976190476190476,0,0.0079365079365079361,0,0.001984126984126984,0,0,0,0,0.003968253968253968,0,0,0,0,0.003968253968253968,0.003968253968253968,0,0,0.0059523809523809521,0.0079365079365079361,0.0099206349206349201,0,0,0,0.013888888888888888,0,0,0,0,0,0.031746031746031744,0,0,0,0,0,0.001984126984126984,0.001984126984126984,0,0,0,0,0,0,0,0,0,0,0,0,0,0,0,0,0,0,0,0,0.017857142857142856,0,0,0,0.0099206349206349201,0,0,0,0,0,0,0.013888888888888888,0,0,0,0,0,0,0,0,0,0,0,0,0.003968253968253968,0,0.015873015873015872,0,0,0,0,0,0,0,0,0,0,0,0.0079365079365079361,0,0,0,0,0,0,0,0,0,0,0,0,0,0,0,0,0.001984126984126984,0,0,0,0,0,0,0,0,0,0,0,0,0,0,0,0,0,0,0,0,0,0,0,0,0,0,0,0,0,0,0,0,0,0,0,0,0,0,0,0,0,0,0,0,0,0,0,0
SRR8417465,0.049668874172185427,0,0,0.0033112582781456954,0,0.16225165562913907,0,0.0033112582781456954,0.0066225165562913907,0.066225165562913912,0.0033112582781456954,0.026490066225165563,0.0033112582781456954,0,0,0.0066225165562913907,0.049668874172185427,0.029801324503311258,0.0033112582781456954,0.036423841059602648,0,0,0.0033112582781456954,0,0.013245033112582781,0,0.033112582781456956,0.0066225165562913907,0.043046357615894038,0,0,0,0,0,0,0,0.15894039735099338,0,0,0,0,0.049668874172185427,0.016556291390728478,0,0,0.013245033112582781,0.16887417218543047,0,0,0,0,0,0,0.0066225165562913907,0,0.0033112582781456954,0,0,0,0,0,0,0,0,0,0,0,0,0.013245033112582781,0,0,0,0,0,0,0,0,0.0033112582781456954,0,0.0066225165562913907,0,0,0,0,0,0,0,0,0.0033112582781456954,0,0,0,0,0,0,0,0,0,0,0,0,0,0,0,0,0,0,0,0,0,0,0,0,0,0,0,0,0,0,0,0,0,0,0,0,0,0,0,0,0,0,0,0,0,0,0,0,0,0,0,0.0033112582781456954,0.0033112582781456954,0,0,0,0,0,0,0,0,0,0,0,0,0,0,0,0,0,0,0,0,0,0,0,0,0,0,0,0,0,0,0,0,0,0,0,0,0,0,0,0,0,0,0,0,0,0
SRR8417466,0,0,0,0,0,0.25,0,0,0,0,0,0,0,0,0,0,0,0.375,0,0,0,0,0,0,0,0,0,0,0,0,0,0,0,0,0,0,0,0,0,0,0,0.25,0,0,0,0,0,0,0,0,0.125,0,0,0,0,0,0,0,0,0,0,0,0,0,0,0,0,0,0,0,0,0,0,0,0,0,0,0,0,0,0,0,0,0,0,0,0,0,0,0,0,0,0,0,0,0,0,0,0,0,0,0,0,0,0,0,0,0,0,0,0,0,0,0,0,0,0,0,0,0,0,0,0,0,0,0,0,0,0,0,0,0,0,0,0,0,0,0,0,0,0,0,0,0,0,0,0,0,0,0,0,0,0,0,0,0,0,0,0,0,0,0,0,0,0,0,0,0,0,0,0,0,0,0,0,0,0,0,0,0,0,0,0,0,0,0,0,0
SRR8417467,0.053571428571428568,0,0,0.014285714285714285,0,0.0035714285714285713,0,0.039285714285714285,0.064285714285714279,0.31071428571428572,0.035714285714285712,0.014285714285714285,0.025000000000000001,0,0.0035714285714285713,0.021428571428571429,0.017857142857142856,0.014285714285714285,0,0.021428571428571429,0.010714285714285714,0.021428571428571429,0,0.0035714285714285713,0.0035714285714285713,0.014285714285714285,0.089285714285714288,0,0,0.0071428571428571426,0.0035714285714285713,0,0,0,0,0.0071428571428571426,0,0,0,0,0.014285714285714285,0.11071428571428571,0,0,0,0.028571428571428571,0,0,0.0035714285714285713,0.0035714285714285713,0,0.0035714285714285713,0,0,0,0,0,0.0071428571428571426,0,0,0,0,0.0035714285714285713,0,0,0,0,0,0,0,0,0,0,0,0,0,0,0,0,0.0071428571428571426,0,0,0,0,0,0,0,0,0,0.0071428571428571426,0,0,0,0,0,0,0,0,0,0,0,0,0,0,0.0071428571428571426,0,0,0,0,0,0,0,0,0,0,0,0,0,0,0,0,0,0,0,0,0,0,0,0,0,0,0,0,0,0,0,0,0,0,0,0,0,0.0035714285714285713,0,0,0,0,0,0,0,0,0,0,0,0,0,0,0,0,0,0,0,0,0,0,0,0,0,0,0,0,0,0,0,0,0,0,0,0,0,0,0,0,0,0,0,0,0
SRR8417468,0.20323741007194246,0,0,0.37589928057553956,0,0,0,0.043165467625899283,0.097122302158273388,0.012589928057553957,0,0,0.0053956834532374104,0,0.0053956834532374104,0,0,0.064748201438848921,0,0,0,0,0,0,0,0,0.014388489208633094,0,0,0,0,0,0,0,0,0.0071942446043165471,0,0,0,0,0.10611510791366907,0.046762589928057555,0,0,0,0.0053956834532374104,0,0,0,0.0053956834532374104,0,0,0,0,0.0017985611510791368,0,0,0,0,0,0,0,0,0,0,0,0,0,0.0017985611510791368,0,0,0,0,0,0,0,0,0,0,0,0,0,0,0,0,0,0,0,0,0,0,0,0,0,0,0.0017985611510791368,0,0,0,0,0,0,0,0,0,0,0,0,0.0017985611510791368,0,0,0,0,0,0,0,0,0,0,0,0,0,0,0,0,0,0,0,0,0,0,0,0,0,0,0,0,0,0,0,0,0,0,0,0,0,0,0,0,0,0,0,0,0,0,0,0,0,0,0,0,0,0,0,0,0,0,0,0,0,0,0,0,0,0,0,0,0,0,0,0,0,0,0,0,0,0,0
SRR8417469,0.083127572016460899,0,0.083127572016460899,0.60493827160493829,0,0.00082304526748971192,0.00411522633744856,0,0.0049382716049382715,0.027160493827160494,0,0.00082304526748971192,0.00082304526748971192,0,0,0.0016460905349794238,0,0.037860082304526747,0,0.0016460905349794238,0,0.00082304526748971192,0,0,0.013168724279835391,0.0024691358024691358,0.024691358024691357,0,0,0,0,0,0,0,0,0.019753086419753086,0.00411522633744856,0,0,0,0,0,0,0,0,0,0,0,0,0.014814814814814815,0,0,0,0,0.00082304526748971192,0,0.0065843621399176953,0,0,0,0.00082304526748971192,0,0,0,0,0,0,0,0,0,0,0,0,0,0,0,0,0,0,0.00823045267489712,0.00082304526748971192,0,0,0,0.042798353909465021,0,0,0,0,0,0,0,0,0,0,0,0,0,0,0,0,0.00411522633744856,0,0,0,0,0,0,0,0,0.0016460905349794238,0,0,0,0,0,0,0,0,0,0,0.0024691358024691358,0,0,0,0,0,0,0,0,0,0,0,0,0,0,0,0,0,0,0,0,0,0.00082304526748971192,0,0,0,0,0,0,0,0,0,0,0,0,0,0,0,0,0,0,0,0,0,0,0,0,0,0,0,0,0,0,0,0,0,0,0,0,0,0,0,0,0,0,0,0
SRR8417470,0.45652173913043476,0,0.021739130434782608,0.30434782608695654,0,0,0,0,0,0,0,0.043478260869565216,0,0,0,0,0,0,0.021739130434782608,0.021739130434782608,0.021739130434782608,0,0,0,0,0,0,0,0,0,0,0,0.021739130434782608,0,0,0,0,0,0,0,0,0,0,0,0,0,0,0,0,0,0,0,0,0,0,0,0.065217391304347824,0,0,0,0,0,0,0,0,0,0,0,0,0,0,0,0,0,0,0,0,0,0,0,0.021739130434782608,0,0,0,0,0,0,0,0,0,0,0,0,0,0,0,0,0,0,0,0,0,0,0,0,0,0,0,0,0,0,0,0,0,0,0,0,0,0,0,0,0,0,0,0,0,0,0,0,0,0,0,0,0,0,0,0,0,0,0,0,0,0,0,0,0,0,0,0,0,0,0,0,0,0,0,0,0,0,0,0,0,0,0,0,0,0,0,0,0,0,0,0,0,0,0,0,0,0,0,0,0,0,0,0,0,0,0
SRR8417471,0,0,0,0,0,0,0,0.077669902912621352,0,0.22330097087378642,0.058252427184466021,0,0,0,0.0097087378640776691,0,0,0.048543689320388349,0,0,0.038834951456310676,0,0,0,0,0.0097087378640776691,0,0,0,0,0,0,0,0,0,0.0097087378640776691,0,0,0,0,0,0.067961165048543687,0,0.25242718446601942,0,0.038834951456310676,0,0,0.029126213592233011,0,0,0,0,0,0,0,0,0,0,0.0097087378640776691,0,0,0.038834951456310676,0,0,0,0,0,0,0,0,0,0,0,0,0,0,0,0,0,0,0,0,0,0,0,0,0,0.019417475728155338,0,0,0,0,0,0,0.019417475728155338,0,0,0,0,0,0.019417475728155338,0,0,0,0,0,0,0,0,0,0,0,0,0,0,0,0,0,0,0,0,0,0,0,0,0,0,0,0,0,0,0,0,0,0,0,0,0,0.0097087378640776691,0,0,0,0,0.0097087378640776691,0.0097087378640776691,0,0,0,0,0,0,0,0,0,0,0,0,0,0,0,0,0,0,0,0,0,0,0,0,0,0,0,0,0,0,0,0,0,0,0,0,0,0,0,0,0,0
SRR8417472,0.32786885245901637,0,0,0,0,0.016393442622950821,0,0.24590163934426229,0,0,0,0,0,0,0,0,0,0.081967213114754092,0,0,0.16393442622950818,0,0,0,0,0,0,0,0,0,0,0,0.016393442622950821,0,0,0,0,0,0,0,0,0,0,0,0,0,0,0,0,0,0,0,0,0,0.098360655737704916,0,0,0,0,0,0,0,0,0,0,0,0,0,0,0,0,0,0,0,0,0,0,0,0,0,0,0,0,0,0,0,0,0,0,0,0,0,0,0,0,0,0,0,0,0,0,0,0,0,0.049180327868852458,0,0,0,0,0,0,0,0,0,0,0,0,0,0,0,0,0,0,0,0,0,0,0,0,0,0,0,0,0,0,0,0,0,0,0,0,0,0,0,0,0,0,0,0,0,0,0,0,0,0,0,0,0,0,0,0,0,0,0,0,0,0,0,0,0,0,0,0,0,0,0,0,0,0,0,0,0,0,0,0,0,0,0
SRR8417473,0.071428571428571425,0,0,0.028571428571428571,0,0,0,0.48571428571428571,0,0,0,0,0,0,0.028571428571428571,0.014285714285714285,0,0,0,0.057142857142857141,0.042857142857142858,0,0,0,0.014285714285714285,0.042857142857142858,0,0,0,0,0,0,0,0,0,0,0,0,0,0,0,0.042857142857142858,0,0,0,0,0.014285714285714285,0,0,0,0,0,0,0,0,0,0,0,0,0,0,0,0,0,0,0,0,0,0,0,0,0,0,0,0,0,0,0,0,0,0,0.12857142857142856,0.014285714285714285,0,0,0,0,0,0,0,0,0,0,0,0,0,0,0,0,0,0,0,0,0,0,0,0,0,0,0,0,0,0,0.014285714285714285,0,0,0,0,0,0,0,0,0,0,0,0,0,0,0,0,0,0,0,0,0,0,0,0,0,0,0,0,0,0,0,0,0,0,0,0,0,0,0,0,0,0,0,0,0,0,0,0,0,0,0,0,0,0,0,0,0,0,0,0,0,0,0,0,0,0,0,0,0,0,0,0,0,0
SRR8417474,0.80000000000000004,0,0,0.02,0,0.02,0,0,0,0,0,0,0,0,0,0,0,0.040000000000000001,0.040000000000000001,0,0,0,0,0,0.02,0,0.02,0.02,0,0,0,0,0,0,0,0,0,0,0,0,0,0,0,0,0,0,0,0,0,0.02,0,0,0,0,0,0,0,0,0,0,0,0,0,0,0,0,0,0,0,0,0,0,0,0,0,0,0,0,0,0,0,0,0,0,0,0,0,0,0,0,0,0,0,0,0,0,0,0,0,0,0,0,0,0,0,0,0,0,0,0,0,0,0,0,0,0,0,0,0,0,0,0,0,0,0,0,0,0,0,0,0,0,0,0,0,0,0,0,0,0,0,0,0,0,0,0,0,0,0,0,0,0,0,0,0,0,0,0,0,0,0,0,0,0,0,0,0,0,0,0,0,0,0,0,0,0,0,0,0,0,0,0,0,0,0,0,0,0
SRR8417475,0.0045662100456621002,0,0.022831050228310501,0.077625570776255703,0.1095890410958904,0.054794520547945202,0,0,0,0.13242009132420091,0.0045662100456621002,0,0.0045662100456621002,0.0045662100456621002,0,0.018264840182648401,0,0.018264840182648401,0.0045662100456621002,0.031963470319634701,0,0,0,0,0.0045662100456621002,0.063926940639269403,0,0,0,0.031963470319634701,0.0045662100456621002,0,0,0,0,0.045662100456621002,0,0,0,0,0,0.041095890410958902,0.018264840182648401,0,0,0,0.036529680365296802,0,0,0,0,0,0,0,0,0.0045662100456621002,0,0,0,0,0,0,0,0.0045662100456621002,0,0,0,0,0.0045662100456621002,0,0,0,0,0,0,0,0,0,0,0,0,0,0,0,0.013698630136986301,0,0,0,0.0091324200913242004,0,0,0,0,0,0,0.0045662100456621002,0,0,0,0,0,0,0,0,0,0,0,0,0,0,0,0,0,0,0,0,0,0,0,0,0,0,0,0,0,0,0,0,0.031963470319634701,0,0,0,0,0,0,0,0,0,0,0,0,0,0,0.0045662100456621002,0,0,0.18264840182648401,0.0045662100456621002,0,0,0,0,0,0,0,0,0,0,0,0,0,0,0,0,0,0,0,0,0,0,0,0,0,0,0,0,0,0,0,0,0,0,0,0,0,0,0,0
SRR8417476,0.1111111111111111,0,0,0,0.3888888888888889,0.1111111111111111,0,0.055555555555555552,0,0,0,0,0,0,0,0,0,0,0,0,0,0,0,0,0,0.055555555555555552,0,0,0,0,0.055555555555555552,0,0,0,0,0.055555555555555552,0,0,0,0,0,0,0,0,0,0.055555555555555552,0.1111111111111111,0,0,0,0,0,0,0,0,0,0,0,0,0,0,0,0,0,0,0,0,0,0,0,0,0,0,0,0,0,0,0,0,0,0,0,0,0,0,0,0,0,0,0,0,0,0,0,0,0,0,0,0,0,0,0,0,0,0,0,0,0,0,0,0,0,0,0,0,0,0,0,0,0,0,0,0,0,0,0,0,0,0,0,0,0,0,0,0,0,0,0,0,0,0,0,0,0,0,0,0,0,0,0,0,0,0,0,0,0,0,0,0,0,0,0,0,0,0,0,0,0,0,0,0,0,0,0,0,0,0,0,0,0,0,0,0,0,0,0,0,0
SRR8417478,0.35598705501618122,0,0,0,0,0,0,0,0.14886731391585761,0,0,0,0,0,0,0,0,0.12944983818770225,0,0,0,0,0,0,0.25242718446601942,0,0,0,0,0,0,0,0,0,0,0,0,0,0,0,0,0.0064724919093851136,0,0,0,0,0,0,0.0032362459546925568,0,0,0,0,0,0,0,0,0,0,0,0,0,0,0,0,0,0,0,0,0,0,0,0,0,0,0,0,0,0,0,0.0032362459546925568,0,0,0,0,0.0032362459546925568,0,0,0,0,0,0,0,0,0,0,0,0,0,0,0,0,0,0,0.012944983818770227,0,0,0,0,0,0,0,0,0,0,0,0,0,0,0,0,0,0,0,0,0,0,0,0,0,0,0,0,0,0,0,0,0,0,0,0,0,0,0,0,0,0,0,0.064724919093851127,0.019417475728155338,0,0,0,0,0,0,0,0,0,0,0,0,0,0,0,0,0,0,0,0,0,0,0,0,0,0,0,0,0,0,0,0,0,0,0,0,0,0
SRR8417479,0.33333333333333331,0.16666666666666666,0,0,0,0,0,0,0,0.16666666666666666,0,0,0,0,0,0,0,0.16666666666666666,0,0,0,0,0,0,0,0,0,0,0,0,0,0,0,0,0,0,0,0,0,0,0,0,0,0,0,0,0,0,0,0,0,0,0,0,0,0,0,0,0,0,0,0,0,0.16666666666666666,0,0,0,0,0,0,0,0,0,0,0,0,0,0,0,0,0,0,0,0,0,0,0,0,0,0,0,0,0,0,0,0,0,0,0,0,0,0,0,0,0,0,0,0,0,0,0,0,0,0,0,0,0,0,0,0,0,0,0,0,0,0,0,0,0,0,0,0,0,0,0,0,0,0,0,0,0,0,0,0,0,0,0,0,0,0,0,0,0,0,0,0,0,0,0,0,0,0,0,0,0,0,0,0,0,0,0,0,0,0,0,0,0,0,0,0,0,0,0,0,0,0,0,0
SRR8417480,0.036363636363636362,0,0,0,0,0.012121212121212121,0,0.18787878787878787,0,0.036363636363636362,0,0,0.024242424242424242,0,0,0,0,0.066666666666666666,0,0.14545454545454545,0,0,0,0,0,0.0060606060606060606,0,0,0,0,0,0,0,0,0,0.012121212121212121,0.19393939393939394,0,0,0,0,0.0060606060606060606,0,0.0060606060606060606,0,0,0,0,0,0,0,0,0,0,0,0,0,0,0,0,0,0,0,0,0.11515151515151516,0,0,0,0.0060606060606060606,0,0,0,0,0,0,0,0,0,0,0,0,0.072727272727272724,0,0,0.030303030303030304,0,0,0,0.0060606060606060606,0,0.0060606060606060606,0,0,0,0,0,0,0,0,0,0,0,0,0,0.024242424242424242,0,0,0,0,0,0,0,0,0,0,0,0,0,0,0,0,0,0,0,0,0,0,0,0,0,0,0,0,0,0,0,0,0,0,0,0,0,0,0,0,0,0,0,0,0,0.0060606060606060606,0,0,0,0,0,0,0,0,0,0,0,0,0,0,0,0,0,0,0,0,0,0,0,0,0,0,0,0,0,0,0,0,0,0,0,0,0
SRR8417493,0.76666666666666672,0,0.066666666666666666,0,0,0,0,0,0,0,0,0,0,0,0,0,0,0,0,0,0,0,0,0,0,0,0,0,0,0,0,0,0,0,0,0,0,0,0,0,0.16666666666666666,0,0,0,0,0,0,0,0,0,0,0,0,0,0,0,0,0,0,0,0,0,0,0,0,0,0,0,0,0,0,0,0,0,0,0,0,0,0,0,0,0,0,0,0,0,0,0,0,0,0,0,0,0,0,0,0,0,0,0,0,0,0,0,0,0,0,0,0,0,0,0,0,0,0,0,0,0,0,0,0,0,0,0,0,0,0,0,0,0,0,0,0,0,0,0,0,0,0,0,0,0,0,0,0,0,0,0,0,0,0,0,0,0,0,0,0,0,0,0,0,0,0,0,0,0,0,0,0,0,0,0,0,0,0,0,0,0,0,0,0,0,0,0,0,0,0,0
SRR8417494,0.083700440528634359,0,0.013215859030837005,0.061674008810572688,0,0.11013215859030837,0.02643171806167401,0,0.15418502202643172,0.02643171806167401,0.0088105726872246704,0,0,0.017621145374449341,0.0088105726872246704,0,0.052863436123348019,0,0,0,0,0.0088105726872246704,0,0,0.0088105726872246704,0.030837004405286344,0.035242290748898682,0,0,0.0044052863436123352,0,0,0,0,0,0.017621145374449341,0,0,0,0,0,0.0044052863436123352,0.0044052863436123352,0,0,0.0044052863436123352,0,0,0,0.0044052863436123352,0,0.0044052863436123352,0,0,0,0,0.017621145374449341,0,0,0,0,0,0,0,0,0,0,0.0044052863436123352,0,0,0,0,0,0,0,0,0,0,0,0.013215859030837005,0,0.0044052863436123352,0.022026431718061675,0,0,0,0,0,0,0,0,0,0,0,0,0,0,0,0,0,0,0,0,0,0,0,0,0,0,0,0,0,0.0088105726872246704,0,0,0,0,0,0,0,0,0,0.0088105726872246704,0,0,0,0,0,0,0,0,0,0,0,0,0,0,0,0,0,0,0,0,0,0,0,0,0,0,0,0,0.22466960352422907,0.0044052863436123352,0,0,0,0,0,0,0,0,0,0,0,0,0,0,0,0,0,0,0,0,0,0,0,0,0,0,0,0,0,0,0,0,0,0,0
SRR8417495,0,0,0,0,0,0.0064516129032258064,0,0.32903225806451614,0,0.077419354838709681,0,0,0.012903225806451613,0,0,0,0,0.01935483870967742,0,0.14193548387096774,0.032258064516129031,0,0.0064516129032258064,0,0,0.025806451612903226,0.01935483870967742,0,0,0,0,0,0,0,0,0,0.0064516129032258064,0,0,0,0,0.03870967741935484,0,0.16129032258064516,0,0,0.012903225806451613,0,0,0,0,0,0,0,0,0,0,0,0,0,0,0,0,0,0.08387096774193549,0,0,0,0,0,0,0,0,0,0,0,0,0,0,0,0,0.0064516129032258064,0,0,0.0064516129032258064,0,0,0,0,0,0,0,0,0,0,0.0064516129032258064,0,0,0,0,0,0,0,0,0,0,0,0,0,0,0,0,0,0,0,0,0,0,0,0,0,0,0,0,0,0,0,0,0,0,0,0,0,0,0,0,0,0,0,0,0,0,0,0,0,0,0,0,0,0,0.0064516129032258064,0,0,0,0,0,0,0,0,0,0,0,0,0,0,0,0,0,0,0,0,0,0,0,0,0,0,0,0,0,0,0,0,0,0,0,0,0
SRR8417496,0.12924281984334204,0.0013054830287206266,0,0,0,0.04960835509138381,0,0,0.011749347258485639,0,0,0.12532637075718014,0.0026109660574412533,0,0,0,0,0.0391644908616188,0,0,0,0.018276762402088774,0,0,0.027415143603133161,0,0,0,0,0,0,0.0013054830287206266,0,0,0,0,0,0,0,0.016971279373368148,0.33681462140992169,0,0,0,0,0,0,0.007832898172323759,0.0039164490861618795,0,0,0.0052219321148825066,0.0026109660574412533,0,0,0,0,0.018276762402088774,0,0.0065274151436031328,0.0013054830287206266,0.0065274151436031328,0.0026109660574412533,0,0,0.030026109660574413,0,0,0.0013054830287206266,0.020887728459530026,0,0,0,0,0,0,0,0.050913838120104436,0,0.016971279373368148,0.023498694516971279,0,0,0,0,0.0013054830287206266,0,0,0,0,0,0.015665796344647518,0,0,0,0,0,0,0,0,0.0013054830287206266,0.0065274151436031328,0,0,0,0,0,0,0,0.0013054830287206266,0,0,0,0,0,0,0,0,0,0,0,0.0013054830287206266,0,0,0,0,0,0.0065274151436031328,0,0,0,0,0,0,0,0,0,0,0,0,0,0,0,0,0,0,0,0,0,0,0,0,0,0.0065274151436031328,0.0013054830287206266,0,0,0,0,0,0,0,0,0,0,0,0,0,0,0,0,0,0,0,0,0,0,0,0,0,0,0,0,0,0,0,0,0
SRR8417497,0.40566037735849059,0,0,0.075471698113207544,0,0,0,0,0,0.018867924528301886,0,0,0,0.16981132075471697,0.009433962264150943,0,0,0.066037735849056603,0.066037735849056603,0,0,0,0,0,0.009433962264150943,0,0,0,0,0,0,0,0,0,0,0,0,0,0,0.009433962264150943,0,0.009433962264150943,0,0,0,0.009433962264150943,0,0,0,0,0.009433962264150943,0,0,0,0,0,0.009433962264150943,0,0,0,0,0,0,0,0,0,0,0,0,0,0,0,0,0,0,0,0,0,0,0,0,0,0,0,0.009433962264150943,0,0,0,0,0,0,0,0,0,0,0,0,0,0,0,0,0,0,0,0,0,0,0.11320754716981132,0,0,0,0,0,0,0,0,0,0,0,0,0,0,0,0,0,0,0,0,0,0,0,0,0,0,0,0,0,0,0,0,0,0,0,0,0,0,0,0,0,0,0,0,0,0,0,0.009433962264150943,0,0,0,0,0,0,0,0,0,0,0,0,0,0,0,0,0,0,0,0,0,0,0,0,0,0,0,0,0,0,0,0
SRR8417498,0.35999999999999999,0,0,0,0.087999999999999995,0,0,0,0.048000000000000001,0.0080000000000000002,0,0,0,0,0.024,0,0,0.016,0,0,0,0,0,0,0,0,0,0,0,0,0,0,0,0,0,0.040000000000000001,0,0,0,0,0,0.032000000000000001,0,0,0,0,0,0,0,0,0,0,0,0,0,0,0,0,0,0,0,0,0,0,0,0,0,0,0,0,0,0,0,0,0,0,0,0,0,0,0,0,0,0,0.128,0,0,0,0,0,0,0,0,0,0.25600000000000001,0,0,0,0,0,0,0,0,0,0,0,0,0,0,0,0,0,0,0,0,0,0,0,0,0,0,0,0,0,0,0,0,0,0,0,0,0,0,0,0,0,0,0,0,0,0,0,0,0,0,0,0,0,0,0,0,0,0,0,0,0,0,0,0,0,0,0,0,0,0,0,0,0,0,0,0,0,0,0,0,0,0,0,0,0,0,0,0,0,0,0,0,0
SRR8417499,0,0.12186379928315412,0,0.071684587813620068,0,0.27598566308243727,0,0,0,0,0.0035842293906810036,0,0.10752688172043011,0,0,0,0,0.086021505376344093,0,0,0.0035842293906810036,0.0071684587813620072,0,0,0.010752688172043012,0,0,0,0,0,0,0,0,0,0,0.0035842293906810036,0,0,0,0.0035842293906810036,0,0,0,0,0,0,0,0,0.014336917562724014,0,0.043010752688172046,0,0.0035842293906810036,0,0,0,0,0.11469534050179211,0,0,0,0.0071684587813620072,0,0,0,0,0,0,0,0,0,0,0,0,0,0,0,0.032258064516129031,0,0,0.010752688172043012,0,0.035842293906810034,0,0,0,0,0,0,0,0,0.0071684587813620072,0,0,0,0,0,0,0,0,0,0,0,0,0,0,0,0,0,0,0,0,0,0.0035842293906810036,0.0035842293906810036,0,0,0.0035842293906810036,0,0,0,0,0,0,0,0,0,0,0,0,0,0,0,0,0,0,0,0,0,0,0,0.0071684587813620072,0.0035842293906810036,0,0,0,0,0,0,0,0,0,0,0,0,0,0.0035842293906810036,0.0035842293906810036,0.0035842293906810036,0.0035842293906810036,0,0,0,0,0,0,0,0,0,0,0,0,0,0,0,0,0,0,0,0,0,0,0,0,0,0,0,0
SRR8417500,0.28176795580110497,0.033149171270718231,0,0,0.088397790055248615,0.023941068139963169,0,0,0,0.014732965009208104,0,0.031307550644567222,0.001841620626151013,0,0,0,0,0.14548802946593001,0,0.001841620626151013,0.001841620626151013,0,0,0,0,0,0,0,0,0,0,0,0,0,0,0,0,0,0,0.001841620626151013,0.28913443830570901,0.036832412523020261,0,0.022099447513812154,0,0.0036832412523020259,0,0,0,0,0,0.0073664825046040518,0,0,0,0,0,0,0,0.001841620626151013,0,0,0,0,0,0,0,0,0,0,0,0,0,0,0,0,0,0,0,0,0,0,0,0,0,0,0,0,0,0,0,0.01289134438305709,0,0,0,0,0,0,0,0,0,0,0,0,0,0,0,0,0,0,0,0,0,0,0,0,0,0,0,0,0,0,0,0,0,0,0,0,0,0,0,0,0,0,0,0,0,0,0,0,0,0,0,0,0,0,0,0,0,0,0,0,0,0,0,0,0,0,0,0,0,0,0,0,0,0,0,0,0,0,0,0,0,0,0,0,0,0,0,0,0,0,0,0,0,0,0,0
SRR8417501,0.11504424778761062,0.0088495575221238937,0,0,0,0.017699115044247787,0,0,0.0088495575221238937,0,0.15929203539823009,0,0.088495575221238937,0,0,0,0,0,0,0.044247787610619468,0,0.017699115044247787,0,0,0,0.17699115044247787,0,0,0,0,0,0,0,0,0,0,0,0,0,0,0,0,0,0,0,0.11504424778761062,0,0.053097345132743362,0,0,0,0,0,0,0.044247787610619468,0,0,0,0,0,0,0.079646017699115043,0,0,0,0,0,0,0,0,0,0,0,0,0,0,0,0,0,0,0,0,0,0,0,0,0,0,0,0,0,0,0,0,0,0,0,0,0.0088495575221238937,0,0,0,0,0.017699115044247787,0,0,0,0,0,0,0,0,0,0,0,0,0,0,0,0,0,0,0,0,0,0,0,0,0,0,0,0,0,0,0,0,0,0,0,0,0,0,0,0,0,0,0,0,0,0,0,0,0,0,0,0,0,0.0088495575221238937,0,0,0.035398230088495575,0,0,0,0,0,0,0,0,0,0,0,0,0,0,0,0,0,0,0,0,0,0,0,0,0,0,0
SRR8417502,0,0.062176165803108807,0,0,0,0.66493955094991364,0,0,0.0017271157167530224,0,0,0,0,0,0,0,0,0.0051813471502590676,0,0,0,0,0,0,0,0,0,0,0,0,0,0,0,0,0,0,0,0,0,0,0.24352331606217617,0,0,0,0,0,0,0,0,0,0,0,0,0,0,0,0,0,0,0,0,0,0,0,0,0,0,0,0,0,0,0,0,0,0,0,0,0,0,0,0,0,0,0,0,0,0,0,0,0,0,0.02072538860103627,0,0,0,0,0.0017271157167530224,0,0,0,0,0,0,0,0,0,0,0,0,0,0,0,0,0,0,0,0,0,0,0,0,0,0,0,0,0,0,0,0,0,0,0,0,0,0,0,0,0,0,0,0,0,0,0,0,0,0,0,0,0,0,0,0,0,0,0,0,0,0,0,0,0,0,0,0,0,0,0,0,0,0,0,0,0,0,0,0,0,0,0,0,0,0,0,0,0,0,0
SRR8417503,0,0,0,0,0,0.12757605495583907,0.0009813542688910696,0,0.041216879293424928,0,0,0,0,0,0,0.19234543670264967,0,0.012757605495583905,0,0,0,0.0039254170755642784,0,0,0.13837095191364082,0.044160942100098133,0,0,0.32973503434739942,0,0,0,0,0,0,0,0,0,0,0.030421982335623161,0.053974484789008834,0,0,0,0,0,0,0,0,0,0,0,0,0,0,0,0,0,0,0,0,0.008832188420019628,0.0009813542688910696,0,0,0,0,0,0,0,0,0,0,0,0,0,0,0,0,0,0.002944062806673209,0,0,0,0,0,0,0,0,0,0,0.0078508341511285568,0,0,0,0,0,0,0,0,0,0,0,0,0,0,0,0,0,0.0009813542688910696,0,0,0,0,0,0,0,0,0,0,0,0,0,0,0,0,0,0,0,0,0,0,0,0,0,0,0,0,0,0,0,0,0.0019627085377821392,0,0,0,0,0,0,0,0,0,0,0,0,0,0,0,0,0,0,0.0009813542688910696,0,0,0,0,0,0,0,0,0,0,0,0,0,0,0,0,0,0,0,0,0,0,0,0,0,0
SRR8417504,0.72413793103448276,0.034482758620689655,0,0,0,0.07586206896551724,0,0,0.048275862068965517,0,0,0,0,0,0,0,0,0,0,0.048275862068965517,0,0,0.0068965517241379309,0,0,0,0,0,0,0,0,0,0,0,0,0,0,0,0,0,0,0,0,0,0,0.041379310344827586,0,0,0,0.0068965517241379309,0,0,0,0,0,0,0,0,0,0,0,0,0,0,0,0,0,0,0,0,0,0,0,0,0,0,0,0,0,0,0,0,0,0,0,0,0,0,0,0,0,0,0,0,0,0,0,0,0,0,0,0,0,0,0,0,0,0,0,0,0,0,0,0,0,0,0,0,0,0,0,0,0,0,0,0,0,0,0,0,0,0,0,0,0,0,0,0,0,0,0,0,0,0,0,0,0,0,0,0,0,0,0,0,0,0,0.013793103448275862,0,0,0,0,0,0,0,0,0,0,0,0,0,0,0,0,0,0,0,0,0,0,0,0,0,0,0,0,0,0,0
SRR8417505,0.47213622291021673,0,0.010835913312693499,0.01393188854489164,0,0.0015479876160990713,0.01238390092879257,0,0.065015479876160992,0.035603715170278639,0.0015479876160990713,0.0030959752321981426,0,0.018575851393188854,0,0.0015479876160990713,0,0.061919504643962849,0.0077399380804953561,0,0,0.0046439628482972135,0,0,0.01393188854489164,0.0077399380804953561,0.043343653250773995,0.0015479876160990713,0,0,0.0061919504643962852,0,0,0,0,0.01393188854489164,0.0092879256965944269,0,0,0,0,0.01393188854489164,0,0,0,0,0,0,0.0015479876160990713,0.029411764705882353,0,0,0.0015479876160990713,0,0,0,0.0015479876160990713,0,0,0,0.0015479876160990713,0,0,0,0,0,0,0,0.0046439628482972135,0.0077399380804953561,0,0,0,0,0,0,0,0,0,0.010835913312693499,0.0015479876160990713,0,0,0,0.097523219814241488,0,0,0,0,0,0,0,0,0,0,0.0030959752321981426,0,0,0,0,0,0,0,0,0,0,0,0.0077399380804953561,0,0,0,0,0,0,0,0.0015479876160990713,0,0,0,0,0,0,0,0,0,0,0.0015479876160990713,0,0,0,0,0,0,0,0,0,0,0,0,0,0,0,0,0,0,0,0,0,0,0,0,0,0,0,0,0,0,0,0,0,0,0.0077399380804953561,0,0,0,0,0,0,0,0,0,0,0,0,0,0,0,0,0,0,0,0,0,0,0,0,0,0
SRR8417506,0,0.014285714285714285,0,0,0,0.37619047619047619,0.019047619047619049,0,0.028571428571428571,0.028571428571428571,0,0.033333333333333333,0,0,0.038095238095238099,0,0,0.11428571428571428,0,0,0.0047619047619047623,0,0,0,0.038095238095238099,0.0047619047619047623,0,0,0,0,0,0,0,0,0,0.023809523809523808,0,0,0,0.028571428571428571,0.23333333333333334,0,0,0,0,0,0,0,0,0,0.0047619047619047623,0.0047619047619047623,0,0,0,0,0,0.0047619047619047623,0,0,0,0,0,0,0,0,0,0,0,0,0,0,0,0,0,0,0,0,0,0,0,0,0,0,0,0,0,0,0,0,0,0,0,0,0,0,0,0,0,0,0,0,0,0,0,0,0,0,0,0,0,0,0,0,0,0,0,0,0,0,0,0,0,0,0,0,0,0,0,0,0,0,0,0,0,0,0,0,0,0,0,0,0,0,0,0,0,0,0,0,0,0,0,0,0,0,0,0,0,0,0,0,0,0,0,0,0,0,0,0,0,0,0,0,0,0,0,0,0,0,0,0,0,0,0,0,0,0
SRR8417510,0.067741935483870974,0,0,0.0096774193548387101,0,0,0,0.022580645161290321,0.012903225806451613,0.62580645161290327,0,0,0.0032258064516129032,0,0,0.03870967741935484,0,0.0032258064516129032,0,0,0,0,0,0,0.0032258064516129032,0.058064516129032261,0.045161290322580643,0,0,0.0032258064516129032,0,0,0,0,0,0.0064516129032258064,0.0032258064516129032,0,0,0,0,0,0,0,0.0032258064516129032,0,0,0.0032258064516129032,0,0,0,0,0,0,0,0,0,0,0,0,0,0,0,0,0.051612903225806452,0,0,0,0,0.0096774193548387101,0,0,0,0,0,0.0032258064516129032,0.0032258064516129032,0,0,0,0.012903225806451613,0,0,0,0,0,0,0,0,0,0,0,0,0,0,0,0,0,0,0,0,0.0032258064516129032,0,0,0,0,0,0,0,0,0,0,0,0,0,0,0,0,0,0,0,0.0032258064516129032,0,0,0,0,0,0,0,0,0,0,0,0,0,0,0,0,0,0,0,0,0,0,0,0,0,0,0,0,0,0,0,0,0,0,0,0,0,0,0,0,0.0032258064516129032,0,0,0,0,0,0,0,0,0,0,0,0,0,0,0,0,0,0,0,0,0,0,0,0,0
SRR8417511,0.36249999999999999,0.037499999999999999,0,0,0,0.012500000000000001,0,0,0.10000000000000001,0.037499999999999999,0.012500000000000001,0,0,0,0.0625,0,0,0.14999999999999999,0.025000000000000001,0,0,0,0,0,0.012500000000000001,0,0.025000000000000001,0,0,0,0,0,0,0,0,0.037499999999999999,0.012500000000000001,0,0,0,0,0.074999999999999997,0,0,0,0,0,0,0,0,0,0,0,0,0,0,0,0,0,0,0,0,0,0,0,0,0,0,0,0,0,0,0,0,0,0,0.012500000000000001,0,0,0.025000000000000001,0,0,0,0,0,0,0,0,0,0,0,0,0,0,0,0,0,0,0,0,0,0,0,0,0,0,0,0,0,0,0,0,0,0,0,0,0,0,0,0,0,0,0,0,0,0,0,0,0,0,0,0,0,0,0,0,0,0,0,0,0,0,0,0,0,0,0,0,0,0,0,0,0,0,0,0,0,0,0,0,0,0,0,0,0,0,0,0,0,0,0,0,0,0,0,0,0,0,0,0,0,0,0,0,0,0,0,0
SRR8417512,0.12842712842712842,0,0,0.005772005772005772,0,0.089466089466089471,0,0.001443001443001443,0.023088023088023088,0,0.017316017316017316,0.001443001443001443,0.002886002886002886,0,0,0,0,0.008658008658008658,0.002886002886002886,0.015873015873015872,0,0.004329004329004329,0,0.004329004329004329,0.005772005772005772,0.008658008658008658,0.21500721500721501,0,0.004329004329004329,0.005772005772005772,0.002886002886002886,0,0,0,0,0.001443001443001443,0.01443001443001443,0,0.001443001443001443,0.001443001443001443,0.049062049062049064,0.005772005772005772,0.002886002886002886,0,0,0.001443001443001443,0.011544011544011544,0,0,0.011544011544011544,0.001443001443001443,0.03751803751803752,0,0,0.001443001443001443,0.007215007215007215,0,0.001443001443001443,0,0.012987012987012988,0,0.004329004329004329,0,0.004329004329004329,0,0,0,0,0,0.004329004329004329,0,0,0,0,0,0,0.002886002886002886,0.001443001443001443,0,0.01443001443001443,0.001443001443001443,0,0,0,0,0,0,0,0,0,0,0,0,0,0,0,0,0,0,0,0,0,0,0,0,0,0,0,0,0,0,0,0,0,0,0,0,0,0,0,0,0,0,0,0,0,0,0,0,0,0,0,0,0,0,0,0,0,0,0,0,0,0,0,0,0.07792207792207792,0,0,0,0,0,0,0,0,0,0,0,0,0,0,0,0,0,0.17604617604617603,0.001443001443001443,0,0,0,0,0,0,0,0,0,0,0,0,0,0,0,0,0,0,0,0,0,0,0
SRR8417513,0.66666666666666663,0,0,0.017543859649122806,0,0.045614035087719301,0,0.014035087719298246,0.031578947368421054,0.017543859649122806,0,0,0.0070175438596491229,0,0,0,0,0.028070175438596492,0,0,0.0070175438596491229,0,0.0035087719298245615,0,0.0035087719298245615,0.014035087719298246,0,0.010526315789473684,0,0,0,0,0.014035087719298246,0,0,0.045614035087719301,0,0,0,0,0.02456140350877193,0,0,0,0,0.010526315789473684,0,0,0,0,0.0035087719298245615,0,0,0,0,0,0.021052631578947368,0,0,0,0,0,0,0.010526315789473684,0,0,0,0,0,0,0,0,0,0,0,0,0,0,0,0,0,0,0,0,0,0,0,0,0,0,0,0,0,0,0,0,0,0,0,0,0,0,0.0035087719298245615,0,0,0,0,0,0,0,0,0,0,0,0,0,0,0,0,0,0,0,0,0,0,0,0,0,0,0,0,0,0,0,0,0,0,0,0,0,0,0,0,0,0,0,0,0,0,0,0,0,0,0,0,0,0,0,0,0,0,0,0,0,0,0,0,0,0,0,0,0,0,0,0,0,0,0,0,0,0,0,0,0,0,0,0,0
SRR8417515,0.23684210526315788,0,0,0.15789473684210525,0.026315789473684209,0.10526315789473684,0,0.078947368421052627,0.052631578947368418,0.052631578947368418,0,0,0,0,0,0,0,0.026315789473684209,0,0,0,0,0,0,0.10526315789473684,0.026315789473684209,0.026315789473684209,0,0,0,0,0,0,0,0,0,0,0,0,0,0,0.078947368421052627,0,0,0,0,0,0,0,0,0,0.026315789473684209,0,0,0,0,0,0,0,0,0,0,0,0,0,0,0,0,0,0,0,0,0,0,0,0,0,0,0,0,0,0,0,0,0,0,0,0,0,0,0,0,0,0,0,0,0,0,0,0,0,0,0,0,0,0,0,0,0,0,0,0,0,0,0,0,0,0,0,0,0,0,0,0,0,0,0,0,0,0,0,0,0,0,0,0,0,0,0,0,0,0,0,0,0,0,0,0,0,0,0,0,0,0,0,0,0,0,0,0,0,0,0,0,0,0,0,0,0,0,0,0,0,0,0,0,0,0,0,0,0,0,0,0,0,0,0,0
SRR8417516,0.13973799126637554,0,0,0.0087336244541484712,0.028384279475982533,0.034934497816593885,0,0.076419213973799124,0.098253275109170299,0.037117903930131008,0,0.0065502183406113534,0,0,0.0065502183406113534,0,0,0.15065502183406113,0.0021834061135371178,0.0065502183406113534,0,0,0,0,0.034934497816593885,0.010917030567685589,0.14410480349344978,0,0,0,0,0,0,0,0,0.013100436681222707,0,0,0,0,0,0.1331877729257642,0.0087336244541484712,0,0,0.0087336244541484712,0,0,0.0065502183406113534,0.013100436681222707,0,0,0,0,0,0,0.0043668122270742356,0,0,0,0,0,0,0,0,0,0,0,0,0,0,0,0,0,0,0,0,0.0021834061135371178,0,0.0065502183406113534,0,0.0065502183406113534,0,0,0.0021834061135371178,0,0,0,0,0,0,0,0,0,0,0.0021834061135371178,0,0,0,0,0,0,0,0,0,0,0,0,0,0,0,0,0.0043668122270742356,0,0,0,0,0,0,0,0,0,0,0,0,0,0,0,0,0,0,0,0,0,0,0,0,0,0,0,0,0,0,0,0,0,0,0,0,0,0,0,0,0,0,0,0,0,0,0,0,0,0,0,0,0.0021834061135371178,0,0,0,0,0,0,0,0,0,0,0,0,0,0,0,0,0,0,0,0,0,0
SRR8417517,0.79629629629629628,0,0,0,0,0.083333333333333329,0,0,0,0,0,0,0,0,0,0,0,0.083333333333333329,0,0,0,0,0,0,0.037037037037037035,0,0,0,0,0,0,0,0,0,0,0,0,0,0,0,0,0,0,0,0,0,0,0,0,0,0,0,0,0,0,0,0,0,0,0,0,0,0,0,0,0,0,0,0,0,0,0,0,0,0,0,0,0,0,0,0,0,0,0,0,0,0,0,0,0,0,0,0,0,0,0,0,0,0,0,0,0,0,0,0,0,0,0,0,0,0,0,0,0,0,0,0,0,0,0,0,0,0,0,0,0,0,0,0,0,0,0,0,0,0,0,0,0,0,0,0,0,0,0,0,0,0,0,0,0,0,0,0,0,0,0,0,0,0,0,0,0,0,0,0,0,0,0,0,0,0,0,0,0,0,0,0,0,0,0,0,0,0,0,0,0,0,0
SRR8417529,0.01238390092879257,0,0,0.061919504643962849,0.1021671826625387,0.0092879256965944269,0,0,0.021671826625386997,0.13003095975232198,0.049535603715170282,0.0030959752321981426,0,0,0.11764705882352941,0.080495356037151702,0,0.0030959752321981426,0.040247678018575851,0,0,0.0030959752321981426,0.0030959752321981426,0,0,0.0061919504643962852,0.0061919504643962852,0,0,0,0,0,0,0,0,0.0030959752321981426,0,0,0,0,0,0,0,0,0,0.0030959752321981426,0,0.01238390092879257,0.015479876160990712,0,0,0,0.021671826625386997,0,0,0,0.13312693498452013,0,0,0,0.0030959752321981426,0.027863777089783281,0.0061919504643962852,0,0,0,0,0,0,0,0,0,0,0,0,0,0,0,0,0,0,0,0,0,0,0.0030959752321981426,0,0,0,0,0,0,0,0,0,0.0030959752321981426,0,0,0,0,0,0,0,0,0,0,0,0,0,0.0061919504643962852,0,0,0,0,0,0,0,0,0,0,0.0030959752321981426,0,0.0092879256965944269,0,0,0,0,0,0,0,0,0,0,0,0,0,0,0,0,0,0,0,0,0,0,0,0,0,0,0,0,0,0,0,0,0,0,0,0,0,0,0,0,0,0,0,0.083591331269349839,0.0030959752321981426,0.0092879256965944269,0.0030959752321981426,0,0,0,0,0,0,0,0,0,0,0,0,0,0,0,0,0,0
SRR8417533,0.1362763915547025,0.013435700575815739,0,0.071017274472168906,0.003838771593090211,0.55470249520153547,0,0.0057581573896353169,0.0019193857965451055,0.0057581573896353169,0.0019193857965451055,0,0,0,0.0019193857965451055,0,0,0.015355086372360844,0.032629558541266791,0.017274472168905951,0.044145873320537425,0,0,0.0019193857965451055,0,0,0.028790786948176585,0.0019193857965451055,0,0.0019193857965451055,0.007677543186180422,0,0,0,0,0.007677543186180422,0,0,0,0.0019193857965451055,0,0.011516314779270634,0,0,0,0.011516314779270634,0,0.003838771593090211,0,0.0019193857965451055,0.0095969289827255271,0,0,0,0,0,0,0,0,0,0,0,0,0,0,0,0,0,0,0,0,0,0,0,0,0,0,0,0,0,0.003838771593090211,0,0,0,0,0,0,0,0,0,0,0,0,0,0,0,0,0,0,0,0,0,0,0,0,0,0,0,0,0,0,0,0,0,0,0,0,0,0,0,0,0,0,0,0,0,0,0,0,0,0,0,0,0,0,0,0,0,0,0,0,0,0,0,0,0,0,0,0,0,0,0,0,0,0,0,0,0,0,0,0,0,0,0,0,0,0,0,0,0,0,0,0,0,0,0,0,0,0,0,0,0,0,0,0,0,0,0
SRR8417534,0.21022727272727273,0,0,0.05113636363636364,0,0,0,0.056818181818181816,0.11363636363636363,0.10227272727272728,0,0,0,0,0.034090909090909088,0.005681818181818182,0,0.011363636363636364,0.011363636363636364,0.017045454545454544,0.005681818181818182,0,0.005681818181818182,0,0.005681818181818182,0.05113636363636364,0.068181818181818177,0,0,0,0.011363636363636364,0,0,0,0,0,0.011363636363636364,0,0,0,0,0.05113636363636364,0.028409090909090908,0.022727272727272728,0,0.022727272727272728,0.056818181818181816,0,0.011363636363636364,0,0.011363636363636364,0,0,0,0,0,0,0,0,0,0,0,0.005681818181818182,0,0,0,0,0,0.005681818181818182,0,0,0,0,0,0,0,0,0,0,0,0,0,0,0,0,0,0,0,0,0,0,0,0,0,0,0,0,0,0,0,0,0,0,0,0,0,0,0,0,0,0,0,0,0,0,0.005681818181818182,0,0,0,0,0,0,0,0,0,0,0,0,0,0,0,0,0,0,0,0,0,0,0,0,0,0,0,0,0,0,0,0,0,0,0,0,0,0,0,0,0,0,0,0,0,0,0,0,0,0,0,0,0,0,0.005681818181818182,0,0,0,0,0,0,0,0,0,0,0,0,0,0,0,0,0
SRR8417535,0.069923371647509572,0,0,0,0.047892720306513412,0.48659003831417624,0.00095785440613026815,0,0.014367816091954023,0.040229885057471264,0,0,0.0019157088122605363,0.014367816091954023,0.0057471264367816091,0,0,0.027777777777777776,0.068007662835249047,0.0038314176245210726,0,0,0.00095785440613026815,0.00095785440613026815,0.0019157088122605363,0,0.0086206896551724137,0,0,0,0.00095785440613026815,0,0,0,0,0.0057471264367816091,0,0,0,0,0.13314176245210729,0.027777777777777776,0,0,0,0.0019157088122605363,0.0076628352490421452,0,0,0.0057471264367816091,0.0028735632183908046,0.0038314176245210726,0,0,0,0,0,0,0,0,0,0,0,0.00095785440613026815,0,0,0,0,0.00095785440613026815,0,0,0,0,0,0,0,0,0.0019157088122605363,0,0,0,0,0,0,0.011494252873563218,0.00095785440613026815,0,0,0,0,0,0,0,0,0,0,0,0,0,0,0,0,0,0,0,0,0,0,0,0,0,0,0,0,0,0,0,0,0,0,0,0,0,0,0,0,0,0,0,0,0,0,0,0,0,0,0,0,0,0,0,0,0,0,0,0,0,0,0,0,0,0,0,0,0,0,0,0,0,0,0,0,0,0,0,0,0,0,0,0,0,0,0,0,0,0,0,0,0,0,0,0,0,0,0,0,0,0
SRR8417536,0.26901669758812619,0.033395176252319109,0,0,0,0,0,0,0.012987012987012988,0.018552875695732839,0,0,0,0.10760667903525047,0.0037105751391465678,0,0,0.10760667903525047,0,0.059369202226345084,0.0037105751391465678,0.016697588126159554,0,0.0037105751391465678,0.0037105751391465678,0,0,0,0,0,0,0,0,0,0,0,0,0,0,0.0055658627087198514,0.17439703153988867,0,0,0,0,0,0,0,0,0,0.0018552875695732839,0,0,0,0.0037105751391465678,0,0,0.0018552875695732839,0,0,0,0,0,0,0,0,0,0,0,0,0,0,0,0,0,0,0,0.0018552875695732839,0,0,0,0,0,0,0,0,0,0,0,0,0,0.16326530612244897,0,0,0,0,0,0,0,0,0,0,0,0.0037105751391465678,0,0,0,0,0,0,0,0,0,0,0,0,0.0018552875695732839,0,0,0,0,0,0,0,0,0,0,0,0,0,0,0.0018552875695732839,0,0,0,0,0,0,0,0,0,0,0,0,0,0,0,0,0,0,0,0,0,0,0,0,0,0,0,0,0,0,0,0,0,0,0,0,0,0,0,0,0,0,0,0,0,0,0,0,0,0,0,0,0,0,0,0
SRR8417537,0,0,0,0,0,0.27272727272727271,0,0,0,0,0,0,0,0,0,0,0,0,0,0,0,0,0,0.036363636363636362,0,0,0,0,0,0,0,0,0,0,0,0,0,0,0,0,0.65454545454545454,0,0,0,0,0,0,0,0,0,0,0,0,0,0,0,0,0,0,0,0,0,0,0,0,0,0,0,0,0,0,0,0,0,0,0,0,0,0,0,0.018181818181818181,0,0,0,0,0,0,0,0,0,0,0.018181818181818181,0,0,0,0,0,0,0,0,0,0,0,0,0,0,0,0,0,0,0,0,0,0,0,0,0,0,0,0,0,0,0,0,0,0,0,0,0,0,0,0,0,0,0,0,0,0,0,0,0,0,0,0,0,0,0,0,0,0,0,0,0,0,0,0,0,0,0,0,0,0,0,0,0,0,0,0,0,0,0,0,0,0,0,0,0,0,0,0,0,0,0,0,0,0,0,0
SRR8417538,0.36856010568031705,0,0,0,0.016512549537648614,0.2285336856010568,0,0,0.024438573315719948,0.0019815059445178335,0,0.021796565389696168,0,0,0,0,0,0.015852047556142668,0.011228533685601057,0,0.10501981505944517,0.0019815059445178335,0,0.00066050198150594452,0.0019815059445178335,0.0039630118890356669,0,0,0,0,0,0,0.001321003963011889,0,0,0.009247027741083224,0,0.00066050198150594452,0,0.0052840158520475562,0.14663143989431968,0,0,0,0,0,0,0.0039630118890356669,0,0,0,0,0,0,0.0052840158520475562,0,0.0039630118890356669,0.00066050198150594452,0,0,0,0,0,0,0,0,0,0,0,0,0,0,0,0,0,0,0,0,0,0,0.0059445178335535004,0,0,0.00066050198150594452,0,0,0,0.0026420079260237781,0,0,0,0.00066050198150594452,0,0,0,0,0,0,0,0,0,0.00066050198150594452,0,0,0,0,0,0,0,0.00066050198150594452,0,0,0,0,0,0,0.00066050198150594452,0,0,0,0,0,0,0,0,0,0,0,0,0,0,0,0.0033025099075297227,0,0,0,0,0,0,0,0,0,0,0,0,0,0,0,0,0,0,0,0,0,0,0,0,0,0,0,0,0,0,0,0,0,0,0,0,0,0,0.00066050198150594452,0.00066050198150594452,0.00066050198150594452,0.001321003963011889,0.001321003963011889,0.00066050198150594452,0,0,0,0,0,0,0,0,0,0,0
SRR8417539,0.33536585365853661,0,0,0.20121951219512196,0,0.23780487804878048,0,0,0.042682926829268296,0.018292682926829267,0,0,0,0,0,0,0,0.024390243902439025,0.018292682926829267,0,0,0,0.0060975609756097563,0,0.036585365853658534,0,0.0060975609756097563,0,0,0,0,0,0.012195121951219513,0,0,0.0060975609756097563,0,0,0,0,0.018292682926829267,0.024390243902439025,0,0.0060975609756097563,0,0,0,0,0,0.0060975609756097563,0,0,0,0,0,0,0,0,0,0,0,0,0,0,0,0,0,0,0,0,0,0,0,0,0,0,0,0,0,0,0,0,0,0,0,0,0,0,0,0,0,0,0,0,0,0,0,0,0,0,0,0,0,0,0,0,0,0,0,0,0,0,0,0,0,0,0,0,0,0,0,0,0,0,0,0,0,0,0,0,0,0,0,0,0,0,0,0,0,0,0,0,0,0,0,0,0,0,0,0,0,0,0,0,0,0,0,0,0,0,0,0,0,0,0,0,0,0,0,0,0,0,0,0,0,0,0,0,0,0,0,0,0,0,0,0,0,0
SRR8417540,0.32000000000000001,0,0,0.11,0,0.11,0,0,0.070000000000000007,0.040000000000000001,0,0,0,0,0.029999999999999999,0,0,0.01,0,0,0,0,0,0,0,0,0,0.029999999999999999,0,0,0.01,0,0,0,0,0.059999999999999998,0,0,0,0.01,0,0.029999999999999999,0,0,0,0,0,0,0,0.01,0,0,0,0,0,0,0,0,0,0,0,0,0,0,0,0,0,0,0,0,0,0,0,0,0,0,0,0,0,0,0,0,0,0,0.14000000000000001,0,0,0,0,0.01,0,0,0,0,0,0,0,0,0.01,0,0,0,0,0,0,0,0,0,0,0,0,0,0,0,0,0,0,0,0,0,0,0,0,0,0,0,0,0,0,0,0,0,0,0,0,0,0,0,0,0,0,0,0,0,0,0,0,0,0,0,0,0,0,0,0,0,0,0,0,0,0,0,0,0,0,0,0,0,0,0,0,0,0,0,0,0,0,0,0,0,0,0,0,0,0,0,0,0
SRR8417541,0.80000000000000004,0,0,0.20000000000000001,0,0,0,0,0,0,0,0,0,0,0,0,0,0,0,0,0,0,0,0,0,0,0,0,0,0,0,0,0,0,0,0,0,0,0,0,0,0,0,0,0,0,0,0,0,0,0,0,0,0,0,0,0,0,0,0,0,0,0,0,0,0,0,0,0,0,0,0,0,0,0,0,0,0,0,0,0,0,0,0,0,0,0,0,0,0,0,0,0,0,0,0,0,0,0,0,0,0,0,0,0,0,0,0,0,0,0,0,0,0,0,0,0,0,0,0,0,0,0,0,0,0,0,0,0,0,0,0,0,0,0,0,0,0,0,0,0,0,0,0,0,0,0,0,0,0,0,0,0,0,0,0,0,0,0,0,0,0,0,0,0,0,0,0,0,0,0,0,0,0,0,0,0,0,0,0,0,0,0,0,0,0,0,0
SRR8417542,0.43119266055045874,0,0,0.049803407601572737,0.13106159895150721,0,0.0052424639580602884,0,0.074705111402359109,0.13630406290956751,0,0,0,0.0078636959370904317,0.045871559633027525,0.02621231979030144,0,0,0,0.0078636959370904317,0,0,0,0,0.060288335517693317,0,0,0,0,0,0.0078636959370904317,0,0,0,0,0.011795543905635648,0,0,0,0,0.0013106159895150721,0,0,0,0,0,0,0,0,0,0,0,0,0,0,0,0,0,0,0,0,0,0,0,0,0,0,0,0.0026212319790301442,0,0,0,0,0,0,0,0,0,0,0,0,0,0,0,0,0,0,0,0,0,0,0,0,0,0,0,0,0,0,0,0,0,0,0,0,0,0,0,0,0,0,0,0,0,0,0,0,0,0,0,0,0,0,0,0,0,0,0,0,0,0,0,0,0,0,0,0,0,0,0,0,0,0,0,0,0,0,0,0,0,0,0,0,0,0,0,0,0,0,0,0,0,0,0,0,0,0,0,0,0,0,0,0,0,0,0,0,0,0,0,0,0,0,0,0,0,0,0
SRR8417543,0.1111111111111111,0,0,0,0.07407407407407407,0,0,0,0.037037037037037035,0.037037037037037035,0,0.1111111111111111,0,0,0,0,0.07407407407407407,0,0,0.1111111111111111,0.25925925925925924,0,0,0,0,0,0.07407407407407407,0,0,0,0,0,0,0,0,0,0,0,0,0,0,0.07407407407407407,0,0,0,0,0,0,0,0,0,0,0,0,0,0,0,0,0,0,0,0,0,0,0,0,0,0,0,0,0,0,0,0,0,0,0,0,0,0,0,0,0,0,0,0,0,0,0,0,0,0,0,0.037037037037037035,0,0,0,0,0,0,0,0,0,0,0,0,0,0,0,0,0,0,0,0,0,0,0,0,0,0,0,0,0,0,0,0,0,0,0,0,0,0,0,0,0,0,0,0,0,0,0,0,0,0,0,0,0,0,0,0,0,0,0,0,0,0,0,0,0,0,0,0,0,0,0,0,0,0,0,0,0,0,0,0,0,0,0,0,0,0,0,0,0,0,0,0,0,0
SRR8417555,0.125,0,0,0.25,0,0,0,0,0,0.375,0,0,0,0,0,0,0,0.125,0,0,0,0,0,0,0,0,0,0,0,0,0,0,0,0,0,0,0,0,0,0,0,0,0,0,0,0.125,0,0,0,0,0,0,0,0,0,0,0,0,0,0,0,0,0,0,0,0,0,0,0,0,0,0,0,0,0,0,0,0,0,0,0,0,0,0,0,0,0,0,0,0,0,0,0,0,0,0,0,0,0,0,0,0,0,0,0,0,0,0,0,0,0,0,0,0,0,0,0,0,0,0,0,0,0,0,0,0,0,0,0,0,0,0,0,0,0,0,0,0,0,0,0,0,0,0,0,0,0,0,0,0,0,0,0,0,0,0,0,0,0,0,0,0,0,0,0,0,0,0,0,0,0,0,0,0,0,0,0,0,0,0,0,0,0,0,0,0,0,0
SRR8417556,0,0,0,0,0,0.69285714285714284,0,0,0.014285714285714285,0.064285714285714279,0,0,0,0,0,0,0,0.028571428571428571,0.028571428571428571,0,0,0,0,0,0.021428571428571429,0,0,0,0,0,0,0,0,0,0,0,0,0,0,0,0.14285714285714285,0,0,0,0,0,0.0071428571428571426,0,0,0,0,0,0,0,0,0,0,0,0,0,0,0,0,0,0,0,0,0,0,0,0,0,0,0,0,0,0,0,0,0,0,0,0,0,0,0,0,0,0,0,0,0,0,0,0,0,0,0,0,0,0,0,0,0,0,0,0,0,0,0,0,0,0,0,0,0,0,0,0,0,0,0,0,0,0,0,0,0,0,0,0,0,0,0,0,0,0,0,0,0,0,0,0,0,0,0,0,0,0,0,0,0,0,0,0,0,0,0,0,0,0,0,0,0,0,0,0,0,0,0,0,0,0,0,0,0,0,0,0,0,0,0,0,0,0,0,0,0
SRR8417557,0.49315068493150682,0,0,0,0,0.1095890410958904,0,0.041095890410958902,0,0.013698630136986301,0.054794520547945202,0.027397260273972601,0,0,0,0,0,0.082191780821917804,0,0,0,0,0.013698630136986301,0,0,0,0.013698630136986301,0,0,0,0,0,0,0,0,0,0.013698630136986301,0,0,0,0,0.054794520547945202,0,0,0,0,0.027397260273972601,0,0,0,0,0,0,0,0,0,0,0.013698630136986301,0,0.013698630136986301,0,0,0,0,0,0,0,0,0,0,0,0,0,0,0,0,0,0,0,0,0,0,0,0,0,0,0,0,0,0,0,0,0,0,0,0.027397260273972601,0,0,0,0,0,0,0,0,0,0,0,0,0,0,0,0,0,0,0,0,0,0,0,0,0,0,0,0,0,0,0,0,0,0,0,0,0,0,0,0,0,0,0,0,0,0,0,0,0,0,0,0,0,0,0,0,0,0,0,0,0,0,0,0,0,0,0,0,0,0,0,0,0,0,0,0,0,0,0,0,0,0,0,0,0,0,0,0,0,0,0,0
SRR8417558,0.2089041095890411,0,0,0,0,0.1678082191780822,0.030821917808219176,0.039383561643835614,0.058219178082191778,0.047945205479452052,0,0.13013698630136986,0,0,0.0017123287671232876,0.0085616438356164379,0,0.032534246575342464,0,0.032534246575342464,0,0,0,0,0,0,0.035958904109589039,0,0,0,0,0,0,0,0,0.034246575342465752,0.04965753424657534,0,0,0,0,0.032534246575342464,0.013698630136986301,0,0,0,0.018835616438356163,0,0,0,0.0034246575342465752,0,0,0,0,0,0.0034246575342465752,0,0,0,0.0034246575342465752,0,0,0,0,0,0,0,0,0.0085616438356164379,0,0,0,0,0,0,0,0,0,0.0051369863013698627,0,0.0017123287671232876,0,0,0,0,0,0,0,0,0,0,0,0,0.027397260273972601,0.0017123287671232876,0,0,0,0,0,0,0,0,0,0,0,0,0,0,0,0,0,0,0.0017123287671232876,0,0,0,0,0,0,0,0,0,0,0,0,0,0,0,0,0,0,0,0,0,0,0,0,0,0,0,0,0,0,0,0,0,0,0,0,0,0,0,0,0,0,0,0,0,0,0,0,0,0,0,0,0,0,0,0,0,0,0,0,0,0,0,0,0,0,0,0,0,0,0,0,0
SRR8417559,0.19047619047619047,0,0,0.00911854103343465,0,0,0,0,0.35157041540020262,0.052684903748733539,0.0020263424518743669,0.0070921985815602835,0.011144883485309016,0,0.07598784194528875,0.044579533941236066,0,0.0182370820668693,0.00911854103343465,0,0,0,0.023302938196555219,0.0010131712259371835,0.00911854103343465,0.023302938196555219,0.033434650455927049,0.0040526849037487338,0,0,0,0,0,0,0,0.0040526849037487338,0.0030395136778115501,0,0,0,0.059777102330293819,0,0,0,0,0,0.0020263424518743669,0.0010131712259371835,0,0.0020263424518743669,0.0020263424518743669,0.0030395136778115501,0.022289766970618033,0,0.0020263424518743669,0,0,0,0,0,0,0.0020263424518743669,0.0010131712259371835,0,0,0,0,0,0,0,0,0,0,0,0,0,0,0,0,0.0010131712259371835,0,0,0,0,0.0010131712259371835,0,0,0,0,0,0,0.0010131712259371835,0,0,0,0.0020263424518743669,0,0,0,0,0,0,0,0.0010131712259371835,0.0030395136778115501,0,0,0.014184397163120567,0,0,0.0030395136778115501,0,0,0,0,0,0,0,0,0,0,0,0,0,0,0.0010131712259371835,0,0,0,0,0,0,0,0,0,0,0,0,0,0,0,0,0,0,0,0,0,0,0,0,0,0,0,0,0,0,0,0,0,0,0,0,0,0,0.0010131712259371835,0,0,0,0,0,0,0,0,0,0,0,0,0.0010131712259371835,0,0,0,0,0,0,0,0,0,0
SRR8417560,0.20000000000000001,0,0,0.080000000000000002,0.080000000000000002,0,0,0,0,0.23999999999999999,0,0,0,0,0,0,0,0,0,0,0,0,0,0,0,0,0,0,0,0,0,0,0,0,0,0,0,0,0,0,0.32000000000000001,0,0,0,0,0,0,0,0,0,0,0,0,0,0,0,0,0,0,0.080000000000000002,0,0,0,0,0,0,0,0,0,0,0,0,0,0,0,0,0,0,0,0,0,0,0,0,0,0,0,0,0,0,0,0,0,0,0,0,0,0,0,0,0,0,0,0,0,0,0,0,0,0,0,0,0,0,0,0,0,0,0,0,0,0,0,0,0,0,0,0,0,0,0,0,0,0,0,0,0,0,0,0,0,0,0,0,0,0,0,0,0,0,0,0,0,0,0,0,0,0,0,0,0,0,0,0,0,0,0,0,0,0,0,0,0,0,0,0,0,0,0,0,0,0,0,0,0,0,0,0
SRR8417561,0,0,0.00084745762711864404,0,0,0.62881355932203387,0,0.00084745762711864404,0.0042372881355932203,0.16779661016949152,0,0,0,0,0.00084745762711864404,0.005084745762711864,0,0.011016949152542373,0.0076271186440677969,0.025423728813559324,0.00084745762711864404,0,0.002542372881355932,0,0.0076271186440677969,0.00084745762711864404,0.002542372881355932,0,0,0,0,0,0,0,0,0.005084745762711864,0,0,0,0,0.095762711864406783,0.022033898305084745,0,0,0.00084745762711864404,0,0.0042372881355932203,0,0,0,0,0,0.00084745762711864404,0,0,0,0,0,0,0,0,0.0016949152542372881,0,0,0,0,0,0,0,0,0,0,0,0,0,0,0,0,0,0,0,0,0,0,0,0,0,0,0,0,0,0,0,0,0,0.002542372881355932,0,0,0,0,0,0,0,0,0,0,0,0,0,0,0,0,0,0,0,0,0,0,0,0,0,0,0,0,0,0,0,0,0,0,0,0,0,0,0,0,0,0,0,0,0,0,0,0,0,0,0,0,0,0,0,0,0,0,0,0,0,0,0,0,0,0,0,0,0,0,0,0,0,0,0,0,0,0,0,0,0,0,0,0,0,0,0,0,0,0,0,0
SRR8417562,0.60377358490566035,0,0,0,0,0,0,0,0.018867924528301886,0.037735849056603772,0,0,0,0,0.075471698113207544,0,0,0.037735849056603772,0,0,0,0,0,0,0,0,0,0.018867924528301886,0,0,0,0,0,0,0,0,0,0,0,0,0.20754716981132076,0,0,0,0,0,0,0,0,0,0,0,0,0,0,0,0,0,0,0,0,0,0,0,0,0,0,0,0,0,0,0,0,0,0,0,0,0,0,0,0,0,0,0,0,0,0,0,0,0,0,0,0,0,0,0,0,0,0,0,0,0,0,0,0,0,0,0,0,0,0,0,0,0,0,0,0,0,0,0,0,0,0,0,0,0,0,0,0,0,0,0,0,0,0,0,0,0,0,0,0,0,0,0,0,0,0,0,0,0,0,0,0,0,0,0,0,0,0,0,0,0,0,0,0,0,0,0,0,0,0,0,0,0,0,0,0,0,0,0,0,0,0,0,0,0,0,0
SRR8417563,0.072649572649572655,0,0,0.064102564102564097,0.021367521367521368,0.047008547008547008,0,0.094017094017094016,0.0042735042735042739,0.089743589743589744,0,0.28632478632478631,0.0042735042735042739,0,0.01282051282051282,0.055555555555555552,0,0.01282051282051282,0,0.02564102564102564,0,0,0,0,0.01282051282051282,0.0042735042735042739,0,0,0.0085470085470085479,0.0042735042735042739,0,0,0,0,0,0.0042735042735042739,0,0,0,0,0.068376068376068383,0,0,0,0,0,0.034188034188034191,0,0,0,0,0,0.0042735042735042739,0,0,0,0,0,0,0,0,0,0.0085470085470085479,0.0042735042735042739,0,0.0085470085470085479,0,0,0,0,0,0,0,0,0,0,0,0,0,0,0.017094017094017096,0,0.01282051282051282,0,0,0,0,0,0,0,0,0,0,0,0,0,0,0,0,0,0,0,0,0,0,0,0,0,0,0,0,0,0,0,0,0.0085470085470085479,0,0,0,0,0.0042735042735042739,0,0,0,0,0,0,0,0,0,0,0,0,0,0,0,0,0,0,0,0,0,0,0,0,0,0,0,0,0,0,0,0,0,0,0,0,0,0,0,0,0,0,0,0,0,0,0,0,0,0,0,0,0,0,0,0,0,0.0042735042735042739,0,0,0,0,0,0,0,0,0
SRR8417564,0.058139534883720929,0,0,0,0,0,0,0.44186046511627908,0.034883720930232558,0.011627906976744186,0,0,0,0,0,0,0,0.058139534883720929,0,0.046511627906976744,0.034883720930232558,0.011627906976744186,0,0,0,0,0.011627906976744186,0,0,0,0,0,0,0,0,0.023255813953488372,0,0,0,0,0,0.069767441860465115,0,0,0,0,0.011627906976744186,0,0,0,0,0,0,0,0.11627906976744186,0,0,0,0,0,0,0,0,0,0,0,0,0,0,0,0,0,0,0,0,0,0,0,0,0,0.034883720930232558,0,0,0,0,0,0,0,0,0,0,0,0,0,0,0.023255813953488372,0,0,0,0,0,0,0,0,0,0,0,0,0,0,0,0,0,0,0,0,0,0,0,0,0,0,0,0,0,0,0,0,0,0,0,0,0,0,0,0,0,0,0.011627906976744186,0,0,0,0,0,0,0,0,0,0,0,0,0,0,0,0,0,0,0,0,0,0,0,0,0,0,0,0,0,0,0,0,0,0,0,0,0,0,0,0,0,0,0,0,0,0,0,0,0
SRR8417565,0.018612521150592216,0,0,0,0.0016920473773265651,0,0,0.07952622673434856,0.02030456852791878,0.015228426395939087,0.0067681895093062603,0.0084602368866328256,0.0033840947546531302,0,0,0,0,0.005076142131979695,0,0.030456852791878174,0,0.0067681895093062603,0,0,0.0016920473773265651,0.005076142131979695,0.072758037225042302,0,0,0,0,0,0,0,0,0,0,0,0,0,0,0.24873096446700507,0,0,0.0033840947546531302,0,0,0,0,0,0,0,0.011844331641285956,0,0.0033840947546531302,0,0.023688663282571912,0,0,0,0,0.0033840947546531302,0,0,0,0,0,0,0,0,0,0,0,0,0,0,0,0.0016920473773265651,0,0.0016920473773265651,0.042301184433164128,0,0,0.0016920473773265651,0,0,0,0,0,0,0,0,0,0.013536379018612521,0,0,0,0,0,0,0,0,0,0,0,0,0,0,0,0,0,0,0,0,0,0,0,0,0.018612521150592216,0,0,0.0016920473773265651,0,0,0,0,0,0,0,0,0,0,0,0,0,0,0,0,0,0,0,0,0,0,0,0,0,0,0,0.3350253807106599,0,0,0,0,0,0,0,0,0,0.0016920473773265651,0,0,0,0,0,0,0,0,0,0,0,0,0,0,0,0,0,0,0.0016920473773265651,0.01015228426395939,0,0,0,0,0,0,0,0
SRR8417566,0.25949367088607594,0,0.012658227848101266,0,0,0.14556962025316456,0,0,0,0.16139240506329114,0,0.060126582278481014,0,0.028481012658227847,0.053797468354430382,0,0,0.069620253164556958,0.022151898734177215,0,0.022151898734177215,0,0,0,0.028481012658227847,0,0.0063291139240506328,0,0,0,0.0094936708860759497,0,0.012658227848101266,0,0,0,0,0,0,0,0.037974683544303799,0,0,0,0,0,0,0,0,0.0094936708860759497,0,0,0,0,0.0094936708860759497,0,0.0094936708860759497,0,0,0,0,0,0,0,0,0,0,0,0,0,0,0,0,0,0,0,0,0,0,0,0,0,0,0,0,0,0,0,0,0,0,0,0,0,0,0,0,0,0,0,0,0,0,0,0,0,0,0,0,0,0,0,0,0,0,0.012658227848101266,0,0,0,0,0,0,0,0,0,0,0.0094936708860759497,0,0,0,0,0,0,0,0,0,0,0.0063291139240506328,0,0,0,0,0,0,0,0,0,0,0,0,0,0,0,0,0,0,0,0,0,0.0031645569620253164,0,0,0,0,0.0031645569620253164,0,0,0,0,0,0,0,0,0,0,0,0,0,0,0,0.0063291139240506328,0,0,0,0,0,0,0
SRR8417567,0.51642901425914445,0,0,0,0,0.018598884066955982,0.033477991320520768,0.0024798512089274642,0.029138251704897707,0.013639181649101054,0,0,0,0,0,0.0061996280223186612,0,0.07253564786112833,0.039057656540607562,0.013639181649101054,0,0,0,0,0.024798512089274645,0.0043397396156230625,0.01425914445133292,0,0,0,0,0,0,0,0,0.0099194048357098569,0.032238065716057036,0.00061996280223186606,0,0,0,0.066955982641041537,0.027278363298202109,0,0,0,0,0,0,0.0012399256044637321,0,0,0,0.0012399256044637321,0,0.0024798512089274642,0,0,0,0,0.0012399256044637321,0,0.0012399256044637321,0,0,0,0,0,0.00061996280223186606,0,0,0,0,0,0,0,0,0,0,0.029138251704897707,0,0.0018598884066955983,0,0,0.0074395536267823931,0,0,0,0.0012399256044637321,0,0,0,0,0,0,0,0,0,0,0,0,0,0,0.008679479231246125,0,0,0,0.014879107253564786,0,0,0,0,0,0,0,0,0,0,0.00061996280223186606,0,0,0,0,0,0,0,0,0,0,0,0,0,0,0,0,0,0,0,0,0,0,0,0,0,0,0,0,0,0,0,0,0,0,0,0,0,0,0,0,0,0,0,0,0,0,0,0,0,0,0,0,0,0,0,0,0,0,0,0,0,0,0.0024798512089274642,0,0,0,0,0,0
SRR8417568,0.55921052631578949,0.0098684210526315784,0,0.013157894736842105,0,0,0,0,0.046052631578947366,0.016447368421052631,0,0.075657894736842105,0,0,0.049342105263157895,0,0,0.029605263157894735,0.049342105263157895,0.0065789473684210523,0.0032894736842105261,0,0,0,0.016447368421052631,0.013157894736842105,0,0,0,0,0.0065789473684210523,0,0,0,0,0.0098684210526315784,0.0098684210526315784,0,0,0.0065789473684210523,0,0.032894736842105261,0,0,0,0.0098684210526315784,0,0,0,0,0,0,0,0,0,0,0,0,0,0.0032894736842105261,0,0,0,0,0,0,0,0,0,0,0,0,0,0,0,0,0,0,0,0.016447368421052631,0,0,0,0,0,0,0,0,0,0,0,0.0065789473684210523,0,0,0,0,0,0,0,0,0,0,0,0,0,0,0,0.0065789473684210523,0,0,0,0,0,0,0,0,0,0,0,0,0,0,0,0,0,0,0,0,0,0,0,0,0,0,0,0,0,0,0,0,0,0,0,0,0,0,0,0,0,0,0,0,0,0,0,0,0,0,0,0,0,0,0,0,0,0,0,0,0,0,0.0032894736842105261,0,0,0,0,0,0,0,0,0,0,0,0,0,0,0,0,0
SRR8417569,0.024858757062146894,0,0.0192090395480226,0,0,0.26327683615819208,0.014689265536723164,0,0.02598870056497175,0.19887005649717515,0.013559322033898305,0.068926553672316385,0,0.0192090395480226,0.0079096045197740109,0.0090395480225988704,0.0067796610169491523,0.042937853107344631,0.09152542372881356,0.0022598870056497176,0,0,0.0022598870056497176,0,0.0384180790960452,0.016949152542372881,0.012429378531073447,0,0,0,0,0,0,0,0,0.0022598870056497176,0.016949152542372881,0,0,0,0.0079096045197740109,0.055367231638418078,0,0,0,0,0,0,0,0.0090395480225988704,0,0,0,0,0.0011299435028248588,0.0045197740112994352,0.012429378531073447,0,0,0,0,0,0.0011299435028248588,0,0,0,0,0,0,0,0,0,0,0,0,0,0,0,0,0,0.0022598870056497176,0,0,0,0,0,0,0,0,0,0,0,0,0,0,0,0,0,0,0,0,0,0,0,0,0,0,0,0.0011299435028248588,0,0,0,0,0,0,0,0,0.0011299435028248588,0,0,0,0,0,0,0,0,0,0,0,0,0,0,0,0,0,0,0,0,0,0,0,0,0,0,0,0,0,0,0,0,0,0,0,0,0,0,0,0,0,0,0,0,0,0,0,0,0,0,0,0.0056497175141242938,0,0,0,0,0,0,0,0,0,0,0,0,0,0,0,0,0,0
SRR8417570,0.3672316384180791,0,0,0.14124293785310735,0.11864406779661017,0.15819209039548024,0,0,0.03954802259887006,0.0056497175141242938,0,0,0,0.016949152542372881,0.03954802259887006,0,0,0.0056497175141242938,0.011299435028248588,0,0,0,0,0,0,0,0,0,0,0,0,0,0,0,0,0.056497175141242938,0,0,0,0,0.03954802259887006,0,0,0,0,0,0,0,0,0,0,0,0,0,0,0,0,0,0,0,0,0,0,0,0,0,0,0,0,0,0,0,0,0,0,0,0,0,0,0,0,0,0,0,0,0,0,0,0,0,0,0,0,0,0,0,0,0,0,0,0,0,0,0,0,0,0,0,0,0,0,0,0,0,0,0,0,0,0,0,0,0,0,0,0,0,0,0,0,0,0,0,0,0,0,0,0,0,0,0,0,0,0,0,0,0,0,0,0,0,0,0,0,0,0,0,0,0,0,0,0,0,0,0,0,0,0,0,0,0,0,0,0,0,0,0,0,0,0,0,0,0,0,0,0,0,0,0
SRR8417572,0.25,0,0,0.083333333333333329,0.083333333333333329,0,0,0,0.25,0,0,0,0,0,0,0,0,0,0,0.25,0,0,0,0,0,0,0,0,0,0,0,0,0,0,0,0,0.083333333333333329,0,0,0,0,0,0,0,0,0,0,0,0,0,0,0,0,0,0,0,0,0,0,0,0,0,0,0,0,0,0,0,0,0,0,0,0,0,0,0,0,0,0,0,0,0,0,0,0,0,0,0,0,0,0,0,0,0,0,0,0,0,0,0,0,0,0,0,0,0,0,0,0,0,0,0,0,0,0,0,0,0,0,0,0,0,0,0,0,0,0,0,0,0,0,0,0,0,0,0,0,0,0,0,0,0,0,0,0,0,0,0,0,0,0,0,0,0,0,0,0,0,0,0,0,0,0,0,0,0,0,0,0,0,0,0,0,0,0,0,0,0,0,0,0,0,0,0,0,0,0,0
SRR8417573,0.027027027027027029,0.027027027027027029,0,0,0,0,0,0,0,0,0.027027027027027029,0.13513513513513514,0,0,0.70270270270270274,0,0,0,0,0,0,0.027027027027027029,0,0,0,0.027027027027027029,0,0,0,0,0,0,0,0,0,0,0,0,0,0,0,0,0,0,0,0,0,0,0,0,0,0,0,0,0,0,0,0,0,0,0,0,0,0,0,0,0,0,0,0,0,0,0,0,0,0,0,0,0,0,0,0,0,0,0,0,0,0,0,0,0,0,0,0,0,0,0,0,0,0,0,0,0,0,0,0,0,0,0,0,0,0,0,0,0,0,0,0,0,0,0,0,0,0,0,0,0,0,0,0,0,0,0,0,0,0,0,0,0,0,0,0,0.027027027027027029,0,0,0,0,0,0,0,0,0,0,0,0,0,0,0,0,0,0,0,0,0,0,0,0,0,0,0,0,0,0,0,0,0,0,0,0,0,0,0,0,0,0,0,0,0
SRR8417574,0.013636363636363636,0,0,0,0,0.0045454545454545452,0,0,0.013636363636363636,0,0,0,0,0,0,0.013636363636363636,0,0.0090909090909090905,0,0,0.018181818181818181,0,0.0045454545454545452,0,0,0.018181818181818181,0.0045454545454545452,0.0045454545454545452,0,0,0,0,0,0,0,0,0.80000000000000004,0,0,0,0,0,0,0,0,0.077272727272727271,0,0,0,0,0,0,0,0,0,0,0,0,0,0,0,0.0045454545454545452,0,0,0,0,0,0,0,0,0,0,0,0,0,0,0,0,0,0,0,0,0,0,0,0,0,0,0.0090909090909090905,0,0,0,0,0,0,0,0,0,0,0,0,0,0,0,0,0,0,0,0,0,0,0,0,0,0,0,0,0,0,0,0,0,0,0,0,0,0,0,0,0,0,0,0,0,0,0,0,0,0,0,0.0045454545454545452,0,0,0,0,0,0,0,0,0,0,0,0,0,0,0,0,0,0,0,0,0,0,0,0,0,0,0,0,0,0,0,0,0,0,0,0,0,0,0,0,0,0,0,0,0,0,0
SRR8417575,0.16666666666666666,0,0,0,0,0,0,0,0,0,0,0,0,0,0.041666666666666664,0,0,0,0,0,0,0,0,0,0.020833333333333332,0,0,0,0,0,0,0,0,0,0,0,0,0,0,0,0.10416666666666667,0,0,0,0,0,0,0,0,0,0,0,0.041666666666666664,0,0,0,0,0,0,0,0,0,0,0,0,0,0,0,0,0,0,0,0,0,0,0,0,0,0,0,0.041666666666666664,0,0,0,0,0,0,0,0,0,0,0,0,0,0,0,0,0,0,0,0,0,0,0,0,0,0,0,0,0,0,0,0,0,0,0,0,0,0,0,0,0,0,0,0,0,0,0,0,0,0,0,0,0,0,0,0,0,0,0,0,0.58333333333333337,0,0,0,0,0,0,0,0,0,0,0,0,0,0,0,0,0,0,0,0,0,0,0,0,0,0,0,0,0,0,0,0,0,0,0,0,0,0,0,0,0,0,0,0,0,0
SRR8417576,0.16216216216216217,0,0,0.1891891891891892,0.027027027027027029,0,0,0,0,0,0,0.16216216216216217,0,0,0,0.10810810810810811,0,0,0,0,0,0,0,0,0.054054054054054057,0,0,0,0,0.027027027027027029,0,0,0,0,0,0,0,0,0,0,0.1891891891891892,0,0,0,0,0,0,0,0,0,0.027027027027027029,0,0,0,0,0,0,0,0,0,0,0,0,0,0,0,0,0,0,0,0,0,0,0,0,0,0,0,0,0,0.027027027027027029,0,0,0,0,0,0,0,0,0,0,0,0,0,0,0,0,0,0,0,0,0,0,0,0,0,0,0,0,0,0,0,0,0,0,0,0,0,0,0,0,0,0,0,0,0,0,0,0,0,0,0,0,0,0,0,0,0,0,0,0,0,0,0,0,0,0,0,0,0,0,0,0,0,0,0,0,0,0,0,0,0.027027027027027029,0,0,0,0,0,0,0,0,0,0,0,0,0,0,0,0,0,0,0,0,0,0,0,0,0,0
SRR8417577,0.31034482758620691,0,0,0,0,0,0,0,0,0,0.10344827586206896,0,0,0,0,0,0,0.068965517241379309,0,0,0,0.034482758620689655,0.034482758620689655,0,0.068965517241379309,0,0,0,0,0,0,0,0,0,0,0,0,0,0,0,0.17241379310344829,0.068965517241379309,0,0.034482758620689655,0,0,0,0,0,0.034482758620689655,0,0,0,0,0,0,0,0,0,0,0,0,0,0,0,0,0,0,0,0,0,0,0,0,0,0,0,0,0,0,0,0.034482758620689655,0,0,0,0,0,0,0,0,0,0,0,0,0,0,0,0,0,0,0,0,0,0,0,0,0,0,0,0,0,0,0,0,0,0,0,0,0,0,0,0,0,0,0,0,0,0,0,0,0,0,0,0,0,0,0,0,0,0,0,0,0,0,0,0,0,0,0,0,0,0.034482758620689655,0,0,0,0,0,0,0,0,0,0,0,0,0,0,0,0,0,0,0,0,0,0,0,0,0,0,0,0,0,0,0,0,0,0,0,0
SRR8417578,0.37037037037037035,0.22222222222222221,0,0,0,0,0,0,0,0,0,0,0,0,0,0,0,0,0,0,0,0,0,0,0.07407407407407407,0,0,0.14814814814814814,0,0,0,0,0,0,0,0,0,0,0,0,0,0,0,0,0,0,0,0,0,0,0,0,0,0,0,0,0,0.1111111111111111,0,0,0,0,0,0,0,0,0,0,0,0,0,0,0,0,0,0,0,0,0,0,0,0,0,0,0,0,0,0,0,0,0,0.037037037037037035,0,0,0,0,0,0,0,0,0,0,0,0,0,0,0,0,0,0,0,0,0,0,0,0,0,0,0,0,0,0,0,0,0,0,0,0,0,0,0,0,0,0,0,0,0,0,0,0,0,0.037037037037037035,0,0,0,0,0,0,0,0,0,0,0,0,0,0,0,0,0,0,0,0,0,0,0,0,0,0,0,0,0,0,0,0,0,0,0,0,0,0,0,0,0,0,0,0,0,0
SRR8417579,0,0,0,0,0,0.34615384615384615,0,0,0,0,0,0.057692307692307696,0,0,0,0,0,0,0,0.057692307692307696,0.038461538461538464,0,0,0,0.40384615384615385,0,0,0,0,0,0,0,0,0,0,0,0,0,0,0,0.057692307692307696,0,0,0,0,0,0,0,0,0,0,0.019230769230769232,0,0,0,0,0,0,0,0,0,0.019230769230769232,0,0,0,0,0,0,0,0,0,0,0,0,0,0,0,0,0,0,0,0,0,0,0,0,0,0,0,0,0,0,0,0,0,0,0,0,0,0,0,0,0,0,0,0,0,0,0,0,0,0,0,0,0,0,0,0,0,0,0,0,0,0,0,0,0,0,0,0,0,0,0,0,0,0,0,0,0,0,0,0,0,0,0,0,0,0,0,0,0,0,0,0,0,0,0,0,0,0,0,0,0,0,0,0,0,0,0,0,0,0,0,0,0,0,0,0,0,0,0,0,0,0,0,0,0,0
SRR8417580,0,0,0,0,0.25,0,0,0,0.25,0,0,0,0,0,0,0,0,0,0,0,0,0.5,0,0,0,0,0,0,0,0,0,0,0,0,0,0,0,0,0,0,0,0,0,0,0,0,0,0,0,0,0,0,0,0,0,0,0,0,0,0,0,0,0,0,0,0,0,0,0,0,0,0,0,0,0,0,0,0,0,0,0,0,0,0,0,0,0,0,0,0,0,0,0,0,0,0,0,0,0,0,0,0,0,0,0,0,0,0,0,0,0,0,0,0,0,0,0,0,0,0,0,0,0,0,0,0,0,0,0,0,0,0,0,0,0,0,0,0,0,0,0,0,0,0,0,0,0,0,0,0,0,0,0,0,0,0,0,0,0,0,0,0,0,0,0,0,0,0,0,0,0,0,0,0,0,0,0,0,0,0,0,0,0,0,0,0,0,0
SRR8417581,0.45000000000000001,0.050000000000000003,0,0,0,0,0,0,0,0,0,0,0,0,0,0.050000000000000003,0,0.10000000000000001,0,0.050000000000000003,0,0,0,0,0,0,0,0,0,0,0,0,0,0,0,0,0,0,0,0,0.25,0,0,0,0,0,0,0,0,0,0,0,0,0,0,0,0,0,0,0,0,0,0,0,0,0,0,0,0,0,0,0,0,0,0,0,0,0,0,0,0,0,0,0,0,0,0,0,0,0,0,0.050000000000000003,0,0,0,0,0,0,0,0,0,0,0,0,0,0,0,0,0,0,0,0,0,0,0,0,0,0,0,0,0,0,0,0,0,0,0,0,0,0,0,0,0,0,0,0,0,0,0,0,0,0,0,0,0,0,0,0,0,0,0,0,0,0,0,0,0,0,0,0,0,0,0,0,0,0,0,0,0,0,0,0,0,0,0,0,0,0,0,0,0,0,0,0,0,0,0,0
SRR8417582,0,0,0,0,0,0,0,0,0.44444444444444442,0,0,0,0,0,0,0,0,0,0,0.055555555555555552,0,0,0,0,0,0,0,0,0,0,0,0,0,0,0,0,0.3888888888888889,0,0,0,0,0,0,0,0,0,0,0,0,0,0,0,0,0,0,0,0.055555555555555552,0,0,0,0,0,0,0,0,0,0,0,0,0,0,0,0,0,0,0,0,0,0,0,0,0,0,0,0,0,0,0,0,0,0,0,0,0,0,0,0,0,0,0,0,0,0,0,0,0,0,0.055555555555555552,0,0,0,0,0,0,0,0,0,0,0,0,0,0,0,0,0,0,0,0,0,0,0,0,0,0,0,0,0,0,0,0,0,0,0,0,0,0,0,0,0,0,0,0,0,0,0,0,0,0,0,0,0,0,0,0,0,0,0,0,0,0,0,0,0,0,0,0,0,0,0,0,0,0,0,0,0,0,0,0
SRR8417583,0.47368421052631576,0.0065789473684210523,0,0,0,0,0,0,0,0.23684210526315788,0.026315789473684209,0,0,0,0,0,0,0,0,0.0065789473684210523,0.026315789473684209,0,0,0,0,0.046052631578947366,0,0,0,0,0,0,0,0,0,0,0,0,0,0,0.05921052631578947,0.032894736842105261,0,0,0,0.013157894736842105,0,0,0,0,0,0,0,0,0,0,0,0,0,0,0,0,0,0,0,0,0,0,0,0,0,0,0,0,0,0,0,0,0,0.019736842105263157,0.019736842105263157,0,0,0,0,0,0,0,0,0,0,0.013157894736842105,0,0,0,0,0,0,0,0,0,0.0065789473684210523,0,0,0,0,0,0,0,0,0,0,0,0,0,0,0,0,0,0,0,0,0,0,0,0,0,0,0,0,0,0,0,0,0,0,0,0,0,0,0,0,0,0,0,0,0,0,0,0,0,0,0,0,0,0,0,0,0,0,0,0,0,0,0,0,0,0,0,0,0,0,0,0,0,0,0,0,0,0,0,0,0.0065789473684210523,0.0065789473684210523,0,0,0,0
SRR8417584,0.13043478260869565,0,0,0,0.043478260869565216,0.2608695652173913,0,0,0.043478260869565216,0,0,0,0,0.043478260869565216,0,0,0,0.086956521739130432,0,0,0.086956521739130432,0,0,0,0,0,0,0,0,0,0,0,0,0,0,0.13043478260869565,0,0,0,0,0,0,0,0,0,0,0.043478260869565216,0,0,0,0,0,0,0,0,0,0,0,0,0,0,0,0,0,0,0,0,0,0,0,0,0,0,0,0,0,0,0,0,0,0,0,0,0,0.13043478260869565,0,0,0,0,0,0,0,0,0,0,0,0,0,0,0,0,0,0,0,0,0,0,0,0,0,0,0,0,0,0,0,0,0,0,0,0,0,0,0,0,0,0,0,0,0,0,0,0,0,0,0,0,0,0,0,0,0,0,0,0,0,0,0,0,0,0,0,0,0,0,0,0,0,0,0,0,0,0,0,0,0,0,0,0,0,0,0,0,0,0,0,0,0,0,0,0,0,0,0,0,0,0,0
SRR8417585,0.18181818181818182,0,0,0.060606060606060608,0,0.54545454545454541,0,0,0,0,0,0,0,0.090909090909090912,0,0,0,0,0,0,0,0,0,0,0,0,0,0,0,0,0,0,0,0,0,0.030303030303030304,0,0,0,0,0,0,0,0,0,0,0,0,0,0,0,0,0,0,0,0,0,0,0,0,0,0,0,0,0,0,0,0,0,0,0,0,0,0,0,0,0,0,0,0,0,0,0,0,0,0,0,0,0,0,0,0,0,0,0.090909090909090912,0,0,0,0,0,0,0,0,0,0,0,0,0,0,0,0,0,0,0,0,0,0,0,0,0,0,0,0,0,0,0,0,0,0,0,0,0,0,0,0,0,0,0,0,0,0,0,0,0,0,0,0,0,0,0,0,0,0,0,0,0,0,0,0,0,0,0,0,0,0,0,0,0,0,0,0,0,0,0,0,0,0,0,0,0,0,0,0,0,0,0,0,0
SRR8417586,0,0,0,0,0,0.026022304832713755,0,0,0,0,0,0.076208178438661706,0,0,0,0,0,0,0,0.0030978934324659233,0.0080545229244113996,0.00061957868649318464,0,0,0.011152416356877323,0.0012391573729863693,0,0,0,0,0,0,0,0,0,0,0,0,0,0.00061957868649318464,0.76703841387856253,0,0,0,0,0,0,0,0,0,0,0.0061957868649318466,0.0012391573729863693,0,0.0024783147459727386,0,0,0.00061957868649318464,0,0.0018587360594795538,0,0.00061957868649318464,0,0,0,0,0,0,0,0,0,0,0,0,0,0,0,0,0,0.011771995043370507,0,0,0,0,0,0.0061957868649318466,0,0,0,0,0,0.00061957868649318464,0,0,0,0,0,0.0024783147459727386,0,0,0,0,0,0,0.0080545229244113996,0,0,0,0,0,0,0,0,0,0.0055762081784386614,0,0,0,0,0,0,0.054522924411400248,0,0,0,0,0,0.00061957868649318464,0,0,0,0,0,0,0,0,0,0,0,0,0,0,0,0,0,0.0018587360594795538,0,0,0,0,0,0,0,0,0,0,0,0,0,0,0,0,0,0,0,0,0,0,0,0,0,0,0,0,0,0,0,0,0,0,0,0,0,0,0.0012391573729863693,0,0,0
SRR8417588,0.23076923076923078,0,0,0,0,0.11538461538461539,0,0,0.038461538461538464,0,0,0,0.038461538461538464,0,0,0,0,0.11538461538461539,0,0,0,0,0,0,0.038461538461538464,0,0,0,0,0,0,0,0,0,0,0,0,0,0,0.076923076923076927,0.26923076923076922,0,0,0,0,0,0,0,0,0,0,0,0,0,0,0,0,0,0,0,0,0,0,0,0,0,0,0,0.038461538461538464,0,0,0,0,0,0,0,0,0,0,0.038461538461538464,0,0,0,0,0,0,0,0,0,0,0,0,0,0,0,0,0,0,0,0,0,0,0,0,0,0,0,0,0,0,0,0,0,0,0,0,0,0,0,0,0,0,0,0,0,0,0,0,0,0,0,0,0,0,0,0,0,0,0,0,0,0,0,0,0,0,0,0,0,0,0,0,0,0,0,0,0,0,0,0,0,0,0,0,0,0,0,0,0,0,0,0,0,0,0,0,0,0,0,0,0,0,0,0,0,0,0,0
SRR8417589,0.026086956521739129,0,0,0,0,0,0,0.27826086956521739,0,0.095652173913043481,0,0.20000000000000001,0,0,0,0.026086956521739129,0,0,0,0,0.086956521739130432,0,0,0.017391304347826087,0,0.034782608695652174,0,0,0,0,0,0,0,0,0,0,0,0,0,0,0,0.095652173913043481,0,0.069565217391304349,0.0086956521739130436,0.017391304347826087,0,0,0,0,0,0,0,0,0.0086956521739130436,0,0,0,0,0,0,0,0,0,0,0,0,0,0,0,0,0,0,0,0,0,0,0,0,0,0.034782608695652174,0,0,0,0,0,0,0,0,0,0,0,0,0,0,0,0,0,0,0,0,0,0,0,0,0,0,0,0,0,0,0,0,0,0,0,0,0,0,0,0,0,0,0,0,0,0,0,0,0,0,0,0,0,0,0,0,0,0,0,0,0,0,0,0,0,0,0,0,0,0,0,0,0,0,0,0,0,0,0,0,0,0,0,0,0,0,0,0,0,0,0,0,0,0,0,0,0,0,0,0,0,0,0,0,0,0,0
SRR8417590,0.47169811320754718,0,0,0.037735849056603772,0,0,0,0.22641509433962265,0.018867924528301886,0.037735849056603772,0,0.056603773584905662,0,0,0,0,0,0,0,0,0.018867924528301886,0,0,0.056603773584905662,0,0,0,0,0,0,0,0,0,0,0,0,0,0,0,0,0,0.018867924528301886,0,0,0,0,0.018867924528301886,0,0,0.018867924528301886,0,0,0,0,0,0,0,0,0,0,0,0,0,0,0,0,0,0,0,0,0,0,0,0,0,0,0,0,0,0,0,0,0,0,0,0,0,0,0,0,0,0,0,0,0,0.018867924528301886,0,0,0,0,0,0,0,0,0,0,0,0,0,0,0,0,0,0,0,0,0,0,0,0,0,0,0,0,0,0,0,0,0,0,0,0,0,0,0,0,0,0,0,0,0,0,0,0,0,0,0,0,0,0,0,0,0,0,0,0,0,0,0,0,0,0,0,0,0,0,0,0,0,0,0,0,0,0,0,0,0,0,0,0,0,0,0,0,0,0,0,0
SRR8417591,0.15972222222222221,0,0,0,0,0.055555555555555552,0,0,0.33564814814814814,0.016203703703703703,0,0,0,0,0,0,0,0.0023148148148148147,0.013888888888888888,0.053240740740740741,0,0.0069444444444444441,0.0046296296296296294,0,0,0.016203703703703703,0,0,0,0,0,0,0,0,0,0.0046296296296296294,0,0,0,0,0.0046296296296296294,0.081018518518518517,0,0,0.0023148148148148147,0.011574074074074073,0,0,0.0023148148148148147,0.055555555555555552,0.0046296296296296294,0.0023148148148148147,0,0,0,0,0,0.0023148148148148147,0,0,0.037037037037037035,0,0,0,0,0,0,0.011574074074074073,0.020833333333333332,0.0046296296296296294,0,0,0,0,0,0,0,0,0,0,0.0023148148148148147,0.025462962962962962,0,0,0,0,0,0,0,0,0,0,0,0,0,0.0069444444444444441,0,0,0,0,0.0023148148148148147,0,0,0,0,0,0,0,0.011574074074074073,0.0023148148148148147,0,0,0,0,0.0092592592592592587,0,0,0,0,0,0,0,0,0,0,0,0,0,0.025462962962962962,0,0,0,0,0,0,0,0,0,0,0,0,0,0,0,0,0,0,0,0,0,0,0,0,0,0,0,0,0,0,0,0,0,0,0,0.0046296296296296294,0,0,0,0,0,0,0,0,0,0,0,0,0,0,0,0,0,0,0,0,0,0,0
SRR8417592,0.27979274611398963,0,0,0,0,0.02072538860103627,0,0,0.062176165803108807,0.025906735751295335,0,0,0.0051813471502590676,0,0,0,0,0.0051813471502590676,0,0,0,0,0,0,0,0,0,0,0,0,0,0,0,0,0,0.02072538860103627,0,0,0,0,0.50777202072538863,0.036269430051813469,0,0,0,0,0,0,0,0.010362694300518135,0.02072538860103627,0,0,0,0,0,0,0,0,0,0,0,0,0,0,0,0,0,0,0,0,0,0,0,0,0,0,0,0,0,0,0.0051813471502590676,0,0,0,0,0,0,0,0,0,0,0,0,0,0,0,0,0,0,0,0,0,0,0,0,0,0,0,0,0,0,0,0,0,0,0,0,0,0,0,0,0,0,0,0,0,0,0,0,0,0,0,0,0,0,0,0,0,0,0,0,0,0,0,0,0,0,0,0,0,0,0,0,0,0,0,0,0,0,0,0,0,0,0,0,0,0,0,0,0,0,0,0,0,0,0,0,0,0,0,0,0,0,0,0,0,0
SRR8417593,0,0,0,0.0021786492374727671,0,0.20261437908496732,0.0021786492374727671,0.0021786492374727671,0.052287581699346407,0.013071895424836602,0.015250544662309368,0.43790849673202614,0.0021786492374727671,0,0,0,0,0.013071895424836602,0,0,0.019607843137254902,0.0021786492374727671,0,0,0.0043572984749455342,0.019607843137254902,0,0,0,0,0.013071895424836602,0,0,0,0,0,0,0.0043572984749455342,0,0,0,0.037037037037037035,0.0065359477124183009,0,0.0021786492374727671,0.045751633986928102,0,0,0,0.0087145969498910684,0,0.0087145969498910684,0,0,0.0021786492374727671,0.0043572984749455342,0,0,0,0,0,0,0.0021786492374727671,0,0,0,0,0,0,0,0,0,0,0,0,0,0,0,0,0,0.0065359477124183009,0,0,0,0,0,0,0,0.0021786492374727671,0,0,0,0,0,0,0,0,0,0,0,0,0,0,0,0,0,0,0,0,0,0.0021786492374727671,0,0,0,0,0,0,0,0,0,0,0,0,0,0,0,0,0,0,0,0,0,0,0,0,0,0,0,0,0,0,0,0,0,0,0.058823529411764705,0,0,0,0,0,0,0,0,0,0,0,0.0021786492374727671,0,0,0,0,0,0,0,0,0,0,0,0,0,0,0,0,0,0,0,0,0,0,0,0,0,0,0,0.0021786492374727671,0.0021786492374727671,0
SRR8417594,0.034582132564841501,0,0,0.24207492795389049,0,0.25936599423631124,0,0.26224783861671469,0.002881844380403458,0.005763688760806916,0,0.031700288184438041,0,0,0.028818443804034581,0,0,0.025936599423631124,0,0,0.002881844380403458,0,0,0.002881844380403458,0.0086455331412103754,0,0,0,0,0.002881844380403458,0.002881844380403458,0,0,0,0,0.002881844380403458,0,0,0,0,0,0.020172910662824207,0,0,0,0.014409221902017291,0,0,0,0.011527377521613832,0,0,0,0,0,0,0.020172910662824207,0,0,0,0,0,0,0,0,0,0,0,0,0,0,0,0,0,0,0,0,0,0,0,0,0,0,0,0,0,0,0,0,0,0,0,0,0,0,0.005763688760806916,0,0,0,0,0,0,0,0,0,0,0,0,0,0,0,0,0,0,0,0,0,0,0,0,0,0,0,0,0,0,0,0,0,0,0,0,0,0,0,0,0,0,0,0,0,0,0,0,0,0,0,0,0,0,0,0,0,0,0,0,0,0,0,0,0,0,0,0,0,0,0,0,0,0,0,0,0,0,0,0,0,0,0,0,0,0,0,0,0,0,0.0086455331412103754,0.002881844380403458
SRR8417595,0.030612244897959183,0.01020408163265306,0,0,0,0,0,0,0.01020408163265306,0.040816326530612242,0.1326530612244898,0,0,0,0,0,0,0.01020408163265306,0.01020408163265306,0,0.051020408163265307,0.12244897959183673,0,0,0,0.071428571428571425,0,0,0,0,0.01020408163265306,0,0,0,0,0,0,0,0,0,0.071428571428571425,0.030612244897959183,0,0,0,0,0,0.020408163265306121,0,0,0,0,0,0,0.16326530612244897,0.01020408163265306,0.10204081632653061,0,0,0,0,0,0,0,0,0,0,0,0,0,0,0,0,0,0,0,0,0,0,0,0,0,0,0,0,0.01020408163265306,0,0,0,0,0,0,0,0,0,0,0,0,0,0,0,0.030612244897959183,0,0,0,0.01020408163265306,0,0,0,0,0,0,0,0,0,0,0,0,0,0,0,0,0,0,0,0,0,0,0,0,0,0,0.01020408163265306,0,0,0,0,0,0,0,0,0,0,0,0,0,0,0,0,0,0,0,0,0.020408163265306121,0.020408163265306121,0,0,0,0,0,0,0,0,0,0,0,0,0,0,0,0,0,0,0,0,0,0,0,0,0,0,0,0,0,0,0,0,0
SRR8417596,0.2608695652173913,0.13043478260869565,0,0,0,0,0,0,0,0,0,0,0,0,0,0,0,0.13043478260869565,0.065217391304347824,0,0,0,0,0,0,0,0,0,0,0,0,0,0,0,0,0.043478260869565216,0,0,0,0.043478260869565216,0.28260869565217389,0.021739130434782608,0,0,0,0,0,0,0,0,0,0,0,0,0,0,0.021739130434782608,0,0,0,0,0,0,0,0,0,0,0,0,0,0,0,0,0,0,0,0,0,0,0,0,0,0,0,0,0,0,0,0,0,0,0,0,0,0,0,0,0,0,0,0,0,0,0,0,0,0,0,0,0,0,0,0,0,0,0,0,0,0,0,0,0,0,0,0,0,0,0,0,0,0,0,0,0,0,0,0,0,0,0,0,0,0,0,0,0,0,0,0,0,0,0,0,0,0,0,0,0,0,0,0,0,0,0,0,0,0,0,0,0,0,0,0,0,0,0,0,0,0,0,0,0,0,0,0,0,0,0
SRR8417597,0,0,0,0,0,0.075549450549450545,0.0027472527472527475,0,0.50549450549450547,0.016483516483516484,0,0.081043956043956047,0.0013736263736263737,0,0,0.016483516483516484,0,0.023351648351648352,0,0,0,0,0,0,0.059065934065934064,0.0027472527472527475,0.008241758241758242,0,0,0,0.0013736263736263737,0,0,0,0,0,0,0,0,0,0.079670329670329665,0.046703296703296704,0,0,0,0,0,0,0,0,0,0,0,0.0013736263736263737,0,0,0.0027472527472527475,0,0,0,0,0,0,0,0,0,0,0,0.0013736263736263737,0,0,0,0,0,0,0,0,0,0,0,0.0027472527472527475,0.0027472527472527475,0,0,0,0,0,0,0,0,0,0,0,0,0,0,0,0,0,0,0,0,0,0.006868131868131868,0,0,0,0,0,0,0,0,0,0,0,0,0,0,0,0,0,0,0,0,0,0,0,0,0,0,0,0,0,0,0,0,0,0,0,0,0,0,0,0,0,0,0,0,0.0027472527472527475,0.017857142857142856,0,0,0,0,0,0,0,0,0,0,0,0,0,0,0,0,0,0,0,0.041208791208791208,0,0,0,0,0,0,0,0,0,0,0,0,0,0,0,0,0,0
SRR8417600,0.67241379310344829,0,0,0,0,0,0,0,0.17241379310344829,0,0,0.017241379310344827,0,0,0.034482758620689655,0,0,0.017241379310344827,0,0,0,0,0,0,0.017241379310344827,0,0,0,0,0,0,0,0,0,0,0,0,0,0,0,0.034482758620689655,0,0,0,0,0.017241379310344827,0,0,0,0,0,0,0,0,0,0,0,0,0,0,0,0,0,0,0,0,0,0,0,0,0,0,0,0,0,0,0,0,0,0,0,0,0,0,0,0,0,0,0,0,0,0,0,0,0,0.017241379310344827,0,0,0,0,0,0,0,0,0,0,0,0,0,0,0,0,0,0,0,0,0,0,0,0,0,0,0,0,0,0,0,0,0,0,0,0,0,0,0,0,0,0,0,0,0,0,0,0,0,0,0,0,0,0,0,0,0,0,0,0,0,0,0,0,0,0,0,0,0,0,0,0,0,0,0,0,0,0,0,0,0,0,0,0,0,0,0,0,0,0,0,0
SRR8417601,0.33333333333333331,0,0,0,0,0,0,0,0,0,0,0,0,0,0,0,0,0,0,0,0,0,0.66666666666666663,0,0,0,0,0,0,0,0,0,0,0,0,0,0,0,0,0,0,0,0,0,0,0,0,0,0,0,0,0,0,0,0,0,0,0,0,0,0,0,0,0,0,0,0,0,0,0,0,0,0,0,0,0,0,0,0,0,0,0,0,0,0,0,0,0,0,0,0,0,0,0,0,0,0,0,0,0,0,0,0,0,0,0,0,0,0,0,0,0,0,0,0,0,0,0,0,0,0,0,0,0,0,0,0,0,0,0,0,0,0,0,0,0,0,0,0,0,0,0,0,0,0,0,0,0,0,0,0,0,0,0,0,0,0,0,0,0,0,0,0,0,0,0,0,0,0,0,0,0,0,0,0,0,0,0,0,0,0,0,0,0,0,0,0,0
