,Original taxon label,Mapped feature name
0,k__Bacteria|p__Bacteroidetes|c__Bacteroidia|o__Bacteroidales|f__Bacteroidaceae|g__Bacteroides|s__Bacteroides_plebeius,k__Bacteria|p__Bacteroidetes|c__Bacteroidia|o__Bacteroidales|f__Bacteroidaceae|g__Bacteroides|s__Bacteroides_plebeius
1,k__Bacteria|p__Bacteroidetes|c__Bacteroidia|o__Bacteroidales|f__Bacteroidaceae|g__Bacteroides|s__Bacteroides_dorei,k__Bacteria|p__Bacteroidetes|c__Bacteroidia|o__Bacteroidales|f__Bacteroidaceae|g__Bacteroides|s__Bacteroides_dorei
2,k__Bacteria|p__Firmicutes|c__Clostridia|o__Clostridiales|f__Ruminococcaceae|g__Faecalibacterium|s__Faecalibacterium_prausnitzii,k__Bacteria|p__Firmicutes|c__Clostridia|o__Clostridiales|f__Ruminococcaceae|g__Faecalibacterium|s__Faecalibacterium_prausnitzii
3,k__Bacteria|p__Firmicutes|c__Clostridia|o__Clostridiales|f__Eubacteriaceae|g__Eubacterium|s__Eubacterium_eligens,k__Bacteria|p__Firmicutes|c__Clostridia|o__Clostridiales|f__Eubacteriaceae|g__Eubacterium|s__Eubacterium_eligens
4,k__Bacteria|p__Bacteroidetes|c__Bacteroidia|o__Bacteroidales|f__Bacteroidaceae|g__Bacteroides|s__Bacteroides_ovatus,k__Bacteria|p__Bacteroidetes|c__Bacteroidia|o__Bacteroidales|f__Bacteroidaceae|g__Bacteroides|s__Bacteroides_ovatus
5,k__Bacteria|p__Bacteroidetes|c__Bacteroidia|o__Bacteroidales|f__Tannerellaceae|g__Parabacteroides|s__Parabacteroides_distasonis,k__Bacteria|p__Bacteroidetes|c__Bacteroidia|o__Bacteroidales|f__Tannerellaceae|g__Parabacteroides|s__Parabacteroides_distasonis
6,k__Bacteria|p__Firmicutes|c__Clostridia|o__Clostridiales|f__Lachnospiraceae|g__Blautia|s__Ruminococcus_gnavus,k__Bacteria|p__Firmicutes|c__Clostridia|o__Clostridiales|f__Lachnospiraceae|g__Blautia|s__Ruminococcus_gnavus
7,k__Bacteria|p__Firmicutes|c__Negativicutes|o__Acidaminococcales|f__Acidaminococcaceae|g__Phascolarctobacterium|s__Phascolarctobacterium_faecium,k__Bacteria|p__Firmicutes|c__Negativicutes|o__Acidaminococcales|f__Acidaminococcaceae|g__Phascolarctobacterium|s__Phascolarctobacterium_faecium
8,k__Bacteria|p__Bacteroidetes|c__Bacteroidia|o__Bacteroidales|f__Bacteroidaceae|g__Bacteroides|s__Bacteroides_uniformis,k__Bacteria|p__Bacteroidetes|c__Bacteroidia|o__Bacteroidales|f__Bacteroidaceae|g__Bacteroides|s__Bacteroides_uniformis
9,k__Bacteria|p__Actinobacteria|c__Actinobacteria|o__Bifidobacteriales|f__Bifidobacteriaceae|g__Bifidobacterium|s__Bifidobacterium_longum,k__Bacteria|p__Actinobacteria|c__Actinobacteria|o__Bifidobacteriales|f__Bifidobacteriaceae|g__Bifidobacterium|s__Bifidobacterium_longum
10,k__Bacteria|p__Firmicutes|c__Clostridia|o__Clostridiales|f__Ruminococcaceae|g__Agathobaculum|s__Agathobaculum_butyriciproducens,k__Bacteria|p__Firmicutes|c__Clostridia|o__Clostridiales|f__Ruminococcaceae|g__Agathobaculum|s__Agathobaculum_butyriciproducens
11,k__Bacteria|p__Actinobacteria|c__Coriobacteriia|o__Coriobacteriales|f__Coriobacteriaceae|g__Collinsella|s__Collinsella_aerofaciens,k__Bacteria|p__Actinobacteria|c__Coriobacteriia|o__Coriobacteriales|f__Coriobacteriaceae|g__Collinsella|s__Collinsella_aerofaciens
12,k__Bacteria|p__Firmicutes|c__Clostridia|o__Clostridiales|f__Clostridiaceae|g__Clostridium|s__Clostridium_sp_CAG_58,k__Bacteria|p__Firmicutes|c__Clostridia|o__Clostridiales|f__Clostridiaceae|g__Clostridium|s__Clostridium_sp_CAG_58
13,k__Bacteria|p__Proteobacteria|c__Gammaproteobacteria|o__Enterobacterales|f__Enterobacteriaceae|g__Escherichia|s__Escherichia_coli,k__Bacteria|p__Proteobacteria|c__Gammaproteobacteria|o__Enterobacterales|f__Enterobacteriaceae|g__Escherichia|s__Escherichia_coli
14,k__Bacteria|p__Firmicutes|c__Clostridia|o__Clostridiales|f__Lachnospiraceae|g__Blautia|s__Blautia_wexlerae,k__Bacteria|p__Firmicutes|c__Clostridia|o__Clostridiales|f__Lachnospiraceae|g__Blautia|s__Blautia_wexlerae
15,k__Bacteria|p__Firmicutes|c__Clostridia|o__Clostridiales|f__Lachnospiraceae|g__Fusicatenibacter|s__Fusicatenibacter_saccharivorans,k__Bacteria|p__Firmicutes|c__Clostridia|o__Clostridiales|f__Lachnospiraceae|g__Fusicatenibacter|s__Fusicatenibacter_saccharivorans
16,k__Bacteria|p__Firmicutes|c__Clostridia|o__Clostridiales|f__Lachnospiraceae|g__Lachnoclostridium|s__Clostridium_bolteae,k__Bacteria|p__Firmicutes|c__Clostridia|o__Clostridiales|f__Lachnospiraceae|g__Lachnoclostridium|s__Clostridium_bolteae
17,k__Bacteria|p__Firmicutes|c__Clostridia|o__Clostridiales|f__Ruminococcaceae|g__Flavonifractor|s__Flavonifractor_plautii,k__Bacteria|p__Firmicutes|c__Clostridia|o__Clostridiales|f__Ruminococcaceae|g__Flavonifractor|s__Flavonifractor_plautii
18,k__Bacteria|p__Actinobacteria|c__Coriobacteriia|o__Eggerthellales|f__Eggerthellaceae|g__Eggerthella|s__Eggerthella_lenta,k__Bacteria|p__Actinobacteria|c__Coriobacteriia|o__Eggerthellales|f__Eggerthellaceae|g__Eggerthella|s__Eggerthella_lenta
19,k__Bacteria|p__Firmicutes|c__Clostridia|o__Clostridiales|f__Eubacteriaceae|g__Eubacterium|s__Eubacterium_ramulus,k__Bacteria|p__Firmicutes|c__Clostridia|o__Clostridiales|f__Eubacteriaceae|g__Eubacterium|s__Eubacterium_ramulus
20,k__Bacteria|p__Firmicutes|c__Clostridia|o__Clostridiales|f__Clostridiaceae|g__Clostridium|s__Clostridium_bolteae_CAG_59,k__Bacteria|p__Firmicutes|c__Clostridia|o__Clostridiales|f__Clostridiaceae|g__Clostridium|s__Clostridium_bolteae_CAG_59
21,k__Bacteria|p__Firmicutes|c__Bacilli|o__Lactobacillales|f__Streptococcaceae|g__Streptococcus|s__Streptococcus_lutetiensis,k__Bacteria|p__Firmicutes|c__Bacilli|o__Lactobacillales|f__Streptococcaceae|g__Streptococcus|s__Streptococcus_lutetiensis
22,k__Bacteria|p__Firmicutes|c__Bacilli|o__Lactobacillales|f__Streptococcaceae|g__Streptococcus|s__Streptococcus_salivarius,k__Bacteria|p__Firmicutes|c__Bacilli|o__Lactobacillales|f__Streptococcaceae|g__Streptococcus|s__Streptococcus_salivarius
23,k__Bacteria|p__Firmicutes|c__Clostridia|o__Clostridiales|f__Lachnospiraceae|g__Coprococcus|s__Coprococcus_catus,k__Bacteria|p__Firmicutes|c__Clostridia|o__Clostridiales|f__Lachnospiraceae|g__Coprococcus|s__Coprococcus_catus
24,k__Bacteria|p__Firmicutes|c__Erysipelotrichia|o__Erysipelotrichales|f__Erysipelotrichaceae|g__Erysipelatoclostridium|s__Erysipelatoclostridium_ramosum,k__Bacteria|p__Firmicutes|c__Erysipelotrichia|o__Erysipelotrichales|f__Erysipelotrichaceae|g__Erysipelatoclostridium|s__Erysipelatoclostridium_ramosum
25,k__Bacteria|p__Firmicutes|c__Bacilli|o__Lactobacillales|f__Streptococcaceae|g__Streptococcus|s__Streptococcus_parasanguinis,k__Bacteria|p__Firmicutes|c__Bacilli|o__Lactobacillales|f__Streptococcaceae|g__Streptococcus|s__Streptococcus_parasanguinis
26,k__Bacteria|p__Firmicutes|c__Erysipelotrichia|o__Erysipelotrichales|f__Erysipelotrichaceae|g__Faecalicoccus|s__Faecalicoccus_pleomorphus,k__Bacteria|p__Firmicutes|c__Erysipelotrichia|o__Erysipelotrichales|f__Erysipelotrichaceae|g__Faecalicoccus|s__Faecalicoccus_pleomorphus
27,k__Bacteria|p__Proteobacteria|c__Gammaproteobacteria|o__Pasteurellales|f__Pasteurellaceae|g__Haemophilus|s__Haemophilus_parainfluenzae,k__Bacteria|p__Proteobacteria|c__Gammaproteobacteria|o__Pasteurellales|f__Pasteurellaceae|g__Haemophilus|s__Haemophilus_parainfluenzae
28,k__Bacteria|p__Firmicutes|c__Erysipelotrichia|o__Erysipelotrichales|f__Erysipelotrichaceae|g__Holdemania|s__Holdemania_filiformis,k__Bacteria|p__Firmicutes|c__Erysipelotrichia|o__Erysipelotrichales|f__Erysipelotrichaceae|g__Holdemania|s__Holdemania_filiformis
29,k__Bacteria|p__Firmicutes|c__Erysipelotrichia|o__Erysipelotrichales|f__Erysipelotrichaceae|g__Turicibacter|s__Turicibacter_sanguinis,k__Bacteria|p__Firmicutes|c__Erysipelotrichia|o__Erysipelotrichales|f__Erysipelotrichaceae|g__Turicibacter|s__Turicibacter_sanguinis
30,k__Bacteria|p__Firmicutes|c__Clostridia|o__Clostridiales|f__Lachnospiraceae|g__Blautia|s__Blautia_sp_CAG_257,k__Bacteria|p__Firmicutes|c__Clostridia|o__Clostridiales|f__Lachnospiraceae|g__Blautia|s__Blautia_sp_CAG_257
31,k__Bacteria|p__Bacteroidetes|c__Bacteroidia|o__Bacteroidales|f__Bacteroidaceae|g__Bacteroides|s__Bacteroides_salyersiae,k__Bacteria|p__Bacteroidetes|c__Bacteroidia|o__Bacteroidales|f__Bacteroidaceae|g__Bacteroides|s__Bacteroides_salyersiae
32,k__Bacteria|p__Firmicutes|c__Clostridia|o__Clostridiales|f__Lachnospiraceae|g__Lachnoclostridium|s__Clostridium_symbiosum,k__Bacteria|p__Firmicutes|c__Clostridia|o__Clostridiales|f__Lachnospiraceae|g__Lachnoclostridium|s__Clostridium_symbiosum
33,k__Bacteria|p__Firmicutes|c__Clostridia|o__Clostridiales|f__Ruminococcaceae|g__Ruthenibacterium|s__Ruthenibacterium_lactatiformans,k__Bacteria|p__Firmicutes|c__Clostridia|o__Clostridiales|f__Ruminococcaceae|g__Ruthenibacterium|s__Ruthenibacterium_lactatiformans
34,k__Bacteria|p__Firmicutes|c__Clostridia|o__Clostridiales|f__Clostridiaceae|g__Clostridium|s__Clostridium_butyricum,k__Bacteria|p__Firmicutes|c__Clostridia|o__Clostridiales|f__Clostridiaceae|g__Clostridium|s__Clostridium_butyricum
35,k__Bacteria|p__Firmicutes|c__Clostridia|o__Clostridiales|f__Lachnospiraceae|g__Sellimonas|s__Sellimonas_intestinalis,k__Bacteria|p__Firmicutes|c__Clostridia|o__Clostridiales|f__Lachnospiraceae|g__Sellimonas|s__Sellimonas_intestinalis
36,k__Bacteria|p__Firmicutes|c__Clostridia|o__Clostridiales|f__Lachnospiraceae|g__Anaerostipes|s__Anaerostipes_caccae,k__Bacteria|p__Firmicutes|c__Clostridia|o__Clostridiales|f__Lachnospiraceae|g__Anaerostipes|s__Anaerostipes_caccae
37,k__Bacteria|p__Bacteroidetes|c__Bacteroidia|o__Bacteroidales|f__Rikenellaceae|g__Alistipes|s__Alistipes_finegoldii,k__Bacteria|p__Bacteroidetes|c__Bacteroidia|o__Bacteroidales|f__Rikenellaceae|g__Alistipes|s__Alistipes_finegoldii
38,k__Bacteria|p__Firmicutes|c__Clostridia|o__Clostridiales|f__Lachnospiraceae|g__Tyzzerella|s__Tyzzerella_nexilis,k__Bacteria|p__Firmicutes|c__Clostridia|o__Clostridiales|f__Lachnospiraceae|g__Tyzzerella|s__Tyzzerella_nexilis
39,k__Bacteria|p__Bacteroidetes|c__Bacteroidia|o__Bacteroidales|f__Bacteroidaceae|g__Bacteroides|s__Bacteroides_intestinalis,k__Bacteria|p__Bacteroidetes|c__Bacteroidia|o__Bacteroidales|f__Bacteroidaceae|g__Bacteroides|s__Bacteroides_intestinalis
40,k__Bacteria|p__Firmicutes|c__Clostridia|o__Clostridiales|f__Clostridiaceae|g__Hungatella|s__Hungatella_hathewayi,k__Bacteria|p__Firmicutes|c__Clostridia|o__Clostridiales|f__Clostridiaceae|g__Hungatella|s__Hungatella_hathewayi
41,k__Bacteria|p__Proteobacteria|c__Deltaproteobacteria|o__Desulfovibrionales|f__Desulfovibrionaceae|g__Bilophila|s__Bilophila_wadsworthia,k__Bacteria|p__Proteobacteria|c__Deltaproteobacteria|o__Desulfovibrionales|f__Desulfovibrionaceae|g__Bilophila|s__Bilophila_wadsworthia
42,k__Bacteria|p__Firmicutes|c__Erysipelotrichia|o__Erysipelotrichales|f__Erysipelotrichaceae|g__Erysipelatoclostridium|s__Clostridium_innocuum,k__Bacteria|p__Firmicutes|c__Erysipelotrichia|o__Erysipelotrichales|f__Erysipelotrichaceae|g__Erysipelatoclostridium|s__Clostridium_innocuum
43,k__Bacteria|p__Bacteroidetes|c__Bacteroidia|o__Bacteroidales|f__Odoribacteraceae|g__Butyricimonas|s__Butyricimonas_synergistica,k__Bacteria|p__Bacteroidetes|c__Bacteroidia|o__Bacteroidales|f__Odoribacteraceae|g__Butyricimonas|s__Butyricimonas_synergistica
44,k__Bacteria|p__Bacteroidetes|c__Bacteroidia|o__Bacteroidales|f__Tannerellaceae|g__Parabacteroides|s__Parabacteroides_goldsteinii,k__Bacteria|p__Bacteroidetes|c__Bacteroidia|o__Bacteroidales|f__Tannerellaceae|g__Parabacteroides|s__Parabacteroides_goldsteinii
45,k__Bacteria|p__Firmicutes|c__Clostridia|o__Clostridiales|f__Clostridiales_unclassified|g__Lawsonibacter|s__Lawsonibacter_asaccharolyticus,k__Bacteria|p__Firmicutes|c__Clostridia|o__Clostridiales|f__Clostridiales_unclassified|g__Lawsonibacter|s__Lawsonibacter_asaccharolyticus
46,k__Bacteria|p__Firmicutes|c__Clostridia|o__Clostridiales|f__Ruminococcaceae|g__Ruminococcaceae_unclassified|s__Clostridium_leptum,k__Bacteria|p__Firmicutes|c__Clostridia|o__Clostridiales|f__Ruminococcaceae|g__Ruminococcaceae_unclassified|s__Clostridium_leptum
47,k__Bacteria|p__Firmicutes|c__Clostridia|o__Clostridiales|f__Lachnospiraceae|g__Blautia|s__Blautia_hydrogenotrophica,k__Bacteria|p__Firmicutes|c__Clostridia|o__Clostridiales|f__Lachnospiraceae|g__Blautia|s__Blautia_hydrogenotrophica
48,k__Bacteria|p__Firmicutes|c__Clostridia|o__Clostridiales|f__Lachnospiraceae|g__Anaerotignum|s__Anaerotignum_lactatifermentans,k__Bacteria|p__Firmicutes|c__Clostridia|o__Clostridiales|f__Lachnospiraceae|g__Anaerotignum|s__Anaerotignum_lactatifermentans
49,k__Bacteria|p__Firmicutes|c__Clostridia|o__Clostridiales|f__Ruminococcaceae|g__Anaerotruncus|s__Anaerotruncus_colihominis,k__Bacteria|p__Firmicutes|c__Clostridia|o__Clostridiales|f__Ruminococcaceae|g__Anaerotruncus|s__Anaerotruncus_colihominis
50,k__Bacteria|p__Firmicutes|c__Clostridia|o__Clostridiales|f__Lachnospiraceae|g__Lachnoclostridium|s__Clostridium_citroniae,k__Bacteria|p__Firmicutes|c__Clostridia|o__Clostridiales|f__Lachnospiraceae|g__Lachnoclostridium|s__Clostridium_citroniae
51,k__Bacteria|p__Firmicutes|c__Firmicutes_unclassified|o__Firmicutes_unclassified|f__Firmicutes_unclassified|g__Firmicutes_unclassified|s__Firmicutes_bacterium_CAG_145,k__Bacteria|p__Firmicutes|c__Firmicutes_unclassified|o__Firmicutes_unclassified|f__Firmicutes_unclassified|g__Firmicutes_unclassified|s__Firmicutes_bacterium_CAG_145
52,k__Bacteria|p__Actinobacteria|c__Coriobacteriia|o__Eggerthellales|f__Eggerthellaceae|g__Gordonibacter|s__Gordonibacter_pamelaeae,k__Bacteria|p__Actinobacteria|c__Coriobacteriia|o__Eggerthellales|f__Eggerthellaceae|g__Gordonibacter|s__Gordonibacter_pamelaeae
53,k__Bacteria|p__Firmicutes|c__Clostridia|o__Clostridiales|f__Peptostreptococcaceae|g__Intestinibacter|s__Intestinibacter_bartlettii,k__Bacteria|p__Firmicutes|c__Clostridia|o__Clostridiales|f__Peptostreptococcaceae|g__Intestinibacter|s__Intestinibacter_bartlettii
54,k__Bacteria|p__Firmicutes|c__Clostridia|o__Clostridiales|f__Lachnospiraceae|g__Eisenbergiella|s__Eisenbergiella_tayi,k__Bacteria|p__Firmicutes|c__Clostridia|o__Clostridiales|f__Lachnospiraceae|g__Eisenbergiella|s__Eisenbergiella_tayi
55,k__Bacteria|p__Firmicutes|c__Negativicutes|o__Veillonellales|f__Veillonellaceae|g__Veillonella|s__Veillonella_sp_T11011_6,k__Bacteria|p__Firmicutes|c__Negativicutes|o__Veillonellales|f__Veillonellaceae|g__Veillonella|s__Veillonella_sp_T11011_6
56,k__Bacteria|p__Bacteroidetes|c__Bacteroidia|o__Bacteroidales|f__Prevotellaceae|g__Prevotella|s__Prevotella_copri,k__Bacteria|p__Bacteroidetes|c__Bacteroidia|o__Bacteroidales|f__Prevotellaceae|g__Prevotella|s__Prevotella_copri
57,k__Bacteria|p__Firmicutes|c__Negativicutes|o__Veillonellales|f__Veillonellaceae|g__Veillonella|s__Veillonella_dispar,k__Bacteria|p__Firmicutes|c__Negativicutes|o__Veillonellales|f__Veillonellaceae|g__Veillonella|s__Veillonella_dispar
58,k__Bacteria|p__Firmicutes|c__Negativicutes|o__Veillonellales|f__Veillonellaceae|g__Veillonella|s__Veillonella_parvula,k__Bacteria|p__Firmicutes|c__Negativicutes|o__Veillonellales|f__Veillonellaceae|g__Veillonella|s__Veillonella_parvula
59,k__Bacteria|p__Bacteroidetes|c__Bacteroidia|o__Bacteroidales|f__Bacteroidaceae|g__Bacteroides|s__Bacteroides_eggerthii,k__Bacteria|p__Bacteroidetes|c__Bacteroidia|o__Bacteroidales|f__Bacteroidaceae|g__Bacteroides|s__Bacteroides_eggerthii
60,k__Bacteria|p__Firmicutes|c__Clostridia|o__Clostridiales|f__Lachnospiraceae|g__Lachnoclostridium|s__Clostridium_asparagiforme,k__Bacteria|p__Firmicutes|c__Clostridia|o__Clostridiales|f__Lachnospiraceae|g__Lachnoclostridium|s__Clostridium_asparagiforme
61,k__Bacteria|p__Bacteroidetes|c__Bacteroidia|o__Bacteroidales|f__Rikenellaceae|g__Alistipes|s__Alistipes_indistinctus,k__Bacteria|p__Bacteroidetes|c__Bacteroidia|o__Bacteroidales|f__Rikenellaceae|g__Alistipes|s__Alistipes_indistinctus
62,k__Bacteria|p__Actinobacteria|c__Actinobacteria|o__Micrococcales|f__Micrococcaceae|g__Rothia|s__Rothia_mucilaginosa,k__Bacteria|p__Actinobacteria|c__Actinobacteria|o__Micrococcales|f__Micrococcaceae|g__Rothia|s__Rothia_mucilaginosa
63,k__Bacteria|p__Firmicutes|c__Clostridia|o__Clostridiales|f__Clostridiales_unclassified|g__Intestinimonas|s__Intestinimonas_butyriciproducens,k__Bacteria|p__Firmicutes|c__Clostridia|o__Clostridiales|f__Clostridiales_unclassified|g__Intestinimonas|s__Intestinimonas_butyriciproducens
64,k__Bacteria|p__Firmicutes|c__Clostridia|o__Clostridiales|f__Ruminococcaceae|g__Gemmiger|s__Gemmiger_formicilis,k__Bacteria|p__Firmicutes|c__Clostridia|o__Clostridiales|f__Ruminococcaceae|g__Gemmiger|s__Gemmiger_formicilis
65,k__Bacteria|p__Firmicutes|c__Negativicutes|o__Veillonellales|f__Veillonellaceae|g__Veillonella|s__Veillonella_atypica,k__Bacteria|p__Firmicutes|c__Negativicutes|o__Veillonellales|f__Veillonellaceae|g__Veillonella|s__Veillonella_atypica
66,k__Bacteria|p__Firmicutes|c__Clostridia|o__Clostridiales|f__Clostridiaceae|g__Clostridium|s__Clostridium_paraputrificum,k__Bacteria|p__Firmicutes|c__Clostridia|o__Clostridiales|f__Clostridiaceae|g__Clostridium|s__Clostridium_paraputrificum
67,k__Bacteria|p__Firmicutes|c__Clostridia|o__Clostridiales|f__Lachnospiraceae|g__Blautia|s__Blautia_producta,k__Bacteria|p__Firmicutes|c__Clostridia|o__Clostridiales|f__Lachnospiraceae|g__Blautia|s__Blautia_producta
68,k__Bacteria|p__Firmicutes|c__Clostridia|o__Clostridiales|f__Lachnospiraceae|g__Lachnoclostridium|s__Clostridium_lavalense,k__Bacteria|p__Firmicutes|c__Clostridia|o__Clostridiales|f__Lachnospiraceae|g__Lachnoclostridium|s__Clostridium_lavalense
69,k__Bacteria|p__Firmicutes|c__Bacilli|o__Lactobacillales|f__Streptococcaceae|g__Streptococcus|s__Streptococcus_mitis,k__Bacteria|p__Firmicutes|c__Bacilli|o__Lactobacillales|f__Streptococcaceae|g__Streptococcus|s__Streptococcus_mitis
70,k__Bacteria|p__Bacteroidetes|c__Bacteroidia|o__Bacteroidales|f__Odoribacteraceae|g__Butyricimonas|s__Butyricimonas_virosa,k__Bacteria|p__Bacteroidetes|c__Bacteroidia|o__Bacteroidales|f__Odoribacteraceae|g__Butyricimonas|s__Butyricimonas_virosa
71,k__Bacteria|p__Firmicutes|c__Clostridia|o__Clostridiales|f__Lachnospiraceae|g__Lachnoclostridium|s__Clostridium_aldenense,k__Bacteria|p__Firmicutes|c__Clostridia|o__Clostridiales|f__Lachnospiraceae|g__Lachnoclostridium|s__Clostridium_aldenense
72,k__Bacteria|p__Firmicutes|c__Clostridia|o__Clostridiales|f__Lachnospiraceae|g__Eisenbergiella|s__Eisenbergiella_massiliensis,k__Bacteria|p__Firmicutes|c__Clostridia|o__Clostridiales|f__Lachnospiraceae|g__Eisenbergiella|s__Eisenbergiella_massiliensis
73,k__Bacteria|p__Bacteroidetes|c__Bacteroidia|o__Bacteroidales|f__Rikenellaceae|g__Alistipes|s__Alistipes_shahii,k__Bacteria|p__Bacteroidetes|c__Bacteroidia|o__Bacteroidales|f__Rikenellaceae|g__Alistipes|s__Alistipes_shahii
74,k__Bacteria|p__Firmicutes|c__Erysipelotrichia|o__Erysipelotrichales|f__Erysipelotrichaceae|g__Erysipelatoclostridium|s__Clostridium_spiroforme,k__Bacteria|p__Firmicutes|c__Erysipelotrichia|o__Erysipelotrichales|f__Erysipelotrichaceae|g__Erysipelatoclostridium|s__Clostridium_spiroforme
75,k__Bacteria|p__Firmicutes|c__Bacilli|o__Lactobacillales|f__Streptococcaceae|g__Streptococcus|s__Streptococcus_sanguinis,k__Bacteria|p__Firmicutes|c__Bacilli|o__Lactobacillales|f__Streptococcaceae|g__Streptococcus|s__Streptococcus_sanguinis
76,k__Bacteria|p__Firmicutes|c__Bacilli|o__Lactobacillales|f__Streptococcaceae|g__Streptococcus|s__Streptococcus_infantis,k__Bacteria|p__Firmicutes|c__Bacilli|o__Lactobacillales|f__Streptococcaceae|g__Streptococcus|s__Streptococcus_infantis
77,k__Bacteria|p__Actinobacteria|c__Actinobacteria|o__Actinomycetales|f__Actinomycetaceae|g__Actinomyces|s__Actinomyces_sp_ICM47,k__Bacteria|p__Actinobacteria|c__Actinobacteria|o__Actinomycetales|f__Actinomycetaceae|g__Actinomyces|s__Actinomyces_sp_ICM47
78,k__Bacteria|p__Firmicutes|c__Negativicutes|o__Veillonellales|f__Veillonellaceae|g__Veillonella|s__Veillonella_infantium,k__Bacteria|p__Firmicutes|c__Negativicutes|o__Veillonellales|f__Veillonellaceae|g__Veillonella|s__Veillonella_infantium
79,k__Bacteria|p__Firmicutes|c__Bacilli|o__Lactobacillales|f__Streptococcaceae|g__Streptococcus|s__Streptococcus_gordonii,k__Bacteria|p__Firmicutes|c__Bacilli|o__Lactobacillales|f__Streptococcaceae|g__Streptococcus|s__Streptococcus_gordonii
80,k__Bacteria|p__Bacteroidetes|c__Bacteroidia|o__Bacteroidales|f__Bacteroidaceae|g__Bacteroides|s__Bacteroides_vulgatus,k__Bacteria|p__Bacteroidetes|c__Bacteroidia|o__Bacteroidales|f__Bacteroidaceae|g__Bacteroides|s__Bacteroides_vulgatus
81,k__Bacteria|p__Actinobacteria|c__Actinobacteria|o__Actinomycetales|f__Actinomycetaceae|g__Actinomyces|s__Actinomyces_sp_HPA0247,k__Bacteria|p__Actinobacteria|c__Actinobacteria|o__Actinomycetales|f__Actinomycetaceae|g__Actinomyces|s__Actinomyces_sp_HPA0247
82,k__Bacteria|p__Actinobacteria|c__Actinobacteria|o__Actinomycetales|f__Actinomycetaceae|g__Actinomyces|s__Actinomyces_sp_oral_taxon_181,k__Bacteria|p__Actinobacteria|c__Actinobacteria|o__Actinomycetales|f__Actinomycetaceae|g__Actinomyces|s__Actinomyces_sp_oral_taxon_181
83,k__Bacteria|p__Firmicutes|c__Clostridia|o__Clostridiales|f__Lachnospiraceae|g__Oribacterium|s__Oribacterium_sinus,k__Bacteria|p__Firmicutes|c__Clostridia|o__Clostridiales|f__Lachnospiraceae|g__Oribacterium|s__Oribacterium_sinus
84,k__Bacteria|p__Bacteroidetes|c__Bacteroidia|o__Bacteroidales|f__Prevotellaceae|g__Prevotella|s__Prevotella_stercorea,k__Bacteria|p__Bacteroidetes|c__Bacteroidia|o__Bacteroidales|f__Prevotellaceae|g__Prevotella|s__Prevotella_stercorea
85,k__Bacteria|p__Firmicutes|c__Clostridia|o__Clostridiales|f__Eubacteriaceae|g__Eubacterium|s__Eubacterium_limosum,k__Bacteria|p__Firmicutes|c__Clostridia|o__Clostridiales|f__Eubacteriaceae|g__Eubacterium|s__Eubacterium_limosum
86,k__Bacteria|p__Firmicutes|c__Clostridia|o__Clostridiales|f__Lachnospiraceae|g__Lachnospira|s__Lachnospira_pectinoschiza,k__Bacteria|p__Firmicutes|c__Clostridia|o__Clostridiales|f__Lachnospiraceae|g__Lachnospira|s__Lachnospira_pectinoschiza
87,k__Bacteria|p__Firmicutes|c__Clostridia|o__Clostridiales|f__Lachnospiraceae|g__Lachnospiraceae_unclassified|s__Eubacterium_rectale,k__Bacteria|p__Firmicutes|c__Clostridia|o__Clostridiales|f__Lachnospiraceae|g__Lachnospiraceae_unclassified|s__Eubacterium_rectale
88,k__Bacteria|p__Firmicutes|c__Clostridia|o__Clostridiales|f__Lachnospiraceae|g__Roseburia|s__Roseburia_intestinalis,k__Bacteria|p__Firmicutes|c__Clostridia|o__Clostridiales|f__Lachnospiraceae|g__Roseburia|s__Roseburia_intestinalis
89,k__Bacteria|p__Firmicutes|c__Clostridia|o__Clostridiales|f__Ruminococcaceae|g__Ruminococcus|s__Ruminococcus_bromii,k__Bacteria|p__Firmicutes|c__Clostridia|o__Clostridiales|f__Ruminococcaceae|g__Ruminococcus|s__Ruminococcus_bromii
90,k__Bacteria|p__Firmicutes|c__Clostridia|o__Clostridiales|f__Lachnospiraceae|g__Roseburia|s__Roseburia_inulinivorans,k__Bacteria|p__Firmicutes|c__Clostridia|o__Clostridiales|f__Lachnospiraceae|g__Roseburia|s__Roseburia_inulinivorans
91,k__Bacteria|p__Bacteroidetes|c__Bacteroidia|o__Bacteroidales|f__Bacteroidaceae|g__Bacteroides|s__Bacteroides_stercoris,k__Bacteria|p__Bacteroidetes|c__Bacteroidia|o__Bacteroidales|f__Bacteroidaceae|g__Bacteroides|s__Bacteroides_stercoris
92,k__Bacteria|p__Firmicutes|c__Clostridia|o__Clostridiales|f__Lachnospiraceae|g__Anaerostipes|s__Anaerostipes_hadrus,k__Bacteria|p__Firmicutes|c__Clostridia|o__Clostridiales|f__Lachnospiraceae|g__Anaerostipes|s__Anaerostipes_hadrus
93,k__Bacteria|p__Bacteroidetes|c__Bacteroidia|o__Bacteroidales|f__Bacteroidaceae|g__Bacteroides|s__Bacteroides_galacturonicus,k__Bacteria|p__Bacteroidetes|c__Bacteroidia|o__Bacteroidales|f__Bacteroidaceae|g__Bacteroides|s__Bacteroides_galacturonicus
94,k__Bacteria|p__Firmicutes|c__Clostridia|o__Clostridiales|f__Lachnospiraceae|g__Blautia|s__Ruminococcus_torques,k__Bacteria|p__Firmicutes|c__Clostridia|o__Clostridiales|f__Lachnospiraceae|g__Blautia|s__Ruminococcus_torques
95,k__Bacteria|p__Firmicutes|c__Clostridia|o__Clostridiales|f__Lachnospiraceae|g__Roseburia|s__Roseburia_faecis,k__Bacteria|p__Firmicutes|c__Clostridia|o__Clostridiales|f__Lachnospiraceae|g__Roseburia|s__Roseburia_faecis
96,k__Bacteria|p__Firmicutes|c__Negativicutes|o__Acidaminococcales|f__Acidaminococcaceae|g__Phascolarctobacterium|s__Phascolarctobacterium_succinatutens,k__Bacteria|p__Firmicutes|c__Negativicutes|o__Acidaminococcales|f__Acidaminococcaceae|g__Phascolarctobacterium|s__Phascolarctobacterium_succinatutens
97,k__Bacteria|p__Firmicutes|c__Negativicutes|o__Selenomonadales|f__Selenomonadaceae|g__Megamonas|s__Megamonas_funiformis,k__Bacteria|p__Firmicutes|c__Negativicutes|o__Selenomonadales|f__Selenomonadaceae|g__Megamonas|s__Megamonas_funiformis
98,k__Bacteria|p__Actinobacteria|c__Actinobacteria|o__Bifidobacteriales|f__Bifidobacteriaceae|g__Bifidobacterium|s__Bifidobacterium_adolescentis,k__Bacteria|p__Actinobacteria|c__Actinobacteria|o__Bifidobacteriales|f__Bifidobacteriaceae|g__Bifidobacterium|s__Bifidobacterium_adolescentis
99,k__Bacteria|p__Bacteroidetes|c__Bacteroidia|o__Bacteroidales|f__Rikenellaceae|g__Alistipes|s__Alistipes_putredinis,k__Bacteria|p__Bacteroidetes|c__Bacteroidia|o__Bacteroidales|f__Rikenellaceae|g__Alistipes|s__Alistipes_putredinis
100,k__Bacteria|p__Firmicutes|c__Clostridia|o__Clostridiales|f__Lachnospiraceae|g__Roseburia|s__Roseburia_sp_CAG_303,k__Bacteria|p__Firmicutes|c__Clostridia|o__Clostridiales|f__Lachnospiraceae|g__Roseburia|s__Roseburia_sp_CAG_303
101,k__Bacteria|p__Spirochaetes|c__Spirochaetia|o__Brachyspirales|f__Brachyspiraceae|g__Brachyspira|s__Brachyspira_sp_CAG_700,k__Bacteria|p__Spirochaetes|c__Spirochaetia|o__Brachyspirales|f__Brachyspiraceae|g__Brachyspira|s__Brachyspira_sp_CAG_700
102,k__Bacteria|p__Bacteroidetes|c__Bacteroidia|o__Bacteroidales|f__Tannerellaceae|g__Parabacteroides|s__Parabacteroides_merdae,k__Bacteria|p__Bacteroidetes|c__Bacteroidia|o__Bacteroidales|f__Tannerellaceae|g__Parabacteroides|s__Parabacteroides_merdae
103,k__Bacteria|p__Firmicutes|c__Clostridia|o__Clostridiales|f__Ruminococcaceae|g__Ruminococcus|s__Ruminococcus_bicirculans,k__Bacteria|p__Firmicutes|c__Clostridia|o__Clostridiales|f__Ruminococcaceae|g__Ruminococcus|s__Ruminococcus_bicirculans
104,k__Bacteria|p__Firmicutes|c__Clostridia|o__Clostridiales|f__Eubacteriaceae|g__Eubacterium|s__Eubacterium_ventriosum,k__Bacteria|p__Firmicutes|c__Clostridia|o__Clostridiales|f__Eubacteriaceae|g__Eubacterium|s__Eubacterium_ventriosum
105,k__Bacteria|p__Firmicutes|c__Bacilli|o__Lactobacillales|f__Lactobacillaceae|g__Lactobacillus|s__Lactobacillus_rogosae,k__Bacteria|p__Firmicutes|c__Bacilli|o__Lactobacillales|f__Lactobacillaceae|g__Lactobacillus|s__Lactobacillus_rogosae
106,k__Bacteria|p__Actinobacteria|c__Actinobacteria|o__Bifidobacteriales|f__Bifidobacteriaceae|g__Bifidobacterium|s__Bifidobacterium_bifidum,k__Bacteria|p__Actinobacteria|c__Actinobacteria|o__Bifidobacteriales|f__Bifidobacteriaceae|g__Bifidobacterium|s__Bifidobacterium_bifidum
107,k__Bacteria|p__Firmicutes|c__Clostridia|o__Clostridiales|f__Eubacteriaceae|g__Eubacterium|s__Eubacterium_sp_CAG_38,k__Bacteria|p__Firmicutes|c__Clostridia|o__Clostridiales|f__Eubacteriaceae|g__Eubacterium|s__Eubacterium_sp_CAG_38
108,k__Bacteria|p__Firmicutes|c__Clostridia|o__Clostridiales|f__Lachnospiraceae|g__Dorea|s__Dorea_longicatena,k__Bacteria|p__Firmicutes|c__Clostridia|o__Clostridiales|f__Lachnospiraceae|g__Dorea|s__Dorea_longicatena
109,k__Bacteria|p__Firmicutes|c__Clostridia|o__Clostridiales|f__Eubacteriaceae|g__Eubacterium|s__Eubacterium_sp_CAG_274,k__Bacteria|p__Firmicutes|c__Clostridia|o__Clostridiales|f__Eubacteriaceae|g__Eubacterium|s__Eubacterium_sp_CAG_274
110,k__Bacteria|p__Firmicutes|c__Clostridia|o__Clostridiales|f__Lachnospiraceae|g__Coprococcus|s__Coprococcus_comes,k__Bacteria|p__Firmicutes|c__Clostridia|o__Clostridiales|f__Lachnospiraceae|g__Coprococcus|s__Coprococcus_comes
111,k__Bacteria|p__Bacteroidetes|c__Bacteroidia|o__Bacteroidales|f__Bacteroidaceae|g__Bacteroides|s__Bacteroides_caccae,k__Bacteria|p__Bacteroidetes|c__Bacteroidia|o__Bacteroidales|f__Bacteroidaceae|g__Bacteroides|s__Bacteroides_caccae
112,k__Bacteria|p__Bacteroidetes|c__Bacteroidia|o__Bacteroidales|f__Bacteroidaceae|g__Bacteroides|s__Bacteroides_thetaiotaomicron,k__Bacteria|p__Bacteroidetes|c__Bacteroidia|o__Bacteroidales|f__Bacteroidaceae|g__Bacteroides|s__Bacteroides_thetaiotaomicron
113,k__Bacteria|p__Firmicutes|c__Clostridia|o__Clostridiales|f__Oscillospiraceae|g__Oscillibacter|s__Oscillibacter_sp_57_20,k__Bacteria|p__Firmicutes|c__Clostridia|o__Clostridiales|f__Oscillospiraceae|g__Oscillibacter|s__Oscillibacter_sp_57_20
114,k__Bacteria|p__Bacteroidetes|c__Bacteroidia|o__Bacteroidales|f__Bacteroidaceae|g__Bacteroides|s__Bacteroides_sp_CAG_144,k__Bacteria|p__Bacteroidetes|c__Bacteroidia|o__Bacteroidales|f__Bacteroidaceae|g__Bacteroides|s__Bacteroides_sp_CAG_144
115,k__Bacteria|p__Bacteroidetes|c__Bacteroidia|o__Bacteroidales|f__Odoribacteraceae|g__Odoribacter|s__Odoribacter_splanchnicus,k__Bacteria|p__Bacteroidetes|c__Bacteroidia|o__Bacteroidales|f__Odoribacteraceae|g__Odoribacter|s__Odoribacter_splanchnicus
116,k__Bacteria|p__Actinobacteria|c__Coriobacteriia|o__Eggerthellales|f__Eggerthellaceae|g__Slackia|s__Slackia_isoflavoniconvertens,k__Bacteria|p__Actinobacteria|c__Coriobacteriia|o__Eggerthellales|f__Eggerthellaceae|g__Slackia|s__Slackia_isoflavoniconvertens
117,k__Bacteria|p__Firmicutes|c__Clostridia|o__Clostridiales|f__Ruminococcaceae|g__Ruminococcaceae_unclassified|s__Eubacterium_siraeum,k__Bacteria|p__Firmicutes|c__Clostridia|o__Clostridiales|f__Ruminococcaceae|g__Ruminococcaceae_unclassified|s__Eubacterium_siraeum
118,k__Bacteria|p__Bacteroidetes|c__Bacteroidia|o__Bacteroidales|f__Barnesiellaceae|g__Barnesiella|s__Barnesiella_intestinihominis,k__Bacteria|p__Bacteroidetes|c__Bacteroidia|o__Bacteroidales|f__Barnesiellaceae|g__Barnesiella|s__Barnesiella_intestinihominis
119,k__Bacteria|p__Bacteroidetes|c__Bacteroidia|o__Bacteroidales|f__Bacteroidaceae|g__Bacteroides|s__Bacteroides_massiliensis,k__Bacteria|p__Bacteroidetes|c__Bacteroidia|o__Bacteroidales|f__Bacteroidaceae|g__Bacteroides|s__Bacteroides_massiliensis
120,k__Bacteria|p__Actinobacteria|c__Actinobacteria|o__Bifidobacteriales|f__Bifidobacteriaceae|g__Bifidobacterium|s__Bifidobacterium_pseudocatenulatum,k__Bacteria|p__Actinobacteria|c__Actinobacteria|o__Bifidobacteriales|f__Bifidobacteriaceae|g__Bifidobacterium|s__Bifidobacterium_pseudocatenulatum
121,k__Bacteria|p__Firmicutes|c__Clostridia|o__Clostridiales|f__Eubacteriaceae|g__Eubacterium|s__Eubacterium_hallii,k__Bacteria|p__Firmicutes|c__Clostridia|o__Clostridiales|f__Eubacteriaceae|g__Eubacterium|s__Eubacterium_hallii
122,k__Bacteria|p__Firmicutes|c__Negativicutes|o__Selenomonadales|f__Selenomonadaceae|g__Megamonas|s__Megamonas_hypermegale,k__Bacteria|p__Firmicutes|c__Negativicutes|o__Selenomonadales|f__Selenomonadaceae|g__Megamonas|s__Megamonas_hypermegale
123,k__Bacteria|p__Bacteroidetes|c__Bacteroidia|o__Bacteroidales|f__Bacteroidaceae|g__Bacteroides|s__Bacteroides_xylanisolvens,k__Bacteria|p__Bacteroidetes|c__Bacteroidia|o__Bacteroidales|f__Bacteroidaceae|g__Bacteroides|s__Bacteroides_xylanisolvens
124,k__Bacteria|p__Firmicutes|c__Clostridia|o__Clostridiales|f__Lachnospiraceae|g__Roseburia|s__Roseburia_hominis,k__Bacteria|p__Firmicutes|c__Clostridia|o__Clostridiales|f__Lachnospiraceae|g__Roseburia|s__Roseburia_hominis
125,k__Bacteria|p__Bacteroidetes|c__Bacteroidia|o__Bacteroidales|f__Rikenellaceae|g__Alistipes|s__Alistipes_inops,k__Bacteria|p__Bacteroidetes|c__Bacteroidia|o__Bacteroidales|f__Rikenellaceae|g__Alistipes|s__Alistipes_inops
126,k__Bacteria|p__Firmicutes|c__Clostridia|o__Clostridiales|f__Lachnospiraceae|g__Dorea|s__Dorea_formicigenerans,k__Bacteria|p__Firmicutes|c__Clostridia|o__Clostridiales|f__Lachnospiraceae|g__Dorea|s__Dorea_formicigenerans
127,k__Bacteria|p__Firmicutes|c__Clostridia|o__Clostridiales|f__Lachnospiraceae|g__Blautia|s__Blautia_obeum,k__Bacteria|p__Firmicutes|c__Clostridia|o__Clostridiales|f__Lachnospiraceae|g__Blautia|s__Blautia_obeum
128,k__Bacteria|p__Firmicutes|c__Clostridia|o__Clostridiales|f__Oscillospiraceae|g__Oscillibacter|s__Oscillibacter_sp_CAG_241,k__Bacteria|p__Firmicutes|c__Clostridia|o__Clostridiales|f__Oscillospiraceae|g__Oscillibacter|s__Oscillibacter_sp_CAG_241
129,k__Bacteria|p__Firmicutes|c__Firmicutes_unclassified|o__Firmicutes_unclassified|f__Firmicutes_unclassified|g__Firmicutes_unclassified|s__Firmicutes_bacterium_CAG_110,k__Bacteria|p__Firmicutes|c__Firmicutes_unclassified|o__Firmicutes_unclassified|f__Firmicutes_unclassified|g__Firmicutes_unclassified|s__Firmicutes_bacterium_CAG_110
130,k__Bacteria|p__Actinobacteria|c__Actinobacteria|o__Bifidobacteriales|f__Bifidobacteriaceae|g__Bifidobacterium|s__Bifidobacterium_animalis,k__Bacteria|p__Actinobacteria|c__Actinobacteria|o__Bifidobacteriales|f__Bifidobacteriaceae|g__Bifidobacterium|s__Bifidobacterium_animalis
131,k__Bacteria|p__Actinobacteria|c__Coriobacteriia|o__Eggerthellales|f__Eggerthellaceae|g__Asaccharobacter|s__Asaccharobacter_celatus,k__Bacteria|p__Actinobacteria|c__Coriobacteriia|o__Eggerthellales|f__Eggerthellaceae|g__Asaccharobacter|s__Asaccharobacter_celatus
132,k__Bacteria|p__Firmicutes|c__Firmicutes_unclassified|o__Firmicutes_unclassified|f__Firmicutes_unclassified|g__Firmicutes_unclassified|s__Firmicutes_bacterium_CAG_83,k__Bacteria|p__Firmicutes|c__Firmicutes_unclassified|o__Firmicutes_unclassified|f__Firmicutes_unclassified|g__Firmicutes_unclassified|s__Firmicutes_bacterium_CAG_83
133,k__Bacteria|p__Actinobacteria|c__Coriobacteriia|o__Eggerthellales|f__Eggerthellaceae|g__Adlercreutzia|s__Adlercreutzia_equolifaciens,k__Bacteria|p__Actinobacteria|c__Coriobacteriia|o__Eggerthellales|f__Eggerthellaceae|g__Adlercreutzia|s__Adlercreutzia_equolifaciens
134,k__Bacteria|p__Bacteroidetes|c__Bacteroidia|o__Bacteroidales|f__Bacteroidaceae|g__Bacteroides|s__Bacteroides_cellulosilyticus,k__Bacteria|p__Bacteroidetes|c__Bacteroidia|o__Bacteroidales|f__Bacteroidaceae|g__Bacteroides|s__Bacteroides_cellulosilyticus
135,k__Bacteria|p__Bacteroidetes|c__Bacteroidia|o__Bacteroidales|f__Barnesiellaceae|g__Coprobacter|s__Coprobacter_fastidiosus,k__Bacteria|p__Bacteroidetes|c__Bacteroidia|o__Bacteroidales|f__Barnesiellaceae|g__Coprobacter|s__Coprobacter_fastidiosus
136,k__Bacteria|p__Firmicutes|c__Bacilli|o__Lactobacillales|f__Streptococcaceae|g__Streptococcus|s__Streptococcus_australis,k__Bacteria|p__Firmicutes|c__Bacilli|o__Lactobacillales|f__Streptococcaceae|g__Streptococcus|s__Streptococcus_australis
137,k__Bacteria|p__Verrucomicrobia|c__Verrucomicrobiae|o__Verrucomicrobiales|f__Akkermansiaceae|g__Akkermansia|s__Akkermansia_muciniphila,k__Bacteria|p__Verrucomicrobia|c__Verrucomicrobiae|o__Verrucomicrobiales|f__Akkermansiaceae|g__Akkermansia|s__Akkermansia_muciniphila
138,k__Bacteria|p__Firmicutes|c__Bacilli|o__Lactobacillales|f__Streptococcaceae|g__Streptococcus|s__Streptococcus_thermophilus,k__Bacteria|p__Firmicutes|c__Bacilli|o__Lactobacillales|f__Streptococcaceae|g__Streptococcus|s__Streptococcus_thermophilus
139,k__Bacteria|p__Firmicutes|c__Clostridia|o__Clostridiales|f__Lachnospiraceae|g__Roseburia|s__Roseburia_sp_CAG_471,k__Bacteria|p__Firmicutes|c__Clostridia|o__Clostridiales|f__Lachnospiraceae|g__Roseburia|s__Roseburia_sp_CAG_471
140,k__Bacteria|p__Bacteroidetes|c__Bacteroidia|o__Bacteroidales|f__Rikenellaceae|g__Alistipes|s__Alistipes_onderdonkii,k__Bacteria|p__Bacteroidetes|c__Bacteroidia|o__Bacteroidales|f__Rikenellaceae|g__Alistipes|s__Alistipes_onderdonkii
141,k__Bacteria|p__Bacteroidetes|c__Bacteroidia|o__Bacteroidales|f__Barnesiellaceae|g__Coprobacter|s__Coprobacter_secundus,k__Bacteria|p__Bacteroidetes|c__Bacteroidia|o__Bacteroidales|f__Barnesiellaceae|g__Coprobacter|s__Coprobacter_secundus
142,k__Bacteria|p__Firmicutes|c__Erysipelotrichia|o__Erysipelotrichales|f__Erysipelotrichaceae|g__Faecalitalea|s__Faecalitalea_cylindroides,k__Bacteria|p__Firmicutes|c__Erysipelotrichia|o__Erysipelotrichales|f__Erysipelotrichaceae|g__Faecalitalea|s__Faecalitalea_cylindroides
143,k__Archaea|p__Euryarchaeota|c__Methanobacteria|o__Methanobacteriales|f__Methanobacteriaceae|g__Methanobrevibacter|s__Methanobrevibacter_smithii,k__Archaea|p__Euryarchaeota|c__Methanobacteria|o__Methanobacteriales|f__Methanobacteriaceae|g__Methanobrevibacter|s__Methanobrevibacter_smithii
144,k__Bacteria|p__Proteobacteria|c__Betaproteobacteria|o__Burkholderiales|f__Sutterellaceae|g__Parasutterella|s__Parasutterella_excrementihominis,k__Bacteria|p__Proteobacteria|c__Betaproteobacteria|o__Burkholderiales|f__Sutterellaceae|g__Parasutterella|s__Parasutterella_excrementihominis
145,k__Bacteria|p__Firmicutes|c__Negativicutes|o__Veillonellales|f__Veillonellaceae|g__Allisonella|s__Allisonella_histaminiformans,k__Bacteria|p__Firmicutes|c__Negativicutes|o__Veillonellales|f__Veillonellaceae|g__Allisonella|s__Allisonella_histaminiformans
146,k__Bacteria|p__Firmicutes|c__Firmicutes_unclassified|o__Firmicutes_unclassified|f__Firmicutes_unclassified|g__Firmicutes_unclassified|s__Firmicutes_bacterium_CAG_170,k__Bacteria|p__Firmicutes|c__Firmicutes_unclassified|o__Firmicutes_unclassified|f__Firmicutes_unclassified|g__Firmicutes_unclassified|s__Firmicutes_bacterium_CAG_170
147,k__Bacteria|p__Firmicutes|c__Clostridia|o__Clostridiales|f__Clostridiaceae|g__Clostridium|s__Clostridium_disporicum,k__Bacteria|p__Firmicutes|c__Clostridia|o__Clostridiales|f__Clostridiaceae|g__Clostridium|s__Clostridium_disporicum
148,k__Bacteria|p__Firmicutes|c__Firmicutes_unclassified|o__Firmicutes_unclassified|f__Firmicutes_unclassified|g__Firmicutes_unclassified|s__Firmicutes_bacterium_CAG_646,k__Bacteria|p__Firmicutes|c__Firmicutes_unclassified|o__Firmicutes_unclassified|f__Firmicutes_unclassified|g__Firmicutes_unclassified|s__Firmicutes_bacterium_CAG_646
149,k__Bacteria|p__Firmicutes|c__Clostridia|o__Clostridiales|f__Clostridiaceae|g__Clostridium|s__Clostridium_sp_CAG_299,k__Bacteria|p__Firmicutes|c__Clostridia|o__Clostridiales|f__Clostridiaceae|g__Clostridium|s__Clostridium_sp_CAG_299
150,k__Bacteria|p__Firmicutes|c__Clostridia|o__Clostridiales|f__Clostridiales_Family_XIII_Incertae_Sedis|g__Mogibacterium|s__Mogibacterium_diversum,k__Bacteria|p__Firmicutes|c__Clostridia|o__Clostridiales|f__Clostridiales_Family_XIII_Incertae_Sedis|g__Mogibacterium|s__Mogibacterium_diversum
151,k__Bacteria|p__Firmicutes|c__Bacilli|o__Lactobacillales|f__Streptococcaceae|g__Streptococcus|s__Streptococcus_oralis,k__Bacteria|p__Firmicutes|c__Bacilli|o__Lactobacillales|f__Streptococcaceae|g__Streptococcus|s__Streptococcus_oralis
152,k__Bacteria|p__Firmicutes|c__Clostridia|o__Clostridiales|f__Clostridiales_Family_XIII_Incertae_Sedis|g__Clostridiales_Family_XIII_Incertae_Sedis_unclassified|s__Eubacterium_sulci,k__Bacteria|p__Firmicutes|c__Clostridia|o__Clostridiales|f__Clostridiales_Family_XIII_Incertae_Sedis|g__Clostridiales_Family_XIII_Incertae_Sedis_unclassified|s__Eubacterium_sulci
153,k__Bacteria|p__Firmicutes|c__Clostridia|o__Clostridiales|f__Lachnospiraceae|g__Lachnoclostridium|s__Lachnoclostridium_sp_An14,k__Bacteria|p__Firmicutes|c__Clostridia|o__Clostridiales|f__Lachnospiraceae|g__Lachnoclostridium|s__Lachnoclostridium_sp_An14
154,k__Bacteria|p__Firmicutes|c__Bacilli|o__Bacillales|f__Bacillales_unclassified|g__Gemella|s__Gemella_sanguinis,k__Bacteria|p__Firmicutes|c__Bacilli|o__Bacillales|f__Bacillales_unclassified|g__Gemella|s__Gemella_sanguinis
155,k__Bacteria|p__Proteobacteria|c__Gammaproteobacteria|o__Enterobacterales|f__Enterobacteriaceae|g__Citrobacter|s__Citrobacter_portucalensis,k__Bacteria|p__Proteobacteria|c__Gammaproteobacteria|o__Enterobacterales|f__Enterobacteriaceae|g__Citrobacter|s__Citrobacter_portucalensis
156,k__Bacteria|p__Actinobacteria|c__Actinobacteria|o__Actinomycetales|f__Actinomycetaceae|g__Actinomyces|s__Actinomyces_odontolyticus,k__Bacteria|p__Actinobacteria|c__Actinobacteria|o__Actinomycetales|f__Actinomycetaceae|g__Actinomyces|s__Actinomyces_odontolyticus
157,k__Bacteria|p__Proteobacteria|c__Gammaproteobacteria|o__Enterobacterales|f__Enterobacteriaceae|g__Citrobacter|s__Citrobacter_europaeus,k__Bacteria|p__Proteobacteria|c__Gammaproteobacteria|o__Enterobacterales|f__Enterobacteriaceae|g__Citrobacter|s__Citrobacter_europaeus
158,k__Bacteria|p__Firmicutes|c__Bacilli|o__Bacillales|f__Bacillales_unclassified|g__Gemella|s__Gemella_haemolysans,k__Bacteria|p__Firmicutes|c__Bacilli|o__Bacillales|f__Bacillales_unclassified|g__Gemella|s__Gemella_haemolysans
159,k__Bacteria|p__Proteobacteria|c__Gammaproteobacteria|o__Enterobacterales|f__Enterobacteriaceae|g__Citrobacter|s__Citrobacter_youngae,k__Bacteria|p__Proteobacteria|c__Gammaproteobacteria|o__Enterobacterales|f__Enterobacteriaceae|g__Citrobacter|s__Citrobacter_youngae
160,k__Bacteria|p__Firmicutes|c__Clostridia|o__Clostridiales|f__Clostridiales_unclassified|g__Monoglobus|s__Monoglobus_pectinilyticus,k__Bacteria|p__Firmicutes|c__Clostridia|o__Clostridiales|f__Clostridiales_unclassified|g__Monoglobus|s__Monoglobus_pectinilyticus
161,k__Bacteria|p__Firmicutes|c__Negativicutes|o__Veillonellales|f__Veillonellaceae|g__Megasphaera|s__Megasphaera_micronuciformis,k__Bacteria|p__Firmicutes|c__Negativicutes|o__Veillonellales|f__Veillonellaceae|g__Megasphaera|s__Megasphaera_micronuciformis
162,k__Bacteria|p__Actinobacteria|c__Actinobacteria|o__Actinomycetales|f__Actinomycetaceae|g__Actinomyces|s__Actinomyces_sp_oral_taxon_170,k__Bacteria|p__Actinobacteria|c__Actinobacteria|o__Actinomycetales|f__Actinomycetaceae|g__Actinomyces|s__Actinomyces_sp_oral_taxon_170
163,k__Bacteria|p__Proteobacteria|c__Gammaproteobacteria|o__Enterobacterales|f__Enterobacteriaceae|g__Klebsiella|s__Klebsiella_quasipneumoniae,k__Bacteria|p__Proteobacteria|c__Gammaproteobacteria|o__Enterobacterales|f__Enterobacteriaceae|g__Klebsiella|s__Klebsiella_quasipneumoniae
164,k__Bacteria|p__Firmicutes|c__Clostridia|o__Clostridiales|f__Lachnospiraceae|g__Lachnospiraceae_unclassified|s__Lachnospiraceae_bacterium_oral_taxon_096,k__Bacteria|p__Firmicutes|c__Clostridia|o__Clostridiales|f__Lachnospiraceae|g__Lachnospiraceae_unclassified|s__Lachnospiraceae_bacterium_oral_taxon_096
165,k__Bacteria|p__Actinobacteria|c__Actinobacteria|o__Actinomycetales|f__Actinomycetaceae|g__Actinomyces|s__Actinomyces_sp_HMSC035G02,k__Bacteria|p__Actinobacteria|c__Actinobacteria|o__Actinomycetales|f__Actinomycetaceae|g__Actinomyces|s__Actinomyces_sp_HMSC035G02
166,k__Bacteria|p__Bacteroidetes|c__Bacteroidia|o__Bacteroidales|f__Prevotellaceae|g__Prevotella|s__Prevotella_melaninogenica,k__Bacteria|p__Bacteroidetes|c__Bacteroidia|o__Bacteroidales|f__Prevotellaceae|g__Prevotella|s__Prevotella_melaninogenica
167,k__Bacteria|p__Firmicutes|c__Negativicutes|o__Veillonellales|f__Veillonellaceae|g__Veillonella|s__Veillonella_rogosae,k__Bacteria|p__Firmicutes|c__Negativicutes|o__Veillonellales|f__Veillonellaceae|g__Veillonella|s__Veillonella_rogosae
168,k__Bacteria|p__Firmicutes|c__Erysipelotrichia|o__Erysipelotrichales|f__Erysipelotrichaceae|g__Massiliomicrobiota|s__Massiliomicrobiota_timonensis,k__Bacteria|p__Firmicutes|c__Erysipelotrichia|o__Erysipelotrichales|f__Erysipelotrichaceae|g__Massiliomicrobiota|s__Massiliomicrobiota_timonensis
169,k__Bacteria|p__Firmicutes|c__Bacilli|o__Lactobacillales|f__Aerococcaceae|g__Abiotrophia|s__Abiotrophia_defectiva,k__Bacteria|p__Firmicutes|c__Bacilli|o__Lactobacillales|f__Aerococcaceae|g__Abiotrophia|s__Abiotrophia_defectiva
170,k__Bacteria|p__Firmicutes|c__Clostridia|o__Clostridiales|f__Lachnospiraceae|g__Oribacterium|s__Oribacterium_parvum,k__Bacteria|p__Firmicutes|c__Clostridia|o__Clostridiales|f__Lachnospiraceae|g__Oribacterium|s__Oribacterium_parvum
171,k__Bacteria|p__Firmicutes|c__Clostridia|o__Clostridiales|f__Lachnospiraceae|g__Lachnoclostridium|s__Clostridium_clostridioforme,k__Bacteria|p__Firmicutes|c__Clostridia|o__Clostridiales|f__Lachnospiraceae|g__Lachnoclostridium|s__Clostridium_clostridioforme
172,k__Bacteria|p__Firmicutes|c__Negativicutes|o__Veillonellales|f__Veillonellaceae|g__Megasphaera|s__Megasphaera_sp_DISK_18,k__Bacteria|p__Firmicutes|c__Negativicutes|o__Veillonellales|f__Veillonellaceae|g__Megasphaera|s__Megasphaera_sp_DISK_18
173,k__Bacteria|p__Actinobacteria|c__Actinobacteria|o__Actinomycetales|f__Actinomycetaceae|g__Actinomyces|s__Actinomyces_graevenitzii,k__Bacteria|p__Actinobacteria|c__Actinobacteria|o__Actinomycetales|f__Actinomycetaceae|g__Actinomyces|s__Actinomyces_graevenitzii
174,k__Bacteria|p__Actinobacteria|c__Actinobacteria|o__Actinomycetales|f__Actinomycetaceae|g__Actinomyces|s__Actinomyces_sp_S6_Spd3,k__Bacteria|p__Actinobacteria|c__Actinobacteria|o__Actinomycetales|f__Actinomycetaceae|g__Actinomyces|s__Actinomyces_sp_S6_Spd3
175,k__Bacteria|p__Firmicutes|c__Erysipelotrichia|o__Erysipelotrichales|f__Erysipelotrichaceae|g__Solobacterium|s__Solobacterium_moorei,k__Bacteria|p__Firmicutes|c__Erysipelotrichia|o__Erysipelotrichales|f__Erysipelotrichaceae|g__Solobacterium|s__Solobacterium_moorei
176,k__Bacteria|p__Firmicutes|c__Clostridia|o__Clostridiales|f__Lachnospiraceae|g__Blautia|s__Blautia_coccoides,k__Bacteria|p__Firmicutes|c__Clostridia|o__Clostridiales|f__Lachnospiraceae|g__Blautia|s__Blautia_coccoides
177,k__Bacteria|p__Firmicutes|c__Bacilli|o__Lactobacillales|f__Lactobacillaceae|g__Lactobacillus|s__Lactobacillus_sanfranciscensis,k__Bacteria|p__Firmicutes|c__Bacilli|o__Lactobacillales|f__Lactobacillaceae|g__Lactobacillus|s__Lactobacillus_sanfranciscensis
178,k__Bacteria|p__Firmicutes|c__Bacilli|o__Lactobacillales|f__Streptococcaceae|g__Streptococcus|s__Streptococcus_sp_M334,k__Bacteria|p__Firmicutes|c__Bacilli|o__Lactobacillales|f__Streptococcaceae|g__Streptococcus|s__Streptococcus_sp_M334
179,k__Bacteria|p__Proteobacteria|c__Gammaproteobacteria|o__Enterobacterales|f__Enterobacteriaceae|g__Klebsiella|s__Klebsiella_variicola,k__Bacteria|p__Proteobacteria|c__Gammaproteobacteria|o__Enterobacterales|f__Enterobacteriaceae|g__Klebsiella|s__Klebsiella_variicola
180,k__Bacteria|p__Firmicutes|c__Bacilli|o__Lactobacillales|f__Aerococcaceae|g__Abiotrophia|s__Abiotrophia_sp_HMSC24B09,k__Bacteria|p__Firmicutes|c__Bacilli|o__Lactobacillales|f__Aerococcaceae|g__Abiotrophia|s__Abiotrophia_sp_HMSC24B09
181,k__Bacteria|p__Firmicutes|c__Clostridia|o__Clostridiales|f__Clostridiales_Family_XIII_Incertae_Sedis|g__Clostridiales_Family_XIII_Incertae_Sedis_unclassified|s__Eubacterium_brachy,k__Bacteria|p__Firmicutes|c__Clostridia|o__Clostridiales|f__Clostridiales_Family_XIII_Incertae_Sedis|g__Clostridiales_Family_XIII_Incertae_Sedis_unclassified|s__Eubacterium_brachy
182,k__Bacteria|p__Actinobacteria|c__Actinobacteria|o__Actinomycetales|f__Actinomycetaceae|g__Actinomyces|s__Actinomyces_naeslundii,k__Bacteria|p__Actinobacteria|c__Actinobacteria|o__Actinomycetales|f__Actinomycetaceae|g__Actinomyces|s__Actinomyces_naeslundii
183,k__Bacteria|p__Firmicutes|c__Tissierellia|o__Tissierellales|f__Peptoniphilaceae|g__Parvimonas|s__Parvimonas_micra,k__Bacteria|p__Firmicutes|c__Tissierellia|o__Tissierellales|f__Peptoniphilaceae|g__Parvimonas|s__Parvimonas_micra
184,k__Bacteria|p__Firmicutes|c__Bacilli|o__Lactobacillales|f__Streptococcaceae|g__Streptococcus|s__Streptococcus_cristatus,k__Bacteria|p__Firmicutes|c__Bacilli|o__Lactobacillales|f__Streptococcaceae|g__Streptococcus|s__Streptococcus_cristatus
185,k__Bacteria|p__Firmicutes|c__Clostridia|o__Clostridiales|f__Clostridiales_Family_XIII_Incertae_Sedis|g__Mogibacterium|s__Mogibacterium_pumilum,k__Bacteria|p__Firmicutes|c__Clostridia|o__Clostridiales|f__Clostridiales_Family_XIII_Incertae_Sedis|g__Mogibacterium|s__Mogibacterium_pumilum
186,k__Bacteria|p__Bacteroidetes|c__Bacteroidia|o__Bacteroidales|f__Prevotellaceae|g__Prevotella|s__Prevotella_sp_oral_taxon_306,k__Bacteria|p__Bacteroidetes|c__Bacteroidia|o__Bacteroidales|f__Prevotellaceae|g__Prevotella|s__Prevotella_sp_oral_taxon_306
187,k__Bacteria|p__Bacteroidetes|c__Bacteroidia|o__Bacteroidales|f__Prevotellaceae|g__Prevotella|s__Prevotella_sp_CAG_520,k__Bacteria|p__Bacteroidetes|c__Bacteroidia|o__Bacteroidales|f__Prevotellaceae|g__Prevotella|s__Prevotella_sp_CAG_520
188,k__Bacteria|p__Bacteroidetes|c__Bacteroidia|o__Bacteroidales|f__Prevotellaceae|g__Prevotella|s__Prevotella_sp_CAG_5226,k__Bacteria|p__Bacteroidetes|c__Bacteroidia|o__Bacteroidales|f__Prevotellaceae|g__Prevotella|s__Prevotella_sp_CAG_5226
189,k__Bacteria|p__Firmicutes|c__Erysipelotrichia|o__Erysipelotrichales|f__Erysipelotrichaceae|g__Holdemanella|s__Holdemanella_biformis,k__Bacteria|p__Firmicutes|c__Erysipelotrichia|o__Erysipelotrichales|f__Erysipelotrichaceae|g__Holdemanella|s__Holdemanella_biformis
190,k__Bacteria|p__Bacteroidetes|c__Bacteroidia|o__Bacteroidales|f__Bacteroidaceae|g__Bacteroides|s__Bacteroides_fragilis,k__Bacteria|p__Bacteroidetes|c__Bacteroidia|o__Bacteroidales|f__Bacteroidaceae|g__Bacteroides|s__Bacteroides_fragilis
191,k__Bacteria|p__Firmicutes|c__Clostridia|o__Clostridiales|f__Clostridiaceae|g__Clostridium|s__Clostridium_sp_CAG_242,k__Bacteria|p__Firmicutes|c__Clostridia|o__Clostridiales|f__Clostridiaceae|g__Clostridium|s__Clostridium_sp_CAG_242
192,k__Bacteria|p__Firmicutes|c__Clostridia|o__Clostridiales|f__Lachnospiraceae|g__Coprococcus|s__Coprococcus_eutactus,k__Bacteria|p__Firmicutes|c__Clostridia|o__Clostridiales|f__Lachnospiraceae|g__Coprococcus|s__Coprococcus_eutactus
193,k__Bacteria|p__Firmicutes|c__Bacilli|o__Lactobacillales|f__Streptococcaceae|g__Lactococcus|s__Lactococcus_petauri,k__Bacteria|p__Firmicutes|c__Bacilli|o__Lactobacillales|f__Streptococcaceae|g__Lactococcus|s__Lactococcus_petauri
194,k__Bacteria|p__Bacteroidetes|c__Bacteroidia|o__Bacteroidales|f__Prevotellaceae|g__Paraprevotella|s__Paraprevotella_xylaniphila,k__Bacteria|p__Bacteroidetes|c__Bacteroidia|o__Bacteroidales|f__Prevotellaceae|g__Paraprevotella|s__Paraprevotella_xylaniphila
195,k__Bacteria|p__Firmicutes|c__Bacilli|o__Lactobacillales|f__Streptococcaceae|g__Lactococcus|s__Lactococcus_garvieae,k__Bacteria|p__Firmicutes|c__Bacilli|o__Lactobacillales|f__Streptococcaceae|g__Lactococcus|s__Lactococcus_garvieae
196,k__Bacteria|p__Firmicutes|c__Bacilli|o__Lactobacillales|f__Streptococcaceae|g__Streptococcus|s__Streptococcus_vestibularis,k__Bacteria|p__Firmicutes|c__Bacilli|o__Lactobacillales|f__Streptococcaceae|g__Streptococcus|s__Streptococcus_vestibularis
197,k__Bacteria|p__Fusobacteria|c__Fusobacteriia|o__Fusobacteriales|f__Fusobacteriaceae|g__Fusobacterium|s__Fusobacterium_mortiferum,k__Bacteria|p__Fusobacteria|c__Fusobacteriia|o__Fusobacteriales|f__Fusobacteriaceae|g__Fusobacterium|s__Fusobacterium_mortiferum
198,k__Bacteria|p__Firmicutes|c__Clostridia|o__Clostridiales|f__Ruminococcaceae|g__Anaeromassilibacillus|s__Anaeromassilibacillus_sp_An250,k__Bacteria|p__Firmicutes|c__Clostridia|o__Clostridiales|f__Ruminococcaceae|g__Anaeromassilibacillus|s__Anaeromassilibacillus_sp_An250
199,k__Bacteria|p__Firmicutes|c__Bacilli|o__Lactobacillales|f__Lactobacillaceae|g__Lactobacillus|s__Lactobacillus_paragasseri,k__Bacteria|p__Firmicutes|c__Bacilli|o__Lactobacillales|f__Lactobacillaceae|g__Lactobacillus|s__Lactobacillus_paragasseri
200,k__Bacteria|p__Proteobacteria|c__Gammaproteobacteria|o__Aeromonadales|f__Succinivibrionaceae|g__Succinatimonas|s__Succinatimonas_hippei,k__Bacteria|p__Proteobacteria|c__Gammaproteobacteria|o__Aeromonadales|f__Succinivibrionaceae|g__Succinatimonas|s__Succinatimonas_hippei
201,k__Bacteria|p__Firmicutes|c__Bacilli|o__Lactobacillales|f__Lactobacillaceae|g__Lactobacillus|s__Lactobacillus_fermentum,k__Bacteria|p__Firmicutes|c__Bacilli|o__Lactobacillales|f__Lactobacillaceae|g__Lactobacillus|s__Lactobacillus_fermentum
202,k__Bacteria|p__Firmicutes|c__Clostridia|o__Clostridiales|f__Lachnospiraceae|g__Dorea|s__Dorea_sp_CAG_317,k__Bacteria|p__Firmicutes|c__Clostridia|o__Clostridiales|f__Lachnospiraceae|g__Dorea|s__Dorea_sp_CAG_317
203,k__Bacteria|p__Firmicutes|c__Clostridia|o__Clostridiales|f__Eubacteriaceae|g__Eubacterium|s__Eubacterium_sp_CAG_180,k__Bacteria|p__Firmicutes|c__Clostridia|o__Clostridiales|f__Eubacteriaceae|g__Eubacterium|s__Eubacterium_sp_CAG_180
204,k__Bacteria|p__Firmicutes|c__Bacilli|o__Lactobacillales|f__Streptococcaceae|g__Streptococcus|s__Streptococcus_mutans,k__Bacteria|p__Firmicutes|c__Bacilli|o__Lactobacillales|f__Streptococcaceae|g__Streptococcus|s__Streptococcus_mutans
205,k__Bacteria|p__Actinobacteria|c__Actinobacteria|o__Bifidobacteriales|f__Bifidobacteriaceae|g__Scardovia|s__Scardovia_wiggsiae,k__Bacteria|p__Actinobacteria|c__Actinobacteria|o__Bifidobacteriales|f__Bifidobacteriaceae|g__Scardovia|s__Scardovia_wiggsiae
206,k__Bacteria|p__Actinobacteria|c__Actinobacteria|o__Bifidobacteriales|f__Bifidobacteriaceae|g__Bifidobacterium|s__Bifidobacterium_dentium,k__Bacteria|p__Actinobacteria|c__Actinobacteria|o__Bifidobacteriales|f__Bifidobacteriaceae|g__Bifidobacterium|s__Bifidobacterium_dentium
207,k__Bacteria|p__Firmicutes|c__Bacilli|o__Lactobacillales|f__Lactobacillaceae|g__Lactobacillus|s__Lactobacillus_gasseri,k__Bacteria|p__Firmicutes|c__Bacilli|o__Lactobacillales|f__Lactobacillaceae|g__Lactobacillus|s__Lactobacillus_gasseri
208,k__Bacteria|p__Actinobacteria|c__Coriobacteriia|o__Coriobacteriales|f__Atopobiaceae|g__Olsenella|s__Olsenella_scatoligenes,k__Bacteria|p__Actinobacteria|c__Coriobacteriia|o__Coriobacteriales|f__Atopobiaceae|g__Olsenella|s__Olsenella_scatoligenes
209,k__Bacteria|p__Firmicutes|c__Firmicutes_unclassified|o__Firmicutes_unclassified|f__Firmicutes_unclassified|g__Firmicutes_unclassified|s__Firmicutes_bacterium_CAG_94,k__Bacteria|p__Firmicutes|c__Firmicutes_unclassified|o__Firmicutes_unclassified|f__Firmicutes_unclassified|g__Firmicutes_unclassified|s__Firmicutes_bacterium_CAG_94
210,k__Bacteria|p__Bacteroidetes|c__Bacteroidia|o__Bacteroidales|f__Bacteroidaceae|g__Bacteroides|s__Bacteroides_faecichinchillae,k__Bacteria|p__Bacteroidetes|c__Bacteroidia|o__Bacteroidales|f__Bacteroidaceae|g__Bacteroides|s__Bacteroides_faecichinchillae
211,k__Bacteria|p__Firmicutes|c__Negativicutes|o__Selenomonadales|f__Selenomonadaceae|g__Megamonas|s__Megamonas_funiformis_CAG_377,k__Bacteria|p__Firmicutes|c__Negativicutes|o__Selenomonadales|f__Selenomonadaceae|g__Megamonas|s__Megamonas_funiformis_CAG_377
212,k__Bacteria|p__Firmicutes|c__Clostridia|o__Clostridiales|f__Lachnospiraceae|g__Lachnoclostridium|s__Lachnoclostridium_sp_An138,k__Bacteria|p__Firmicutes|c__Clostridia|o__Clostridiales|f__Lachnospiraceae|g__Lachnoclostridium|s__Lachnoclostridium_sp_An138
213,k__Bacteria|p__Firmicutes|c__Bacilli|o__Lactobacillales|f__Streptococcaceae|g__Streptococcus|s__Streptococcus_sp_HPH0090,k__Bacteria|p__Firmicutes|c__Bacilli|o__Lactobacillales|f__Streptococcaceae|g__Streptococcus|s__Streptococcus_sp_HPH0090
214,k__Bacteria|p__Actinobacteria|c__Coriobacteriia|o__Coriobacteriales|f__Coriobacteriaceae|g__Collinsella|s__Collinsella_intestinalis,k__Bacteria|p__Actinobacteria|c__Coriobacteriia|o__Coriobacteriales|f__Coriobacteriaceae|g__Collinsella|s__Collinsella_intestinalis
215,k__Bacteria|p__Firmicutes|c__Clostridia|o__Clostridiales|f__Lachnospiraceae|g__Lachnoclostridium|s__Lachnoclostridium_sp_An118,k__Bacteria|p__Firmicutes|c__Clostridia|o__Clostridiales|f__Lachnospiraceae|g__Lachnoclostridium|s__Lachnoclostridium_sp_An118
216,k__Bacteria|p__Actinobacteria|c__Actinobacteria|o__Bifidobacteriales|f__Bifidobacteriaceae|g__Alloscardovia|s__Alloscardovia_omnicolens,k__Bacteria|p__Actinobacteria|c__Actinobacteria|o__Bifidobacteriales|f__Bifidobacteriaceae|g__Alloscardovia|s__Alloscardovia_omnicolens
217,k__Bacteria|p__Actinobacteria|c__Coriobacteriia|o__Coriobacteriales|f__Coriobacteriaceae|g__Enorma|s__Collinsella_massiliensis,k__Bacteria|p__Actinobacteria|c__Coriobacteriia|o__Coriobacteriales|f__Coriobacteriaceae|g__Enorma|s__Collinsella_massiliensis
218,k__Bacteria|p__Bacteroidetes|c__Bacteroidia|o__Bacteroidales|f__Prevotellaceae|g__Prevotella|s__Prevotella_sp_CAG_279,k__Bacteria|p__Bacteroidetes|c__Bacteroidia|o__Bacteroidales|f__Prevotellaceae|g__Prevotella|s__Prevotella_sp_CAG_279
219,k__Bacteria|p__Bacteroidetes|c__Bacteroidia|o__Bacteroidales|f__Bacteroidaceae|g__Bacteroides|s__Bacteroides_finegoldii,k__Bacteria|p__Bacteroidetes|c__Bacteroidia|o__Bacteroidales|f__Bacteroidaceae|g__Bacteroides|s__Bacteroides_finegoldii
220,k__Bacteria|p__Firmicutes|c__Clostridia|o__Clostridiales|f__Ruminococcaceae|g__Ruminococcus|s__Ruminococcus_sp_CAG_330,k__Bacteria|p__Firmicutes|c__Clostridia|o__Clostridiales|f__Ruminococcaceae|g__Ruminococcus|s__Ruminococcus_sp_CAG_330
221,k__Bacteria|p__Firmicutes|c__Clostridia|o__Clostridiales|f__Ruminococcaceae|g__Ruminococcaceae_unclassified|s__Ruminococcaceae_bacterium_D5,k__Bacteria|p__Firmicutes|c__Clostridia|o__Clostridiales|f__Ruminococcaceae|g__Ruminococcaceae_unclassified|s__Ruminococcaceae_bacterium_D5
222,k__Bacteria|p__Proteobacteria|c__Gammaproteobacteria|o__Pasteurellales|f__Pasteurellaceae|g__Haemophilus|s__Haemophilus_sp_HMSC71H05,k__Bacteria|p__Proteobacteria|c__Gammaproteobacteria|o__Pasteurellales|f__Pasteurellaceae|g__Haemophilus|s__Haemophilus_sp_HMSC71H05
223,k__Bacteria|p__Proteobacteria|c__Deltaproteobacteria|o__Desulfovibrionales|f__Desulfovibrionaceae|g__Desulfovibrionaceae_unclassified|s__Desulfovibrionaceae_bacterium,k__Bacteria|p__Proteobacteria|c__Deltaproteobacteria|o__Desulfovibrionales|f__Desulfovibrionaceae|g__Desulfovibrionaceae_unclassified|s__Desulfovibrionaceae_bacterium
224,k__Bacteria|p__Firmicutes|c__Clostridia|o__Clostridiales|f__Ruminococcaceae|g__Pseudoflavonifractor|s__Pseudoflavonifractor_sp_An184,k__Bacteria|p__Firmicutes|c__Clostridia|o__Clostridiales|f__Ruminococcaceae|g__Pseudoflavonifractor|s__Pseudoflavonifractor_sp_An184
225,k__Bacteria|p__Proteobacteria|c__Deltaproteobacteria|o__Desulfovibrionales|f__Desulfovibrionaceae|g__Desulfovibrio|s__Desulfovibrio_piger,k__Bacteria|p__Proteobacteria|c__Deltaproteobacteria|o__Desulfovibrionales|f__Desulfovibrionaceae|g__Desulfovibrio|s__Desulfovibrio_piger
226,k__Bacteria|p__Firmicutes|c__Clostridia|o__Clostridiales|f__Lachnospiraceae|g__Lachnoclostridium|s__Clostridium_saccharolyticum,k__Bacteria|p__Firmicutes|c__Clostridia|o__Clostridiales|f__Lachnospiraceae|g__Lachnoclostridium|s__Clostridium_saccharolyticum
227,k__Bacteria|p__Bacteroidetes|c__Bacteroidia|o__Bacteroidales|f__Prevotellaceae|g__Paraprevotella|s__Paraprevotella_clara,k__Bacteria|p__Bacteroidetes|c__Bacteroidia|o__Bacteroidales|f__Prevotellaceae|g__Paraprevotella|s__Paraprevotella_clara
228,k__Bacteria|p__Bacteroidetes|c__Bacteroidia|o__Bacteroidales|f__Bacteroidaceae|g__Bacteroides|s__Bacteroides_nordii,k__Bacteria|p__Bacteroidetes|c__Bacteroidia|o__Bacteroidales|f__Bacteroidaceae|g__Bacteroides|s__Bacteroides_nordii
229,k__Bacteria|p__Firmicutes|c__Clostridia|o__Clostridiales|f__Peptostreptococcaceae|g__Peptostreptococcus|s__Peptostreptococcus_anaerobius,k__Bacteria|p__Firmicutes|c__Clostridia|o__Clostridiales|f__Peptostreptococcaceae|g__Peptostreptococcus|s__Peptostreptococcus_anaerobius
230,k__Bacteria|p__Spirochaetes|c__Spirochaetia|o__Spirochaetales|f__Spirochaetaceae|g__Treponema|s__Treponema_berlinense,k__Bacteria|p__Spirochaetes|c__Spirochaetia|o__Spirochaetales|f__Spirochaetaceae|g__Treponema|s__Treponema_berlinense
231,k__Bacteria|p__Firmicutes|c__Erysipelotrichia|o__Erysipelotrichales|f__Erysipelotrichaceae|g__Dielma|s__Dielma_fastidiosa,k__Bacteria|p__Firmicutes|c__Erysipelotrichia|o__Erysipelotrichales|f__Erysipelotrichaceae|g__Dielma|s__Dielma_fastidiosa
232,k__Bacteria|p__Firmicutes|c__Bacilli|o__Lactobacillales|f__Streptococcaceae|g__Streptococcus|s__Streptococcus_agalactiae,k__Bacteria|p__Firmicutes|c__Bacilli|o__Lactobacillales|f__Streptococcaceae|g__Streptococcus|s__Streptococcus_agalactiae
233,k__Bacteria|p__Firmicutes|c__Bacilli|o__Lactobacillales|f__Streptococcaceae|g__Streptococcus|s__Streptococcus_anginosus_group,k__Bacteria|p__Firmicutes|c__Bacilli|o__Lactobacillales|f__Streptococcaceae|g__Streptococcus|s__Streptococcus_anginosus_group
234,k__Bacteria|p__Firmicutes|c__Clostridia|o__Clostridiales|f__Lachnospiraceae|g__Lachnoclostridium|s__Clostridium_hylemonae,k__Bacteria|p__Firmicutes|c__Clostridia|o__Clostridiales|f__Lachnospiraceae|g__Lachnoclostridium|s__Clostridium_hylemonae
235,k__Bacteria|p__Firmicutes|c__Firmicutes_unclassified|o__Firmicutes_unclassified|f__Firmicutes_unclassified|g__Firmicutes_unclassified|s__Firmicutes_bacterium_CAG_238,k__Bacteria|p__Firmicutes|c__Firmicutes_unclassified|o__Firmicutes_unclassified|f__Firmicutes_unclassified|g__Firmicutes_unclassified|s__Firmicutes_bacterium_CAG_238
236,k__Bacteria|p__Fusobacteria|c__Fusobacteriia|o__Fusobacteriales|f__Fusobacteriaceae|g__Fusobacterium|s__Fusobacterium_nucleatum,k__Bacteria|p__Fusobacteria|c__Fusobacteriia|o__Fusobacteriales|f__Fusobacteriaceae|g__Fusobacterium|s__Fusobacterium_nucleatum
237,k__Bacteria|p__Firmicutes|c__Bacilli|o__Bacillales|f__Bacillales_unclassified|g__Gemella|s__Gemella_morbillorum,k__Bacteria|p__Firmicutes|c__Bacilli|o__Bacillales|f__Bacillales_unclassified|g__Gemella|s__Gemella_morbillorum
238,k__Bacteria|p__Firmicutes|c__Clostridia|o__Clostridiales|f__Catabacteriaceae|g__Catabacter|s__Catabacter_hongkongensis,k__Bacteria|p__Firmicutes|c__Clostridia|o__Clostridiales|f__Catabacteriaceae|g__Catabacter|s__Catabacter_hongkongensis
239,k__Bacteria|p__Firmicutes|c__Firmicutes_unclassified|o__Firmicutes_unclassified|f__Firmicutes_unclassified|g__Firmicutes_unclassified|s__Firmicutes_bacterium_CAG_95,k__Bacteria|p__Firmicutes|c__Firmicutes_unclassified|o__Firmicutes_unclassified|f__Firmicutes_unclassified|g__Firmicutes_unclassified|s__Firmicutes_bacterium_CAG_95
240,k__Bacteria|p__Proteobacteria|c__Gammaproteobacteria|o__Pasteurellales|f__Pasteurellaceae|g__Aggregatibacter|s__Aggregatibacter_segnis,k__Bacteria|p__Proteobacteria|c__Gammaproteobacteria|o__Pasteurellales|f__Pasteurellaceae|g__Aggregatibacter|s__Aggregatibacter_segnis
241,k__Bacteria|p__Proteobacteria|c__Epsilonproteobacteria|o__Campylobacterales|f__Campylobacteraceae|g__Campylobacter|s__Campylobacter_concisus,k__Bacteria|p__Proteobacteria|c__Epsilonproteobacteria|o__Campylobacterales|f__Campylobacteraceae|g__Campylobacter|s__Campylobacter_concisus
242,k__Bacteria|p__Proteobacteria|c__Gammaproteobacteria|o__Pasteurellales|f__Pasteurellaceae|g__Aggregatibacter|s__Aggregatibacter_sp_oral_taxon_458,k__Bacteria|p__Proteobacteria|c__Gammaproteobacteria|o__Pasteurellales|f__Pasteurellaceae|g__Aggregatibacter|s__Aggregatibacter_sp_oral_taxon_458
243,k__Bacteria|p__Proteobacteria|c__Gammaproteobacteria|o__Xanthomonadales|f__Xanthomonadaceae|g__Stenotrophomonas|s__Stenotrophomonas_maltophilia,k__Bacteria|p__Proteobacteria|c__Gammaproteobacteria|o__Xanthomonadales|f__Xanthomonadaceae|g__Stenotrophomonas|s__Stenotrophomonas_maltophilia
244,k__Bacteria|p__Proteobacteria|c__Gammaproteobacteria|o__Pseudomonadales|f__Pseudomonadaceae|g__Pseudomonas|s__Pseudomonas_aeruginosa_group,k__Bacteria|p__Proteobacteria|c__Gammaproteobacteria|o__Pseudomonadales|f__Pseudomonadaceae|g__Pseudomonas|s__Pseudomonas_aeruginosa_group
245,k__Bacteria|p__Proteobacteria|c__Gammaproteobacteria|o__Enterobacterales|f__Enterobacteriaceae|g__Raoultella|s__Raoultella_ornithinolytica,k__Bacteria|p__Proteobacteria|c__Gammaproteobacteria|o__Enterobacterales|f__Enterobacteriaceae|g__Raoultella|s__Raoultella_ornithinolytica
246,k__Bacteria|p__Proteobacteria|c__Gammaproteobacteria|o__Pasteurellales|f__Pasteurellaceae|g__Haemophilus|s__Haemophilus_haemolyticus,k__Bacteria|p__Proteobacteria|c__Gammaproteobacteria|o__Pasteurellales|f__Pasteurellaceae|g__Haemophilus|s__Haemophilus_haemolyticus
247,k__Bacteria|p__Actinobacteria|c__Coriobacteriia|o__Coriobacteriales|f__Atopobiaceae|g__Atopobium|s__Atopobium_parvulum,k__Bacteria|p__Actinobacteria|c__Coriobacteriia|o__Coriobacteriales|f__Atopobiaceae|g__Atopobium|s__Atopobium_parvulum
248,k__Bacteria|p__Firmicutes|c__Clostridia|o__Clostridiales|f__Ruminococcaceae|g__Flavonifractor|s__Flavonifractor_sp_An10,k__Bacteria|p__Firmicutes|c__Clostridia|o__Clostridiales|f__Ruminococcaceae|g__Flavonifractor|s__Flavonifractor_sp_An10
249,k__Bacteria|p__Firmicutes|c__Clostridia|o__Clostridiales|f__Ruminococcaceae|g__Pseudoflavonifractor|s__Pseudoflavonifractor_capillosus,k__Bacteria|p__Firmicutes|c__Clostridia|o__Clostridiales|f__Ruminococcaceae|g__Pseudoflavonifractor|s__Pseudoflavonifractor_capillosus
250,k__Bacteria|p__Firmicutes|c__Clostridia|o__Clostridiales|f__Lachnospiraceae|g__Lachnoanaerobaculum|s__Lachnoanaerobaculum_saburreum,k__Bacteria|p__Firmicutes|c__Clostridia|o__Clostridiales|f__Lachnospiraceae|g__Lachnoanaerobaculum|s__Lachnoanaerobaculum_saburreum
251,k__Bacteria|p__Firmicutes|c__Clostridia|o__Clostridiales|f__Ruminococcaceae|g__Ruminococcaceae_unclassified|s__Clostridium_methylpentosum,k__Bacteria|p__Firmicutes|c__Clostridia|o__Clostridiales|f__Ruminococcaceae|g__Ruminococcaceae_unclassified|s__Clostridium_methylpentosum
252,k__Bacteria|p__Actinobacteria|c__Coriobacteriia|o__Eggerthellales|f__Eggerthellaceae|g__Enterorhabdus|s__Enterorhabdus_caecimuris,k__Bacteria|p__Actinobacteria|c__Coriobacteriia|o__Eggerthellales|f__Eggerthellaceae|g__Enterorhabdus|s__Enterorhabdus_caecimuris
253,k__Bacteria|p__Proteobacteria|c__Epsilonproteobacteria|o__Campylobacterales|f__Campylobacteraceae|g__Campylobacter|s__Campylobacter_ureolyticus,k__Bacteria|p__Proteobacteria|c__Epsilonproteobacteria|o__Campylobacterales|f__Campylobacteraceae|g__Campylobacter|s__Campylobacter_ureolyticus
254,k__Bacteria|p__Proteobacteria|c__Gammaproteobacteria|o__Xanthomonadales|f__Xanthomonadaceae|g__Stenotrophomonas|s__Stenotrophomonas_rhizophila,k__Bacteria|p__Proteobacteria|c__Gammaproteobacteria|o__Xanthomonadales|f__Xanthomonadaceae|g__Stenotrophomonas|s__Stenotrophomonas_rhizophila
255,k__Bacteria|p__Firmicutes|c__Clostridia|o__Clostridiales|f__Ruminococcaceae|g__Harryflintia|s__Harryflintia_acetispora,k__Bacteria|p__Firmicutes|c__Clostridia|o__Clostridiales|f__Ruminococcaceae|g__Harryflintia|s__Harryflintia_acetispora
256,k__Bacteria|p__Actinobacteria|c__Actinobacteria|o__Micrococcales|f__Micrococcaceae|g__Rothia|s__Rothia_dentocariosa,k__Bacteria|p__Actinobacteria|c__Actinobacteria|o__Micrococcales|f__Micrococcaceae|g__Rothia|s__Rothia_dentocariosa
257,k__Bacteria|p__Bacteroidetes|c__Bacteroidia|o__Bacteroidales|f__Prevotellaceae|g__Prevotella|s__Prevotella_sp_AM42_24,k__Bacteria|p__Bacteroidetes|c__Bacteroidia|o__Bacteroidales|f__Prevotellaceae|g__Prevotella|s__Prevotella_sp_AM42_24
258,k__Bacteria|p__Firmicutes|c__Negativicutes|o__Selenomonadales|f__Selenomonadaceae|g__Megamonas|s__Megamonas_rupellensis,k__Bacteria|p__Firmicutes|c__Negativicutes|o__Selenomonadales|f__Selenomonadaceae|g__Megamonas|s__Megamonas_rupellensis
259,k__Bacteria|p__Firmicutes|c__Negativicutes|o__Veillonellales|f__Veillonellaceae|g__Megasphaera|s__Megasphaera_elsdenii,k__Bacteria|p__Firmicutes|c__Negativicutes|o__Veillonellales|f__Veillonellaceae|g__Megasphaera|s__Megasphaera_elsdenii
260,k__Bacteria|p__Firmicutes|c__Bacilli|o__Lactobacillales|f__Streptococcaceae|g__Streptococcus|s__Streptococcus_sp_A12,k__Bacteria|p__Firmicutes|c__Bacilli|o__Lactobacillales|f__Streptococcaceae|g__Streptococcus|s__Streptococcus_sp_A12
261,k__Bacteria|p__Fusobacteria|c__Fusobacteriia|o__Fusobacteriales|f__Fusobacteriaceae|g__Fusobacterium|s__Fusobacterium_ulcerans,k__Bacteria|p__Fusobacteria|c__Fusobacteriia|o__Fusobacteriales|f__Fusobacteriaceae|g__Fusobacterium|s__Fusobacterium_ulcerans
262,k__Bacteria|p__Firmicutes|c__Bacilli|o__Lactobacillales|f__Streptococcaceae|g__Lactococcus|s__Lactococcus_lactis,k__Bacteria|p__Firmicutes|c__Bacilli|o__Lactobacillales|f__Streptococcaceae|g__Lactococcus|s__Lactococcus_lactis
263,k__Bacteria|p__Bacteroidetes|c__Bacteroidia|o__Bacteroidales|f__Prevotellaceae|g__Prevotella|s__Prevotella_bivia,k__Bacteria|p__Bacteroidetes|c__Bacteroidia|o__Bacteroidales|f__Prevotellaceae|g__Prevotella|s__Prevotella_bivia
264,k__Bacteria|p__Firmicutes|c__Clostridia|o__Clostridiales|f__Peptostreptococcaceae|g__Peptostreptococcus|s__Peptostreptococcus_stomatis,k__Bacteria|p__Firmicutes|c__Clostridia|o__Clostridiales|f__Peptostreptococcaceae|g__Peptostreptococcus|s__Peptostreptococcus_stomatis
265,k__Bacteria|p__Bacteroidetes|c__Bacteroidia|o__Bacteroidales|f__Bacteroidaceae|g__Bacteroides|s__Bacteroides_faecis,k__Bacteria|p__Bacteroidetes|c__Bacteroidia|o__Bacteroidales|f__Bacteroidaceae|g__Bacteroides|s__Bacteroides_faecis
266,k__Bacteria|p__Bacteroidetes|c__Bacteroidia|o__Bacteroidales|f__Bacteroidaceae|g__Bacteroides|s__Bacteroides_faecis_CAG_32,k__Bacteria|p__Bacteroidetes|c__Bacteroidia|o__Bacteroidales|f__Bacteroidaceae|g__Bacteroides|s__Bacteroides_faecis_CAG_32
267,k__Bacteria|p__Proteobacteria|c__Gammaproteobacteria|o__Enterobacterales|f__Enterobacteriaceae|g__Kosakonia|s__Kosakonia_cowanii,k__Bacteria|p__Proteobacteria|c__Gammaproteobacteria|o__Enterobacterales|f__Enterobacteriaceae|g__Kosakonia|s__Kosakonia_cowanii
268,k__Bacteria|p__Firmicutes|c__Clostridia|o__Clostridiales|f__Ruminococcaceae|g__Ruminococcaceae_unclassified|s__Ruminococcaceae_bacterium_D16,k__Bacteria|p__Firmicutes|c__Clostridia|o__Clostridiales|f__Ruminococcaceae|g__Ruminococcaceae_unclassified|s__Ruminococcaceae_bacterium_D16
269,k__Bacteria|p__Firmicutes|c__Clostridia|o__Clostridiales|f__Clostridiaceae|g__Clostridium|s__Clostridium_perfringens,k__Bacteria|p__Firmicutes|c__Clostridia|o__Clostridiales|f__Clostridiaceae|g__Clostridium|s__Clostridium_perfringens
270,k__Bacteria|p__Proteobacteria|c__Gammaproteobacteria|o__Enterobacterales|f__Enterobacteriaceae|g__Citrobacter|s__Citrobacter_freundii,k__Bacteria|p__Proteobacteria|c__Gammaproteobacteria|o__Enterobacterales|f__Enterobacteriaceae|g__Citrobacter|s__Citrobacter_freundii
271,k__Bacteria|p__Firmicutes|c__Bacilli|o__Lactobacillales|f__Lactobacillaceae|g__Lactobacillus|s__Lactobacillus_salivarius,k__Bacteria|p__Firmicutes|c__Bacilli|o__Lactobacillales|f__Lactobacillaceae|g__Lactobacillus|s__Lactobacillus_salivarius
272,k__Bacteria|p__Firmicutes|c__Clostridia|o__Clostridiales|f__Eubacteriaceae|g__Eubacterium|s__Eubacterium_dolichum_CAG_375,k__Bacteria|p__Firmicutes|c__Clostridia|o__Clostridiales|f__Eubacteriaceae|g__Eubacterium|s__Eubacterium_dolichum_CAG_375
273,k__Bacteria|p__Firmicutes|c__Erysipelotrichia|o__Erysipelotrichales|f__Erysipelotrichaceae|g__Absiella|s__Absiella_dolichum,k__Bacteria|p__Firmicutes|c__Erysipelotrichia|o__Erysipelotrichales|f__Erysipelotrichaceae|g__Absiella|s__Absiella_dolichum
274,k__Bacteria|p__Firmicutes|c__Negativicutes|o__Veillonellales|f__Veillonellaceae|g__Megasphaera|s__Megasphaera_sp_MJR8396C,k__Bacteria|p__Firmicutes|c__Negativicutes|o__Veillonellales|f__Veillonellaceae|g__Megasphaera|s__Megasphaera_sp_MJR8396C
275,k__Bacteria|p__Proteobacteria|c__Gammaproteobacteria|o__Enterobacterales|f__Enterobacteriaceae|g__Klebsiella|s__Klebsiella_pneumoniae,k__Bacteria|p__Proteobacteria|c__Gammaproteobacteria|o__Enterobacterales|f__Enterobacteriaceae|g__Klebsiella|s__Klebsiella_pneumoniae
276,k__Bacteria|p__Bacteroidetes|c__Bacteroidia|o__Bacteroidales|f__Bacteroidaceae|g__Bacteroides|s__Bacteroides_coprocola,k__Bacteria|p__Bacteroidetes|c__Bacteroidia|o__Bacteroidales|f__Bacteroidaceae|g__Bacteroides|s__Bacteroides_coprocola
277,k__Bacteria|p__Firmicutes|c__Negativicutes|o__Veillonellales|f__Veillonellaceae|g__Anaeroglobus|s__Anaeroglobus_geminatus,k__Bacteria|p__Firmicutes|c__Negativicutes|o__Veillonellales|f__Veillonellaceae|g__Anaeroglobus|s__Anaeroglobus_geminatus
278,k__Bacteria|p__Firmicutes|c__Negativicutes|o__Veillonellales|f__Veillonellaceae|g__Dialister|s__Dialister_pneumosintes,k__Bacteria|p__Firmicutes|c__Negativicutes|o__Veillonellales|f__Veillonellaceae|g__Dialister|s__Dialister_pneumosintes
279,k__Bacteria|p__Fusobacteria|c__Fusobacteriia|o__Fusobacteriales|f__Fusobacteriaceae|g__Fusobacterium|s__Fusobacterium_gonidiaformans,k__Bacteria|p__Fusobacteria|c__Fusobacteriia|o__Fusobacteriales|f__Fusobacteriaceae|g__Fusobacterium|s__Fusobacterium_gonidiaformans
280,k__Bacteria|p__Firmicutes|c__Bacilli|o__Lactobacillales|f__Streptococcaceae|g__Streptococcus|s__Streptococcus_sp_F0442,k__Bacteria|p__Firmicutes|c__Bacilli|o__Lactobacillales|f__Streptococcaceae|g__Streptococcus|s__Streptococcus_sp_F0442
281,k__Bacteria|p__Fusobacteria|c__Fusobacteriia|o__Fusobacteriales|f__Fusobacteriaceae|g__Fusobacterium|s__Fusobacterium_equinum,k__Bacteria|p__Fusobacteria|c__Fusobacteriia|o__Fusobacteriales|f__Fusobacteriaceae|g__Fusobacterium|s__Fusobacterium_equinum
282,k__Bacteria|p__Firmicutes|c__Negativicutes|o__Acidaminococcales|f__Acidaminococcaceae|g__Phascolarctobacterium|s__Phascolarctobacterium_sp_CAG_266,k__Bacteria|p__Firmicutes|c__Negativicutes|o__Acidaminococcales|f__Acidaminococcaceae|g__Phascolarctobacterium|s__Phascolarctobacterium_sp_CAG_266
283,k__Bacteria|p__Firmicutes|c__Clostridia|o__Clostridiales|f__Lachnospiraceae|g__Lachnoclostridium|s__Clostridium_scindens,k__Bacteria|p__Firmicutes|c__Clostridia|o__Clostridiales|f__Lachnospiraceae|g__Lachnoclostridium|s__Clostridium_scindens
284,k__Bacteria|p__Firmicutes|c__Clostridia|o__Clostridiales|f__Ruminococcaceae|g__Ruminococcus|s__Ruminococcus_lactaris,k__Bacteria|p__Firmicutes|c__Clostridia|o__Clostridiales|f__Ruminococcaceae|g__Ruminococcus|s__Ruminococcus_lactaris
285,k__Bacteria|p__Actinobacteria|c__Actinobacteria|o__Corynebacteriales|f__Corynebacteriales_unclassified|g__Lawsonella|s__Lawsonella_clevelandensis,k__Bacteria|p__Actinobacteria|c__Actinobacteria|o__Corynebacteriales|f__Corynebacteriales_unclassified|g__Lawsonella|s__Lawsonella_clevelandensis
286,k__Bacteria|p__Firmicutes|c__Negativicutes|o__Acidaminococcales|f__Acidaminococcaceae|g__Acidaminococcus|s__Acidaminococcus_sp_CAG_542,k__Bacteria|p__Firmicutes|c__Negativicutes|o__Acidaminococcales|f__Acidaminococcaceae|g__Acidaminococcus|s__Acidaminococcus_sp_CAG_542
287,k__Bacteria|p__Actinobacteria|c__Actinobacteria|o__Actinomycetales|f__Actinomycetaceae|g__Actinomyces|s__Actinomyces_oris,k__Bacteria|p__Actinobacteria|c__Actinobacteria|o__Actinomycetales|f__Actinomycetaceae|g__Actinomyces|s__Actinomyces_oris
288,k__Bacteria|p__Firmicutes|c__Clostridia|o__Clostridiales|f__Lachnospiraceae|g__Stomatobaculum|s__Stomatobaculum_longum,k__Bacteria|p__Firmicutes|c__Clostridia|o__Clostridiales|f__Lachnospiraceae|g__Stomatobaculum|s__Stomatobaculum_longum
289,k__Bacteria|p__Proteobacteria|c__Gammaproteobacteria|o__Pasteurellales|f__Pasteurellaceae|g__Haemophilus|s__Haemophilus_sputorum,k__Bacteria|p__Proteobacteria|c__Gammaproteobacteria|o__Pasteurellales|f__Pasteurellaceae|g__Haemophilus|s__Haemophilus_sputorum
290,k__Bacteria|p__Proteobacteria|c__Betaproteobacteria|o__Burkholderiales|f__Sutterellaceae|g__Turicimonas|s__Turicimonas_muris,k__Bacteria|p__Proteobacteria|c__Betaproteobacteria|o__Burkholderiales|f__Sutterellaceae|g__Turicimonas|s__Turicimonas_muris
291,k__Bacteria|p__Proteobacteria|c__Proteobacteria_unclassified|o__Proteobacteria_unclassified|f__Proteobacteria_unclassified|g__Proteobacteria_unclassified|s__Proteobacteria_bacterium_CAG_139,k__Bacteria|p__Proteobacteria|c__Proteobacteria_unclassified|o__Proteobacteria_unclassified|f__Proteobacteria_unclassified|g__Proteobacteria_unclassified|s__Proteobacteria_bacterium_CAG_139
292,k__Bacteria|p__Fusobacteria|c__Fusobacteriia|o__Fusobacteriales|f__Fusobacteriaceae|g__Fusobacterium|s__Fusobacterium_periodonticum,k__Bacteria|p__Fusobacteria|c__Fusobacteriia|o__Fusobacteriales|f__Fusobacteriaceae|g__Fusobacterium|s__Fusobacterium_periodonticum
293,k__Bacteria|p__Deinococcus_Thermus|c__Deinococci|o__Thermales|f__Thermaceae|g__Meiothermus|s__Meiothermus_silvanus,k__Bacteria|p__Deinococcus_Thermus|c__Deinococci|o__Thermales|f__Thermaceae|g__Meiothermus|s__Meiothermus_silvanus
294,k__Bacteria|p__Proteobacteria|c__Betaproteobacteria|o__Neisseriales|f__Neisseriaceae|g__Neisseria|s__Neisseria_flavescens,k__Bacteria|p__Proteobacteria|c__Betaproteobacteria|o__Neisseriales|f__Neisseriaceae|g__Neisseria|s__Neisseria_flavescens
295,k__Bacteria|p__Firmicutes|c__Clostridia|o__Clostridiales|f__Ruminococcaceae|g__Gemmiger|s__Gemmiger_sp_An87,k__Bacteria|p__Firmicutes|c__Clostridia|o__Clostridiales|f__Ruminococcaceae|g__Gemmiger|s__Gemmiger_sp_An87
296,k__Bacteria|p__Deinococcus_Thermus|c__Deinococci|o__Thermales|f__Thermaceae|g__Thermus|s__Thermus_scotoductus,k__Bacteria|p__Deinococcus_Thermus|c__Deinococci|o__Thermales|f__Thermaceae|g__Thermus|s__Thermus_scotoductus
297,k__Bacteria|p__Firmicutes|c__Clostridia|o__Clostridiales|f__Clostridiaceae|g__Lactonifactor|s__Lactonifactor_longoviformis,k__Bacteria|p__Firmicutes|c__Clostridia|o__Clostridiales|f__Clostridiaceae|g__Lactonifactor|s__Lactonifactor_longoviformis
298,k__Bacteria|p__Firmicutes|c__Clostridia|o__Clostridiales|f__Eubacteriaceae|g__Eubacterium|s__Eubacterium_sp_CAG_251,k__Bacteria|p__Firmicutes|c__Clostridia|o__Clostridiales|f__Eubacteriaceae|g__Eubacterium|s__Eubacterium_sp_CAG_251
299,k__Bacteria|p__Bacteroidetes|c__Bacteroidia|o__Bacteroidales|f__Tannerellaceae|g__Parabacteroides|s__Parabacteroides_johnsonii,k__Bacteria|p__Bacteroidetes|c__Bacteroidia|o__Bacteroidales|f__Tannerellaceae|g__Parabacteroides|s__Parabacteroides_johnsonii
300,k__Bacteria|p__Firmicutes|c__Clostridia|o__Clostridiales|f__Lachnospiraceae|g__Butyrivibrio|s__Butyrivibrio_sp_CAG_318,k__Bacteria|p__Firmicutes|c__Clostridia|o__Clostridiales|f__Lachnospiraceae|g__Butyrivibrio|s__Butyrivibrio_sp_CAG_318
301,k__Bacteria|p__Firmicutes|c__Negativicutes|o__Veillonellales|f__Veillonellaceae|g__Dialister|s__Dialister_invisus,k__Bacteria|p__Firmicutes|c__Negativicutes|o__Veillonellales|f__Veillonellaceae|g__Dialister|s__Dialister_invisus
302,k__Bacteria|p__Firmicutes|c__Bacilli|o__Lactobacillales|f__Lactobacillaceae|g__Lactobacillus|s__Lactobacillus_plantarum,k__Bacteria|p__Firmicutes|c__Bacilli|o__Lactobacillales|f__Lactobacillaceae|g__Lactobacillus|s__Lactobacillus_plantarum
303,k__Bacteria|p__Bacteroidetes|c__Bacteroidia|o__Bacteroidales|f__Prevotellaceae|g__Prevotella|s__Prevotella_buccae,k__Bacteria|p__Bacteroidetes|c__Bacteroidia|o__Bacteroidales|f__Prevotellaceae|g__Prevotella|s__Prevotella_buccae
304,k__Bacteria|p__Firmicutes|c__Clostridia|o__Clostridiales|f__Ruminococcaceae|g__Ruminococcus|s__Ruminococcus_callidus,k__Bacteria|p__Firmicutes|c__Clostridia|o__Clostridiales|f__Ruminococcaceae|g__Ruminococcus|s__Ruminococcus_callidus
305,k__Bacteria|p__Bacteroidetes|c__Bacteroidia|o__Bacteroidales|f__Rikenellaceae|g__Alistipes|s__Alistipes_sp_An66,k__Bacteria|p__Bacteroidetes|c__Bacteroidia|o__Bacteroidales|f__Rikenellaceae|g__Alistipes|s__Alistipes_sp_An66
306,k__Bacteria|p__Bacteroidetes|c__Bacteroidia|o__Bacteroidales|f__Prevotellaceae|g__Alloprevotella|s__Alloprevotella_tannerae,k__Bacteria|p__Bacteroidetes|c__Bacteroidia|o__Bacteroidales|f__Prevotellaceae|g__Alloprevotella|s__Alloprevotella_tannerae
307,k__Bacteria|p__Firmicutes|c__Clostridia|o__Clostridiales|f__Lachnospiraceae|g__Roseburia|s__Roseburia_sp_CAG_182,k__Bacteria|p__Firmicutes|c__Clostridia|o__Clostridiales|f__Lachnospiraceae|g__Roseburia|s__Roseburia_sp_CAG_182
308,k__Bacteria|p__Synergistetes|c__Synergistia|o__Synergistales|f__Synergistaceae|g__Cloacibacillus|s__Cloacibacillus_porcorum,k__Bacteria|p__Synergistetes|c__Synergistia|o__Synergistales|f__Synergistaceae|g__Cloacibacillus|s__Cloacibacillus_porcorum
309,k__Bacteria|p__Actinobacteria|c__Actinobacteria|o__Corynebacteriales|f__Corynebacteriaceae|g__Corynebacterium|s__Corynebacterium_argentoratense,k__Bacteria|p__Actinobacteria|c__Actinobacteria|o__Corynebacteriales|f__Corynebacteriaceae|g__Corynebacterium|s__Corynebacterium_argentoratense
310,k__Bacteria|p__Lentisphaerae|c__Lentisphaeria|o__Victivallales|f__Victivallaceae|g__Victivallis|s__Victivallis_vadensis,k__Bacteria|p__Lentisphaerae|c__Lentisphaeria|o__Victivallales|f__Victivallaceae|g__Victivallis|s__Victivallis_vadensis
311,k__Bacteria|p__Bacteroidetes|c__Bacteroidia|o__Bacteroidales|f__Porphyromonadaceae|g__Porphyromonas|s__Porphyromonas_asaccharolytica,k__Bacteria|p__Bacteroidetes|c__Bacteroidia|o__Bacteroidales|f__Porphyromonadaceae|g__Porphyromonas|s__Porphyromonas_asaccharolytica
312,k__Bacteria|p__Bacteroidetes|c__Bacteroidia|o__Bacteroidales|f__Porphyromonadaceae|g__Sanguibacteroides|s__Sanguibacteroides_justesenii,k__Bacteria|p__Bacteroidetes|c__Bacteroidia|o__Bacteroidales|f__Porphyromonadaceae|g__Sanguibacteroides|s__Sanguibacteroides_justesenii
313,k__Bacteria|p__Proteobacteria|c__Gammaproteobacteria|o__Enterobacterales|f__Enterobacteriaceae|g__Klebsiella|s__Klebsiella_aerogenes,k__Bacteria|p__Proteobacteria|c__Gammaproteobacteria|o__Enterobacterales|f__Enterobacteriaceae|g__Klebsiella|s__Klebsiella_aerogenes
314,k__Bacteria|p__Bacteroidetes|c__Bacteroidia|o__Bacteroidales|f__Prevotellaceae|g__Prevotella|s__Prevotella_denticola,k__Bacteria|p__Bacteroidetes|c__Bacteroidia|o__Bacteroidales|f__Prevotellaceae|g__Prevotella|s__Prevotella_denticola
315,k__Bacteria|p__Bacteroidetes|c__Bacteroidia|o__Bacteroidales|f__Porphyromonadaceae|g__Porphyromonas|s__Porphyromonas_uenonis,k__Bacteria|p__Bacteroidetes|c__Bacteroidia|o__Bacteroidales|f__Porphyromonadaceae|g__Porphyromonas|s__Porphyromonas_uenonis
316,k__Bacteria|p__Firmicutes|c__Bacilli|o__Lactobacillales|f__Leuconostocaceae|g__Leuconostoc|s__Leuconostoc_garlicum,k__Bacteria|p__Firmicutes|c__Bacilli|o__Lactobacillales|f__Leuconostocaceae|g__Leuconostoc|s__Leuconostoc_garlicum
317,k__Bacteria|p__Firmicutes|c__Clostridia|o__Clostridiales|f__Eubacteriaceae|g__Eubacteriaceae_unclassified|s__Eubacteriaceae_bacterium_CHKCI005,k__Bacteria|p__Firmicutes|c__Clostridia|o__Clostridiales|f__Eubacteriaceae|g__Eubacteriaceae_unclassified|s__Eubacteriaceae_bacterium_CHKCI005
318,k__Bacteria|p__Firmicutes|c__Bacilli|o__Lactobacillales|f__Leuconostocaceae|g__Leuconostoc|s__Leuconostoc_lactis,k__Bacteria|p__Firmicutes|c__Bacilli|o__Lactobacillales|f__Leuconostocaceae|g__Leuconostoc|s__Leuconostoc_lactis
319,k__Bacteria|p__Firmicutes|c__Clostridia|o__Clostridiales|f__Eubacteriaceae|g__Eubacterium|s__Eubacterium_sp_OM08_24,k__Bacteria|p__Firmicutes|c__Clostridia|o__Clostridiales|f__Eubacteriaceae|g__Eubacterium|s__Eubacterium_sp_OM08_24
320,k__Bacteria|p__Actinobacteria|c__Actinobacteria|o__Bifidobacteriales|f__Bifidobacteriaceae|g__Bifidobacterium|s__Bifidobacterium_catenulatum,k__Bacteria|p__Actinobacteria|c__Actinobacteria|o__Bifidobacteriales|f__Bifidobacteriaceae|g__Bifidobacterium|s__Bifidobacterium_catenulatum
321,k__Bacteria|p__Bacteroidetes|c__Bacteroidia|o__Bacteroidales|f__Bacteroidaceae|g__Bacteroides|s__Bacteroides_clarus,k__Bacteria|p__Bacteroidetes|c__Bacteroidia|o__Bacteroidales|f__Bacteroidaceae|g__Bacteroides|s__Bacteroides_clarus
322,k__Bacteria|p__Firmicutes|c__Bacilli|o__Lactobacillales|f__Streptococcaceae|g__Streptococcus|s__Streptococcus_pseudopneumoniae,k__Bacteria|p__Firmicutes|c__Bacilli|o__Lactobacillales|f__Streptococcaceae|g__Streptococcus|s__Streptococcus_pseudopneumoniae
323,k__Bacteria|p__Firmicutes|c__Bacilli|o__Bacillales|f__Staphylococcaceae|g__Staphylococcus|s__Staphylococcus_aureus,k__Bacteria|p__Firmicutes|c__Bacilli|o__Bacillales|f__Staphylococcaceae|g__Staphylococcus|s__Staphylococcus_aureus
324,k__Bacteria|p__Proteobacteria|c__Gammaproteobacteria|o__Pasteurellales|f__Pasteurellaceae|g__Haemophilus|s__Haemophilus_parahaemolyticus,k__Bacteria|p__Proteobacteria|c__Gammaproteobacteria|o__Pasteurellales|f__Pasteurellaceae|g__Haemophilus|s__Haemophilus_parahaemolyticus
325,k__Bacteria|p__Firmicutes|c__Negativicutes|o__Veillonellales|f__Veillonellaceae|g__Veillonella|s__Veillonella_tobetsuensis,k__Bacteria|p__Firmicutes|c__Negativicutes|o__Veillonellales|f__Veillonellaceae|g__Veillonella|s__Veillonella_tobetsuensis
326,k__Bacteria|p__Firmicutes|c__Clostridia|o__Clostridiales|f__Clostridiales_Family_XIII_Incertae_Sedis|g__Clostridiales_Family_XIII_Incertae_Sedis_unclassified|s__Eubacterium_nodatum,k__Bacteria|p__Firmicutes|c__Clostridia|o__Clostridiales|f__Clostridiales_Family_XIII_Incertae_Sedis|g__Clostridiales_Family_XIII_Incertae_Sedis_unclassified|s__Eubacterium_nodatum
327,k__Bacteria|p__Bacteroidetes|c__Bacteroidia|o__Bacteroidales|f__Prevotellaceae|g__Prevotella|s__Prevotella_histicola,k__Bacteria|p__Bacteroidetes|c__Bacteroidia|o__Bacteroidales|f__Prevotellaceae|g__Prevotella|s__Prevotella_histicola
328,k__Bacteria|p__Actinobacteria|c__Actinobacteria|o__Actinomycetales|f__Actinomycetaceae|g__Actinomyces|s__Actinomyces_sp_oral_taxon_448,k__Bacteria|p__Actinobacteria|c__Actinobacteria|o__Actinomycetales|f__Actinomycetaceae|g__Actinomyces|s__Actinomyces_sp_oral_taxon_448
329,k__Bacteria|p__Firmicutes|c__Bacilli|o__Lactobacillales|f__Streptococcaceae|g__Streptococcus|s__Streptococcus_pneumoniae,k__Bacteria|p__Firmicutes|c__Bacilli|o__Lactobacillales|f__Streptococcaceae|g__Streptococcus|s__Streptococcus_pneumoniae
330,k__Bacteria|p__Firmicutes|c__Erysipelotrichia|o__Erysipelotrichales|f__Erysipelotrichaceae|g__Eggerthia|s__Eggerthia_catenaformis,k__Bacteria|p__Firmicutes|c__Erysipelotrichia|o__Erysipelotrichales|f__Erysipelotrichaceae|g__Eggerthia|s__Eggerthia_catenaformis
331,k__Bacteria|p__Actinobacteria|c__Coriobacteriia|o__Eggerthellales|f__Eggerthellaceae|g__Slackia|s__Slackia_exigua,k__Bacteria|p__Actinobacteria|c__Coriobacteriia|o__Eggerthellales|f__Eggerthellaceae|g__Slackia|s__Slackia_exigua
332,k__Bacteria|p__Actinobacteria|c__Actinobacteria|o__Actinomycetales|f__Actinomycetaceae|g__Actinomyces|s__Actinomyces_hongkongensis,k__Bacteria|p__Actinobacteria|c__Actinobacteria|o__Actinomycetales|f__Actinomycetaceae|g__Actinomyces|s__Actinomyces_hongkongensis
333,k__Bacteria|p__Firmicutes|c__Clostridia|o__Clostridiales|f__Clostridiales_Family_XIII_Incertae_Sedis|g__Clostridiales_Family_XIII_Incertae_Sedis_unclassified|s__Eubacterium_saphenum,k__Bacteria|p__Firmicutes|c__Clostridia|o__Clostridiales|f__Clostridiales_Family_XIII_Incertae_Sedis|g__Clostridiales_Family_XIII_Incertae_Sedis_unclassified|s__Eubacterium_saphenum
334,k__Bacteria|p__Actinobacteria|c__Actinobacteria|o__Corynebacteriales|f__Corynebacteriaceae|g__Corynebacterium|s__Corynebacterium_durum,k__Bacteria|p__Actinobacteria|c__Actinobacteria|o__Corynebacteriales|f__Corynebacteriaceae|g__Corynebacterium|s__Corynebacterium_durum
335,k__Bacteria|p__Actinobacteria|c__Actinobacteria|o__Actinomycetales|f__Actinomycetaceae|g__Actinomyces|s__Actinomyces_georgiae,k__Bacteria|p__Actinobacteria|c__Actinobacteria|o__Actinomycetales|f__Actinomycetaceae|g__Actinomyces|s__Actinomyces_georgiae
336,k__Bacteria|p__Actinobacteria|c__Coriobacteriia|o__Coriobacteriales|f__Atopobiaceae|g__Atopobium|s__Atopobium_rimae,k__Bacteria|p__Actinobacteria|c__Coriobacteriia|o__Coriobacteriales|f__Atopobiaceae|g__Atopobium|s__Atopobium_rimae
337,k__Bacteria|p__Actinobacteria|c__Actinobacteria|o__Actinomycetales|f__Actinomycetaceae|g__Actinomyces|s__Actinomyces_massiliensis,k__Bacteria|p__Actinobacteria|c__Actinobacteria|o__Actinomycetales|f__Actinomycetaceae|g__Actinomyces|s__Actinomyces_massiliensis
338,k__Bacteria|p__Actinobacteria|c__Coriobacteriia|o__Coriobacteriales|f__Atopobiaceae|g__Olsenella|s__Olsenella_uli,k__Bacteria|p__Actinobacteria|c__Coriobacteriia|o__Coriobacteriales|f__Atopobiaceae|g__Olsenella|s__Olsenella_uli
339,k__Bacteria|p__Firmicutes|c__Bacilli|o__Lactobacillales|f__Streptococcaceae|g__Streptococcus|s__Streptococcus_sp_HMSC034E03,k__Bacteria|p__Firmicutes|c__Bacilli|o__Lactobacillales|f__Streptococcaceae|g__Streptococcus|s__Streptococcus_sp_HMSC034E03
340,k__Bacteria|p__Firmicutes|c__Clostridia|o__Clostridiales|f__Lachnospiraceae|g__Oribacterium|s__Oribacterium_asaccharolyticum,k__Bacteria|p__Firmicutes|c__Clostridia|o__Clostridiales|f__Lachnospiraceae|g__Oribacterium|s__Oribacterium_asaccharolyticum
341,k__Bacteria|p__Firmicutes|c__Clostridia|o__Clostridiales|f__Clostridiaceae|g__Clostridium|s__Clostridium_sp_D5,k__Bacteria|p__Firmicutes|c__Clostridia|o__Clostridiales|f__Clostridiaceae|g__Clostridium|s__Clostridium_sp_D5
342,k__Bacteria|p__Firmicutes|c__Negativicutes|o__Veillonellales|f__Veillonellaceae|g__Megasphaera|s__Megasphaera_stantonii,k__Bacteria|p__Firmicutes|c__Negativicutes|o__Veillonellales|f__Veillonellaceae|g__Megasphaera|s__Megasphaera_stantonii
343,k__Bacteria|p__Actinobacteria|c__Actinobacteria|o__Actinomycetales|f__Actinomycetaceae|g__Actinomyces|s__Actinomyces_meyeri,k__Bacteria|p__Actinobacteria|c__Actinobacteria|o__Actinomycetales|f__Actinomycetaceae|g__Actinomyces|s__Actinomyces_meyeri
344,k__Bacteria|p__Firmicutes|c__Negativicutes|o__Acidaminococcales|f__Acidaminococcaceae|g__Acidaminococcus|s__Acidaminococcus_fermentans,k__Bacteria|p__Firmicutes|c__Negativicutes|o__Acidaminococcales|f__Acidaminococcaceae|g__Acidaminococcus|s__Acidaminococcus_fermentans
345,k__Bacteria|p__Firmicutes|c__Negativicutes|o__Selenomonadales|f__Selenomonadaceae|g__Mitsuokella|s__Mitsuokella_multacida,k__Bacteria|p__Firmicutes|c__Negativicutes|o__Selenomonadales|f__Selenomonadaceae|g__Mitsuokella|s__Mitsuokella_multacida
346,k__Bacteria|p__Firmicutes|c__Bacilli|o__Lactobacillales|f__Lactobacillaceae|g__Lactobacillus|s__Lactobacillus_mucosae,k__Bacteria|p__Firmicutes|c__Bacilli|o__Lactobacillales|f__Lactobacillaceae|g__Lactobacillus|s__Lactobacillus_mucosae
347,k__Bacteria|p__Firmicutes|c__Bacilli|o__Lactobacillales|f__Lactobacillaceae|g__Lactobacillus|s__Lactobacillus_reuteri,k__Bacteria|p__Firmicutes|c__Bacilli|o__Lactobacillales|f__Lactobacillaceae|g__Lactobacillus|s__Lactobacillus_reuteri
348,k__Bacteria|p__Actinobacteria|c__Coriobacteriia|o__Coriobacteriales|f__Coriobacteriaceae|g__Enorma|s__Enorma_massiliensis,k__Bacteria|p__Actinobacteria|c__Coriobacteriia|o__Coriobacteriales|f__Coriobacteriaceae|g__Enorma|s__Enorma_massiliensis
349,k__Bacteria|p__Firmicutes|c__Bacilli|o__Lactobacillales|f__Streptococcaceae|g__Streptococcus|s__Streptococcus_sobrinus,k__Bacteria|p__Firmicutes|c__Bacilli|o__Lactobacillales|f__Streptococcaceae|g__Streptococcus|s__Streptococcus_sobrinus
350,k__Bacteria|p__Firmicutes|c__Bacilli|o__Lactobacillales|f__Streptococcaceae|g__Streptococcus|s__Streptococcus_downei,k__Bacteria|p__Firmicutes|c__Bacilli|o__Lactobacillales|f__Streptococcaceae|g__Streptococcus|s__Streptococcus_downei
351,k__Bacteria|p__Firmicutes|c__Clostridia|o__Clostridiales|f__Clostridiaceae|g__Clostridium|s__Clostridium_sp_CAG_253,k__Bacteria|p__Firmicutes|c__Clostridia|o__Clostridiales|f__Clostridiaceae|g__Clostridium|s__Clostridium_sp_CAG_253
352,k__Bacteria|p__Firmicutes|c__Bacilli|o__Lactobacillales|f__Lactobacillaceae|g__Lactobacillus|s__Lactobacillus_oris,k__Bacteria|p__Firmicutes|c__Bacilli|o__Lactobacillales|f__Lactobacillaceae|g__Lactobacillus|s__Lactobacillus_oris
353,k__Bacteria|p__Firmicutes|c__Bacilli|o__Lactobacillales|f__Lactobacillaceae|g__Lactobacillus|s__Lactobacillus_crispatus,k__Bacteria|p__Firmicutes|c__Bacilli|o__Lactobacillales|f__Lactobacillaceae|g__Lactobacillus|s__Lactobacillus_crispatus
354,k__Bacteria|p__Actinobacteria|c__Actinobacteria|o__Bifidobacteriales|f__Bifidobacteriaceae|g__Parascardovia|s__Parascardovia_denticolens,k__Bacteria|p__Actinobacteria|c__Actinobacteria|o__Bifidobacteriales|f__Bifidobacteriaceae|g__Parascardovia|s__Parascardovia_denticolens
355,k__Bacteria|p__Firmicutes|c__Clostridia|o__Clostridiales|f__Peptostreptococcaceae|g__Romboutsia|s__Romboutsia_ilealis,k__Bacteria|p__Firmicutes|c__Clostridia|o__Clostridiales|f__Peptostreptococcaceae|g__Romboutsia|s__Romboutsia_ilealis
356,k__Bacteria|p__Firmicutes|c__Negativicutes|o__Acidaminococcales|f__Acidaminococcaceae|g__Acidaminococcus|s__Acidaminococcus_intestini,k__Bacteria|p__Firmicutes|c__Negativicutes|o__Acidaminococcales|f__Acidaminococcaceae|g__Acidaminococcus|s__Acidaminococcus_intestini
357,k__Bacteria|p__Firmicutes|c__Clostridia|o__Clostridiales|f__Lachnospiraceae|g__Blautia|s__Blautia_sp_N6H1_15,k__Bacteria|p__Firmicutes|c__Clostridia|o__Clostridiales|f__Lachnospiraceae|g__Blautia|s__Blautia_sp_N6H1_15
358,k__Bacteria|p__Firmicutes|c__Clostridia|o__Clostridiales|f__Clostridiaceae|g__Butyricicoccus|s__Butyricicoccus_pullicaecorum,k__Bacteria|p__Firmicutes|c__Clostridia|o__Clostridiales|f__Clostridiaceae|g__Butyricicoccus|s__Butyricicoccus_pullicaecorum
359,k__Bacteria|p__Firmicutes|c__Bacilli|o__Lactobacillales|f__Enterococcaceae|g__Enterococcus|s__Enterococcus_faecalis,k__Bacteria|p__Firmicutes|c__Bacilli|o__Lactobacillales|f__Enterococcaceae|g__Enterococcus|s__Enterococcus_faecalis
360,k__Bacteria|p__Firmicutes|c__Bacilli|o__Lactobacillales|f__Enterococcaceae|g__Enterococcus|s__Enterococcus_raffinosus,k__Bacteria|p__Firmicutes|c__Bacilli|o__Lactobacillales|f__Enterococcaceae|g__Enterococcus|s__Enterococcus_raffinosus
361,k__Bacteria|p__Fusobacteria|c__Fusobacteriia|o__Fusobacteriales|f__Fusobacteriaceae|g__Fusobacterium|s__Fusobacterium_varium,k__Bacteria|p__Fusobacteria|c__Fusobacteriia|o__Fusobacteriales|f__Fusobacteriaceae|g__Fusobacterium|s__Fusobacterium_varium
362,k__Bacteria|p__Firmicutes|c__Erysipelotrichia|o__Erysipelotrichales|f__Erysipelotrichaceae|g__Coprobacillus|s__Coprobacillus_cateniformis,k__Bacteria|p__Firmicutes|c__Erysipelotrichia|o__Erysipelotrichales|f__Erysipelotrichaceae|g__Coprobacillus|s__Coprobacillus_cateniformis
363,k__Bacteria|p__Proteobacteria|c__Betaproteobacteria|o__Burkholderiales|f__Oxalobacteraceae|g__Oxalobacter|s__Oxalobacter_formigenes,k__Bacteria|p__Proteobacteria|c__Betaproteobacteria|o__Burkholderiales|f__Oxalobacteraceae|g__Oxalobacter|s__Oxalobacter_formigenes
364,k__Bacteria|p__Proteobacteria|c__Gammaproteobacteria|o__Enterobacterales|f__Enterobacteriaceae|g__Klebsiella|s__Klebsiella_oxytoca,k__Bacteria|p__Proteobacteria|c__Gammaproteobacteria|o__Enterobacterales|f__Enterobacteriaceae|g__Klebsiella|s__Klebsiella_oxytoca
365,k__Bacteria|p__Firmicutes|c__Clostridia|o__Clostridiales|f__Clostridiaceae|g__Clostridium|s__Butyribacterium_methylotrophicum,k__Bacteria|p__Firmicutes|c__Clostridia|o__Clostridiales|f__Clostridiaceae|g__Clostridium|s__Butyribacterium_methylotrophicum
366,k__Bacteria|p__Firmicutes|c__Clostridia|o__Clostridiales|f__Lachnospiraceae|g__Blautia|s__Blautia_hansenii,k__Bacteria|p__Firmicutes|c__Clostridia|o__Clostridiales|f__Lachnospiraceae|g__Blautia|s__Blautia_hansenii
367,k__Bacteria|p__Firmicutes|c__Clostridia|o__Clostridiales|f__Lachnospiraceae|g__Butyrivibrio|s__Butyrivibrio_crossotus,k__Bacteria|p__Firmicutes|c__Clostridia|o__Clostridiales|f__Lachnospiraceae|g__Butyrivibrio|s__Butyrivibrio_crossotus
368,k__Bacteria|p__Fusobacteria|c__Fusobacteriia|o__Fusobacteriales|f__Fusobacteriaceae|g__Fusobacterium|s__Fusobacterium_sp_oral_taxon_370,k__Bacteria|p__Fusobacteria|c__Fusobacteriia|o__Fusobacteriales|f__Fusobacteriaceae|g__Fusobacterium|s__Fusobacterium_sp_oral_taxon_370
369,k__Bacteria|p__Bacteroidetes|c__Bacteroidia|o__Bacteroidales|f__Prevotellaceae|g__Prevotella|s__Prevotella_sp_CAG_1185,k__Bacteria|p__Bacteroidetes|c__Bacteroidia|o__Bacteroidales|f__Prevotellaceae|g__Prevotella|s__Prevotella_sp_CAG_1185
370,k__Bacteria|p__Synergistetes|c__Synergistia|o__Synergistales|f__Synergistaceae|g__Pyramidobacter|s__Pyramidobacter_piscolens,k__Bacteria|p__Synergistetes|c__Synergistia|o__Synergistales|f__Synergistaceae|g__Pyramidobacter|s__Pyramidobacter_piscolens
371,k__Bacteria|p__Firmicutes|c__Negativicutes|o__Veillonellales|f__Veillonellaceae|g__Dialister|s__Dialister_sp_CAG_357,k__Bacteria|p__Firmicutes|c__Negativicutes|o__Veillonellales|f__Veillonellaceae|g__Dialister|s__Dialister_sp_CAG_357
372,k__Bacteria|p__Firmicutes|c__Clostridia|o__Clostridiales|f__Clostridiaceae|g__Clostridium|s__Clostridium_sp_chh4_2,k__Bacteria|p__Firmicutes|c__Clostridia|o__Clostridiales|f__Clostridiaceae|g__Clostridium|s__Clostridium_sp_chh4_2
373,k__Bacteria|p__Synergistetes|c__Synergistia|o__Synergistales|f__Synergistaceae|g__Pyramidobacter|s__Pyramidobacter_sp_C12_8,k__Bacteria|p__Synergistetes|c__Synergistia|o__Synergistales|f__Synergistaceae|g__Pyramidobacter|s__Pyramidobacter_sp_C12_8
374,k__Bacteria|p__Firmicutes|c__Clostridia|o__Clostridiales|f__Clostridiaceae|g__Clostridium|s__Clostridium_sp_7_2_43FAA,k__Bacteria|p__Firmicutes|c__Clostridia|o__Clostridiales|f__Clostridiaceae|g__Clostridium|s__Clostridium_sp_7_2_43FAA
375,k__Bacteria|p__Proteobacteria|c__Gammaproteobacteria|o__Enterobacterales|f__Enterobacteriaceae|g__Citrobacter|s__Citrobacter_amalonaticus,k__Bacteria|p__Proteobacteria|c__Gammaproteobacteria|o__Enterobacterales|f__Enterobacteriaceae|g__Citrobacter|s__Citrobacter_amalonaticus
376,k__Bacteria|p__Firmicutes|c__Erysipelotrichia|o__Erysipelotrichales|f__Erysipelotrichaceae|g__Catenibacterium|s__Catenibacterium_mitsuokai,k__Bacteria|p__Firmicutes|c__Erysipelotrichia|o__Erysipelotrichales|f__Erysipelotrichaceae|g__Catenibacterium|s__Catenibacterium_mitsuokai
377,k__Bacteria|p__Actinobacteria|c__Actinobacteria|o__Micrococcales|f__Micrococcaceae|g__Rothia|s__Rothia_aeria,k__Bacteria|p__Actinobacteria|c__Actinobacteria|o__Micrococcales|f__Micrococcaceae|g__Rothia|s__Rothia_aeria
378,k__Bacteria|p__Firmicutes|c__Bacilli|o__Lactobacillales|f__Streptococcaceae|g__Streptococcus|s__Streptococcus_sp_HMSC071D03,k__Bacteria|p__Firmicutes|c__Bacilli|o__Lactobacillales|f__Streptococcaceae|g__Streptococcus|s__Streptococcus_sp_HMSC071D03
379,k__Bacteria|p__Actinobacteria|c__Actinobacteria|o__Bifidobacteriales|f__Bifidobacteriaceae|g__Bifidobacterium|s__Bifidobacterium_breve,k__Bacteria|p__Actinobacteria|c__Actinobacteria|o__Bifidobacteriales|f__Bifidobacteriaceae|g__Bifidobacterium|s__Bifidobacterium_breve
380,k__Bacteria|p__Firmicutes|c__Bacilli|o__Lactobacillales|f__Streptococcaceae|g__Streptococcus|s__Streptococcus_sp_HMSC067H01,k__Bacteria|p__Firmicutes|c__Bacilli|o__Lactobacillales|f__Streptococcaceae|g__Streptococcus|s__Streptococcus_sp_HMSC067H01
381,k__Bacteria|p__Bacteroidetes|c__Bacteroidia|o__Bacteroidales|f__Tannerellaceae|g__Parabacteroides|s__Parabacteroides_gordonii,k__Bacteria|p__Bacteroidetes|c__Bacteroidia|o__Bacteroidales|f__Tannerellaceae|g__Parabacteroides|s__Parabacteroides_gordonii
382,k__Bacteria|p__Firmicutes|c__Bacilli|o__Lactobacillales|f__Carnobacteriaceae|g__Granulicatella|s__Granulicatella_adiacens,k__Bacteria|p__Firmicutes|c__Bacilli|o__Lactobacillales|f__Carnobacteriaceae|g__Granulicatella|s__Granulicatella_adiacens
383,k__Bacteria|p__Firmicutes|c__Clostridia|o__Clostridiales|f__Ruminococcaceae|g__Ruminococcus|s__Ruminococcus_sp_CAG_403,k__Bacteria|p__Firmicutes|c__Clostridia|o__Clostridiales|f__Ruminococcaceae|g__Ruminococcus|s__Ruminococcus_sp_CAG_403
384,k__Bacteria|p__Firmicutes|c__Clostridia|o__Clostridiales|f__Peptostreptococcaceae|g__Terrisporobacter|s__Terrisporobacter_othiniensis,k__Bacteria|p__Firmicutes|c__Clostridia|o__Clostridiales|f__Peptostreptococcaceae|g__Terrisporobacter|s__Terrisporobacter_othiniensis
385,k__Bacteria|p__Firmicutes|c__Clostridia|o__Clostridiales|f__Ruminococcaceae|g__Ruminococcus|s__Ruminococcus_sp_CAG_579,k__Bacteria|p__Firmicutes|c__Clostridia|o__Clostridiales|f__Ruminococcaceae|g__Ruminococcus|s__Ruminococcus_sp_CAG_579
386,k__Bacteria|p__Bacteroidetes|c__Bacteroidia|o__Bacteroidales|f__Bacteroidaceae|g__Bacteroides|s__Bacteroides_oleiciplenus,k__Bacteria|p__Bacteroidetes|c__Bacteroidia|o__Bacteroidales|f__Bacteroidaceae|g__Bacteroides|s__Bacteroides_oleiciplenus
387,k__Bacteria|p__Firmicutes|c__Bacilli|o__Lactobacillales|f__Enterococcaceae|g__Enterococcus|s__Enterococcus_faecium,k__Bacteria|p__Firmicutes|c__Bacilli|o__Lactobacillales|f__Enterococcaceae|g__Enterococcus|s__Enterococcus_faecium
388,k__Bacteria|p__Firmicutes|c__Negativicutes|o__Veillonellales|f__Veillonellaceae|g__Veillonella|s__Veillonella_denticariosi,k__Bacteria|p__Firmicutes|c__Negativicutes|o__Veillonellales|f__Veillonellaceae|g__Veillonella|s__Veillonella_denticariosi
389,k__Bacteria|p__Firmicutes|c__Clostridia|o__Clostridiales|f__Christensenellaceae|g__Christensenella|s__Christensenella_minuta,k__Bacteria|p__Firmicutes|c__Clostridia|o__Clostridiales|f__Christensenellaceae|g__Christensenella|s__Christensenella_minuta
390,k__Bacteria|p__Firmicutes|c__Clostridia|o__Clostridiales|f__Oscillospiraceae|g__Oscillibacter|s__Oscillibacter_sp_PC13,k__Bacteria|p__Firmicutes|c__Clostridia|o__Clostridiales|f__Oscillospiraceae|g__Oscillibacter|s__Oscillibacter_sp_PC13
391,k__Bacteria|p__Bacteroidetes|c__Bacteroidia|o__Bacteroidales|f__Prevotellaceae|g__Prevotella|s__Prevotella_intermedia,k__Bacteria|p__Bacteroidetes|c__Bacteroidia|o__Bacteroidales|f__Prevotellaceae|g__Prevotella|s__Prevotella_intermedia
392,k__Bacteria|p__Bacteroidetes|c__Bacteroidia|o__Bacteroidales|f__Tannerellaceae|g__Parabacteroides|s__Parabacteroides_sp_CAG_409,k__Bacteria|p__Bacteroidetes|c__Bacteroidia|o__Bacteroidales|f__Tannerellaceae|g__Parabacteroides|s__Parabacteroides_sp_CAG_409
393,k__Bacteria|p__Bacteroidetes|c__Bacteroidia|o__Bacteroidales|f__Odoribacteraceae|g__Odoribacter|s__Odoribacter_laneus,k__Bacteria|p__Bacteroidetes|c__Bacteroidia|o__Bacteroidales|f__Odoribacteraceae|g__Odoribacter|s__Odoribacter_laneus
394,k__Bacteria|p__Firmicutes|c__Clostridia|o__Clostridiales|f__Peptostreptococcaceae|g__Filifactor|s__Filifactor_alocis,k__Bacteria|p__Firmicutes|c__Clostridia|o__Clostridiales|f__Peptostreptococcaceae|g__Filifactor|s__Filifactor_alocis
395,k__Bacteria|p__Bacteroidetes|c__Bacteroidia|o__Bacteroidales|f__Porphyromonadaceae|g__Porphyromonas|s__Porphyromonas_endodontalis,k__Bacteria|p__Bacteroidetes|c__Bacteroidia|o__Bacteroidales|f__Porphyromonadaceae|g__Porphyromonas|s__Porphyromonas_endodontalis
396,k__Bacteria|p__Bacteroidetes|c__Bacteroidia|o__Bacteroidales|f__Bacteroidaceae|g__Bacteroides|s__Bacteroides_heparinolyticus,k__Bacteria|p__Bacteroidetes|c__Bacteroidia|o__Bacteroidales|f__Bacteroidaceae|g__Bacteroides|s__Bacteroides_heparinolyticus
397,k__Bacteria|p__Proteobacteria|c__Gammaproteobacteria|o__Enterobacterales|f__Enterobacteriaceae|g__Enterobacter|s__Enterobacter_cloacae_complex,k__Bacteria|p__Proteobacteria|c__Gammaproteobacteria|o__Enterobacterales|f__Enterobacteriaceae|g__Enterobacter|s__Enterobacter_cloacae_complex
398,k__Bacteria|p__Firmicutes|c__Bacilli|o__Lactobacillales|f__Streptococcaceae|g__Streptococcus|s__Streptococcus_milleri,k__Bacteria|p__Firmicutes|c__Bacilli|o__Lactobacillales|f__Streptococcaceae|g__Streptococcus|s__Streptococcus_milleri
399,k__Bacteria|p__Firmicutes|c__Negativicutes|o__Veillonellales|f__Veillonellaceae|g__Veillonella|s__Veillonella_rodentium,k__Bacteria|p__Firmicutes|c__Negativicutes|o__Veillonellales|f__Veillonellaceae|g__Veillonella|s__Veillonella_rodentium
400,k__Bacteria|p__Firmicutes|c__Negativicutes|o__Selenomonadales|f__Selenomonadaceae|g__Selenomonas|s__Selenomonas_sputigena,k__Bacteria|p__Firmicutes|c__Negativicutes|o__Selenomonadales|f__Selenomonadaceae|g__Selenomonas|s__Selenomonas_sputigena
401,k__Bacteria|p__Firmicutes|c__Clostridia|o__Clostridiales|f__Lachnospiraceae|g__Lachnospiraceae_unclassified|s__Lachnospiraceae_bacterium_2_1_46FAA,k__Bacteria|p__Firmicutes|c__Clostridia|o__Clostridiales|f__Lachnospiraceae|g__Lachnospiraceae_unclassified|s__Lachnospiraceae_bacterium_2_1_46FAA
402,k__Archaea|p__Euryarchaeota|c__Methanobacteria|o__Methanobacteriales|f__Methanobacteriaceae|g__Methanosphaera|s__Methanosphaera_stadtmanae,k__Archaea|p__Euryarchaeota|c__Methanobacteria|o__Methanobacteriales|f__Methanobacteriaceae|g__Methanosphaera|s__Methanosphaera_stadtmanae
403,k__Bacteria|p__Bacteroidetes|c__Bacteroidia|o__Bacteroidales|f__Prevotellaceae|g__Alloprevotella|s__Prevotella_sp_oral_taxon_473,k__Bacteria|p__Bacteroidetes|c__Bacteroidia|o__Bacteroidales|f__Prevotellaceae|g__Alloprevotella|s__Prevotella_sp_oral_taxon_473
404,k__Bacteria|p__Proteobacteria|c__Gammaproteobacteria|o__Enterobacterales|f__Enterobacteriaceae|g__Citrobacter|s__Citrobacter_koseri,k__Bacteria|p__Proteobacteria|c__Gammaproteobacteria|o__Enterobacterales|f__Enterobacteriaceae|g__Citrobacter|s__Citrobacter_koseri
405,k__Bacteria|p__Bacteroidetes|c__Bacteroidia|o__Bacteroidales|f__Rikenellaceae|g__Alistipes|s__Alistipes_timonensis,k__Bacteria|p__Bacteroidetes|c__Bacteroidia|o__Bacteroidales|f__Rikenellaceae|g__Alistipes|s__Alistipes_timonensis
406,k__Bacteria|p__Bacteroidetes|c__Bacteroidia|o__Bacteroidales|f__Rikenellaceae|g__Rikenella|s__Rikenella_microfusus,k__Bacteria|p__Bacteroidetes|c__Bacteroidia|o__Bacteroidales|f__Rikenellaceae|g__Rikenella|s__Rikenella_microfusus
407,k__Bacteria|p__Firmicutes|c__Clostridia|o__Clostridiales|f__Ruminococcaceae|g__Anaeromassilibacillus|s__Anaeromassilibacillus_sp_An172,k__Bacteria|p__Firmicutes|c__Clostridia|o__Clostridiales|f__Ruminococcaceae|g__Anaeromassilibacillus|s__Anaeromassilibacillus_sp_An172
408,k__Bacteria|p__Candidatus_Melainabacteria|c__Candidatus_Melainabacteria_unclassified|o__Candidatus_Gastranaerophilales|f__Candidatus_Gastranaerophilales_unclassified|g__Candidatus_Gastranaerophilales_unclassified|s__Candidatus_Gastranaerophilales_bacterium,k__Bacteria|p__Candidatus_Melainabacteria|c__Candidatus_Melainabacteria_unclassified|o__Candidatus_Gastranaerophilales|f__Candidatus_Gastranaerophilales_unclassified|g__Candidatus_Gastranaerophilales_unclassified|s__Candidatus_Gastranaerophilales_bacterium
409,k__Bacteria|p__Firmicutes|c__Clostridia|o__Clostridiales|f__Ruminococcaceae|g__Anaerofilum|s__Anaerofilum_sp_An201,k__Bacteria|p__Firmicutes|c__Clostridia|o__Clostridiales|f__Ruminococcaceae|g__Anaerofilum|s__Anaerofilum_sp_An201
410,k__Bacteria|p__Firmicutes|c__Bacilli|o__Lactobacillales|f__Leuconostocaceae|g__Leuconostoc|s__Leuconostoc_gelidum,k__Bacteria|p__Firmicutes|c__Bacilli|o__Lactobacillales|f__Leuconostocaceae|g__Leuconostoc|s__Leuconostoc_gelidum
411,k__Bacteria|p__Firmicutes|c__Bacilli|o__Lactobacillales|f__Leuconostocaceae|g__Leuconostoc|s__Leuconostoc_mesenteroides,k__Bacteria|p__Firmicutes|c__Bacilli|o__Lactobacillales|f__Leuconostocaceae|g__Leuconostoc|s__Leuconostoc_mesenteroides
412,k__Bacteria|p__Bacteroidetes|c__Bacteroidia|o__Bacteroidales|f__Bacteroidaceae|g__Bacteroides|s__Bacteroides_sp_D2,k__Bacteria|p__Bacteroidetes|c__Bacteroidia|o__Bacteroidales|f__Bacteroidaceae|g__Bacteroides|s__Bacteroides_sp_D2
413,k__Bacteria|p__Proteobacteria|c__Betaproteobacteria|o__Burkholderiales|f__Comamonadaceae|g__Comamonas|s__Comamonas_kerstersii,k__Bacteria|p__Proteobacteria|c__Betaproteobacteria|o__Burkholderiales|f__Comamonadaceae|g__Comamonas|s__Comamonas_kerstersii
414,k__Bacteria|p__Firmicutes|c__Bacilli|o__Lactobacillales|f__Streptococcaceae|g__Streptococcus|s__Streptococcus_viridans,k__Bacteria|p__Firmicutes|c__Bacilli|o__Lactobacillales|f__Streptococcaceae|g__Streptococcus|s__Streptococcus_viridans
415,k__Bacteria|p__Firmicutes|c__Clostridia|o__Clostridiales|f__Peptostreptococcaceae|g__Paraclostridium|s__Paraclostridium_bifermentans,k__Bacteria|p__Firmicutes|c__Clostridia|o__Clostridiales|f__Peptostreptococcaceae|g__Paraclostridium|s__Paraclostridium_bifermentans
416,k__Bacteria|p__Firmicutes|c__Clostridia|o__Clostridiales|f__Clostridiales_Family_XIII_Incertae_Sedis|g__Mogibacterium|s__Mogibacterium_timidum,k__Bacteria|p__Firmicutes|c__Clostridia|o__Clostridiales|f__Clostridiales_Family_XIII_Incertae_Sedis|g__Mogibacterium|s__Mogibacterium_timidum
417,k__Bacteria|p__Firmicutes|c__Clostridia|o__Clostridiales|f__Clostridiales_Family_XIII_Incertae_Sedis|g__Clostridiales_Family_XIII_Incertae_Sedis_unclassified|s__Eubacterium_infirmum,k__Bacteria|p__Firmicutes|c__Clostridia|o__Clostridiales|f__Clostridiales_Family_XIII_Incertae_Sedis|g__Clostridiales_Family_XIII_Incertae_Sedis_unclassified|s__Eubacterium_infirmum
418,k__Bacteria|p__Actinobacteria|c__Actinobacteria|o__Actinomycetales|f__Actinomycetaceae|g__Actinobaculum|s__Actinobaculum_sp_oral_taxon_183,k__Bacteria|p__Actinobacteria|c__Actinobacteria|o__Actinomycetales|f__Actinomycetaceae|g__Actinobaculum|s__Actinobaculum_sp_oral_taxon_183
419,k__Bacteria|p__Bacteroidetes|c__Bacteroidia|o__Bacteroidales|f__Prevotellaceae|g__Prevotella|s__Prevotella_pallens,k__Bacteria|p__Bacteroidetes|c__Bacteroidia|o__Bacteroidales|f__Prevotellaceae|g__Prevotella|s__Prevotella_pallens
420,k__Bacteria|p__Bacteroidetes|c__Bacteroidia|o__Bacteroidales|f__Prevotellaceae|g__Alloprevotella|s__Alloprevotella_rava,k__Bacteria|p__Bacteroidetes|c__Bacteroidia|o__Bacteroidales|f__Prevotellaceae|g__Alloprevotella|s__Alloprevotella_rava
421,k__Bacteria|p__Firmicutes|c__Clostridia|o__Clostridiales|f__Lachnospiraceae|g__Lachnoclostridium|s__Lachnoclostridium_sp_An131,k__Bacteria|p__Firmicutes|c__Clostridia|o__Clostridiales|f__Lachnospiraceae|g__Lachnoclostridium|s__Lachnoclostridium_sp_An131
422,k__Bacteria|p__Proteobacteria|c__Betaproteobacteria|o__Neisseriales|f__Neisseriaceae|g__Neisseria|s__Neisseria_sicca,k__Bacteria|p__Proteobacteria|c__Betaproteobacteria|o__Neisseriales|f__Neisseriaceae|g__Neisseria|s__Neisseria_sicca
423,k__Bacteria|p__Proteobacteria|c__Betaproteobacteria|o__Neisseriales|f__Neisseriaceae|g__Eikenella|s__Eikenella_corrodens,k__Bacteria|p__Proteobacteria|c__Betaproteobacteria|o__Neisseriales|f__Neisseriaceae|g__Eikenella|s__Eikenella_corrodens
424,k__Bacteria|p__Actinobacteria|c__Actinobacteria|o__Bifidobacteriales|f__Bifidobacteriaceae|g__Bifidobacterium|s__Bifidobacterium_kashiwanohense,k__Bacteria|p__Actinobacteria|c__Actinobacteria|o__Bifidobacteriales|f__Bifidobacteriaceae|g__Bifidobacterium|s__Bifidobacterium_kashiwanohense
425,k__Bacteria|p__Firmicutes|c__Negativicutes|o__Selenomonadales|f__Selenomonadaceae|g__Mitsuokella|s__Mitsuokella_jalaludinii,k__Bacteria|p__Firmicutes|c__Negativicutes|o__Selenomonadales|f__Selenomonadaceae|g__Mitsuokella|s__Mitsuokella_jalaludinii
426,k__Bacteria|p__Firmicutes|c__Negativicutes|o__Selenomonadales|f__Selenomonadaceae|g__Selenomonas|s__Selenomonas_sp_oral_taxon_126,k__Bacteria|p__Firmicutes|c__Negativicutes|o__Selenomonadales|f__Selenomonadaceae|g__Selenomonas|s__Selenomonas_sp_oral_taxon_126
427,k__Bacteria|p__Firmicutes|c__Bacilli|o__Lactobacillales|f__Streptococcaceae|g__Streptococcus|s__Streptococcus_pasteurianus,k__Bacteria|p__Firmicutes|c__Bacilli|o__Lactobacillales|f__Streptococcaceae|g__Streptococcus|s__Streptococcus_pasteurianus
428,k__Bacteria|p__Proteobacteria|c__Epsilonproteobacteria|o__Campylobacterales|f__Helicobacteraceae|g__Helicobacter|s__Helicobacter_cinaedi,k__Bacteria|p__Proteobacteria|c__Epsilonproteobacteria|o__Campylobacterales|f__Helicobacteraceae|g__Helicobacter|s__Helicobacter_cinaedi
429,k__Bacteria|p__Proteobacteria|c__Gammaproteobacteria|o__Aeromonadales|f__Aeromonadaceae|g__Aeromonas|s__Aeromonas_dhakensis,k__Bacteria|p__Proteobacteria|c__Gammaproteobacteria|o__Aeromonadales|f__Aeromonadaceae|g__Aeromonas|s__Aeromonas_dhakensis
430,k__Bacteria|p__Bacteroidetes|c__Bacteroidia|o__Bacteroidales|f__Prevotellaceae|g__Prevotella|s__Prevotella_veroralis,k__Bacteria|p__Bacteroidetes|c__Bacteroidia|o__Bacteroidales|f__Prevotellaceae|g__Prevotella|s__Prevotella_veroralis
431,k__Bacteria|p__Proteobacteria|c__Epsilonproteobacteria|o__Campylobacterales|f__Campylobacteraceae|g__Campylobacter|s__Campylobacter_rectus,k__Bacteria|p__Proteobacteria|c__Epsilonproteobacteria|o__Campylobacterales|f__Campylobacteraceae|g__Campylobacter|s__Campylobacter_rectus
432,k__Bacteria|p__Firmicutes|c__Bacilli|o__Lactobacillales|f__Enterococcaceae|g__Enterococcus|s__Enterococcus_avium,k__Bacteria|p__Firmicutes|c__Bacilli|o__Lactobacillales|f__Enterococcaceae|g__Enterococcus|s__Enterococcus_avium
433,k__Bacteria|p__Firmicutes|c__Tissierellia|o__Tissierellales|f__Peptoniphilaceae|g__Parvimonas|s__Parvimonas_sp_oral_taxon_110,k__Bacteria|p__Firmicutes|c__Tissierellia|o__Tissierellales|f__Peptoniphilaceae|g__Parvimonas|s__Parvimonas_sp_oral_taxon_110
434,k__Bacteria|p__Proteobacteria|c__Gammaproteobacteria|o__Aeromonadales|f__Aeromonadaceae|g__Aeromonas|s__Aeromonas_hydrophila,k__Bacteria|p__Proteobacteria|c__Gammaproteobacteria|o__Aeromonadales|f__Aeromonadaceae|g__Aeromonas|s__Aeromonas_hydrophila
435,k__Bacteria|p__Firmicutes|c__Negativicutes|o__Selenomonadales|f__Selenomonadaceae|g__Selenomonas|s__Selenomonas_sp_oral_taxon_920,k__Bacteria|p__Firmicutes|c__Negativicutes|o__Selenomonadales|f__Selenomonadaceae|g__Selenomonas|s__Selenomonas_sp_oral_taxon_920
436,k__Bacteria|p__Firmicutes|c__Bacilli|o__Lactobacillales|f__Streptococcaceae|g__Streptococcus|s__Streptococcus_gallolyticus,k__Bacteria|p__Firmicutes|c__Bacilli|o__Lactobacillales|f__Streptococcaceae|g__Streptococcus|s__Streptococcus_gallolyticus
437,k__Bacteria|p__Proteobacteria|c__Gammaproteobacteria|o__Enterobacterales|f__Enterobacteriaceae|g__Raoultella|s__Raoultella_planticola,k__Bacteria|p__Proteobacteria|c__Gammaproteobacteria|o__Enterobacterales|f__Enterobacteriaceae|g__Raoultella|s__Raoultella_planticola
438,k__Bacteria|p__Bacteroidetes|c__Bacteroidia|o__Bacteroidales|f__Bacteroidaceae|g__Bacteroides|s__Bacteroides_sp_OM08_11,k__Bacteria|p__Bacteroidetes|c__Bacteroidia|o__Bacteroidales|f__Bacteroidaceae|g__Bacteroides|s__Bacteroides_sp_OM08_11
439,k__Bacteria|p__Bacteroidetes|c__Bacteroidia|o__Bacteroidales|f__Prevotellaceae|g__Prevotella|s__Prevotella_sp_CAG_1092,k__Bacteria|p__Bacteroidetes|c__Bacteroidia|o__Bacteroidales|f__Prevotellaceae|g__Prevotella|s__Prevotella_sp_CAG_1092
440,k__Bacteria|p__Bacteroidetes|c__Bacteroidia|o__Bacteroidales|f__Prevotellaceae|g__Prevotella|s__Prevotella_sp_885,k__Bacteria|p__Bacteroidetes|c__Bacteroidia|o__Bacteroidales|f__Prevotellaceae|g__Prevotella|s__Prevotella_sp_885
441,k__Bacteria|p__Bacteroidetes|c__Bacteroidia|o__Bacteroidales|f__Prevotellaceae|g__Prevotella|s__Prevotella_sp_CAG_873,k__Bacteria|p__Bacteroidetes|c__Bacteroidia|o__Bacteroidales|f__Prevotellaceae|g__Prevotella|s__Prevotella_sp_CAG_873
442,k__Bacteria|p__Firmicutes|c__Firmicutes_unclassified|o__Firmicutes_unclassified|f__Firmicutes_unclassified|g__Firmicutes_unclassified|s__Firmicutes_bacterium_CAG_791,k__Bacteria|p__Firmicutes|c__Firmicutes_unclassified|o__Firmicutes_unclassified|f__Firmicutes_unclassified|g__Firmicutes_unclassified|s__Firmicutes_bacterium_CAG_791
443,k__Bacteria|p__Proteobacteria|c__Gammaproteobacteria|o__Enterobacterales|f__Hafniaceae|g__Hafnia|s__Hafnia_alvei,k__Bacteria|p__Proteobacteria|c__Gammaproteobacteria|o__Enterobacterales|f__Hafniaceae|g__Hafnia|s__Hafnia_alvei
444,k__Bacteria|p__Proteobacteria|c__Gammaproteobacteria|o__Enterobacterales|f__Enterobacteriaceae|g__Citrobacter|s__Citrobacter_braakii,k__Bacteria|p__Proteobacteria|c__Gammaproteobacteria|o__Enterobacterales|f__Enterobacteriaceae|g__Citrobacter|s__Citrobacter_braakii
445,k__Bacteria|p__Proteobacteria|c__Gammaproteobacteria|o__Enterobacterales|f__Enterobacteriaceae|g__Klebsiella|s__Klebsiella_michiganensis,k__Bacteria|p__Proteobacteria|c__Gammaproteobacteria|o__Enterobacterales|f__Enterobacteriaceae|g__Klebsiella|s__Klebsiella_michiganensis
446,k__Bacteria|p__Proteobacteria|c__Epsilonproteobacteria|o__Campylobacterales|f__Campylobacteraceae|g__Campylobacter|s__Campylobacter_showae,k__Bacteria|p__Proteobacteria|c__Epsilonproteobacteria|o__Campylobacterales|f__Campylobacteraceae|g__Campylobacter|s__Campylobacter_showae
447,k__Bacteria|p__Firmicutes|c__Clostridia|o__Clostridiales|f__Eubacteriaceae|g__Eubacterium|s__Eubacterium_callanderi,k__Bacteria|p__Firmicutes|c__Clostridia|o__Clostridiales|f__Eubacteriaceae|g__Eubacterium|s__Eubacterium_callanderi
448,k__Bacteria|p__Firmicutes|c__Clostridia|o__Clostridiales|f__Peptostreptococcaceae|g__Paeniclostridium|s__Paeniclostridium_sordellii,k__Bacteria|p__Firmicutes|c__Clostridia|o__Clostridiales|f__Peptostreptococcaceae|g__Paeniclostridium|s__Paeniclostridium_sordellii
449,k__Bacteria|p__Proteobacteria|c__Betaproteobacteria|o__Neisseriales|f__Neisseriaceae|g__Neisseria|s__Neisseria_subflava,k__Bacteria|p__Proteobacteria|c__Betaproteobacteria|o__Neisseriales|f__Neisseriaceae|g__Neisseria|s__Neisseria_subflava
450,k__Bacteria|p__Bacteroidetes|c__Bacteroidia|o__Bacteroidales|f__Bacteroidaceae|g__Bacteroides|s__Bacteroides_coprophilus,k__Bacteria|p__Bacteroidetes|c__Bacteroidia|o__Bacteroidales|f__Bacteroidaceae|g__Bacteroides|s__Bacteroides_coprophilus
451,k__Bacteria|p__Bacteroidetes|c__Bacteroidia|o__Bacteroidales|f__Prevotellaceae|g__Prevotella|s__Prevotella_nigrescens,k__Bacteria|p__Bacteroidetes|c__Bacteroidia|o__Bacteroidales|f__Prevotellaceae|g__Prevotella|s__Prevotella_nigrescens
452,k__Bacteria|p__Actinobacteria|c__Actinobacteria|o__Actinomycetales|f__Actinomycetaceae|g__Actinomyces|s__Actinomyces_turicensis,k__Bacteria|p__Actinobacteria|c__Actinobacteria|o__Actinomycetales|f__Actinomycetaceae|g__Actinomyces|s__Actinomyces_turicensis
453,k__Bacteria|p__Proteobacteria|c__Gammaproteobacteria|o__Enterobacterales|f__Morganellaceae|g__Morganella|s__Morganella_morganii,k__Bacteria|p__Proteobacteria|c__Gammaproteobacteria|o__Enterobacterales|f__Morganellaceae|g__Morganella|s__Morganella_morganii
454,k__Bacteria|p__Firmicutes|c__Clostridia|o__Clostridiales|f__Peptostreptococcaceae|g__Criibacterium|s__Criibacterium_bergeronii,k__Bacteria|p__Firmicutes|c__Clostridia|o__Clostridiales|f__Peptostreptococcaceae|g__Criibacterium|s__Criibacterium_bergeronii
455,k__Bacteria|p__Firmicutes|c__Clostridia|o__Clostridiales|f__Lachnospiraceae|g__Blautia|s__Blautia_sp_An249,k__Bacteria|p__Firmicutes|c__Clostridia|o__Clostridiales|f__Lachnospiraceae|g__Blautia|s__Blautia_sp_An249
456,k__Bacteria|p__Proteobacteria|c__Epsilonproteobacteria|o__Campylobacterales|f__Campylobacteraceae|g__Campylobacter|s__Campylobacter_hominis,k__Bacteria|p__Proteobacteria|c__Epsilonproteobacteria|o__Campylobacterales|f__Campylobacteraceae|g__Campylobacter|s__Campylobacter_hominis
457,k__Bacteria|p__Firmicutes|c__Bacilli|o__Lactobacillales|f__Lactobacillaceae|g__Lactobacillus|s__Lactobacillus_delbrueckii,k__Bacteria|p__Firmicutes|c__Bacilli|o__Lactobacillales|f__Lactobacillaceae|g__Lactobacillus|s__Lactobacillus_delbrueckii
458,k__Bacteria|p__Firmicutes|c__Bacilli|o__Lactobacillales|f__Streptococcaceae|g__Streptococcus|s__Streptococcus_sp_SK643,k__Bacteria|p__Firmicutes|c__Bacilli|o__Lactobacillales|f__Streptococcaceae|g__Streptococcus|s__Streptococcus_sp_SK643
459,k__Bacteria|p__Bacteroidetes|c__Bacteroidia|o__Bacteroidales|f__Porphyromonadaceae|g__Porphyromonas|s__Porphyromonas_gingivalis,k__Bacteria|p__Bacteroidetes|c__Bacteroidia|o__Bacteroidales|f__Porphyromonadaceae|g__Porphyromonas|s__Porphyromonas_gingivalis
460,k__Bacteria|p__Bacteroidetes|c__Bacteroidia|o__Bacteroidales|f__Porphyromonadaceae|g__Porphyromonas|s__Porphyromonas_somerae,k__Bacteria|p__Bacteroidetes|c__Bacteroidia|o__Bacteroidales|f__Porphyromonadaceae|g__Porphyromonas|s__Porphyromonas_somerae
461,k__Bacteria|p__Bacteroidetes|c__Bacteroidia|o__Bacteroidales|f__Prevotellaceae|g__Prevotella|s__Prevotella_salivae,k__Bacteria|p__Bacteroidetes|c__Bacteroidia|o__Bacteroidales|f__Prevotellaceae|g__Prevotella|s__Prevotella_salivae
462,k__Bacteria|p__Proteobacteria|c__Betaproteobacteria|o__Neisseriales|f__Neisseriaceae|g__Neisseria|s__Neisseria_mucosa,k__Bacteria|p__Proteobacteria|c__Betaproteobacteria|o__Neisseriales|f__Neisseriaceae|g__Neisseria|s__Neisseria_mucosa
463,k__Bacteria|p__Firmicutes|c__Bacilli|o__Lactobacillales|f__Enterococcaceae|g__Enterococcus|s__Enterococcus_casseliflavus,k__Bacteria|p__Firmicutes|c__Bacilli|o__Lactobacillales|f__Enterococcaceae|g__Enterococcus|s__Enterococcus_casseliflavus
464,k__Bacteria|p__Firmicutes|c__Erysipelotrichia|o__Erysipelotrichales|f__Erysipelotrichaceae|g__Erysipelothrix|s__Erysipelothrix_larvae,k__Bacteria|p__Firmicutes|c__Erysipelotrichia|o__Erysipelotrichales|f__Erysipelotrichaceae|g__Erysipelothrix|s__Erysipelothrix_larvae
465,k__Eukaryota|p__Eukaryota_unclassified|c__Eukaryota_unclassified|o__Eukaryota_unclassified|f__Eukaryota_unclassified|g__Blastocystis|s__Blastocystis_sp_subtype_1,k__Eukaryota|p__Eukaryota_unclassified|c__Eukaryota_unclassified|o__Eukaryota_unclassified|f__Eukaryota_unclassified|g__Blastocystis|s__Blastocystis_sp_subtype_1
466,k__Bacteria|p__Proteobacteria|c__Deltaproteobacteria|o__Desulfovibrionales|f__Desulfovibrionaceae|g__Desulfovibrio|s__Desulfovibrio_fairfieldensis,k__Bacteria|p__Proteobacteria|c__Deltaproteobacteria|o__Desulfovibrionales|f__Desulfovibrionaceae|g__Desulfovibrio|s__Desulfovibrio_fairfieldensis
467,k__Bacteria|p__Bacteroidetes|c__Bacteroidia|o__Bacteroidales|f__Bacteroidaceae|g__Bacteroides|s__Bacteroides_sp_CAG_462,k__Bacteria|p__Bacteroidetes|c__Bacteroidia|o__Bacteroidales|f__Bacteroidaceae|g__Bacteroides|s__Bacteroides_sp_CAG_462
468,k__Bacteria|p__Bacteroidetes|c__Bacteroidia|o__Bacteroidales|f__Bacteroidaceae|g__Bacteroides|s__Bacteroides_sp_CAG_443,k__Bacteria|p__Bacteroidetes|c__Bacteroidia|o__Bacteroidales|f__Bacteroidaceae|g__Bacteroides|s__Bacteroides_sp_CAG_443
469,k__Bacteria|p__Bacteroidetes|c__Bacteroidia|o__Bacteroidales|f__Rikenellaceae|g__Alistipes|s__Alistipes_sp_An31A,k__Bacteria|p__Bacteroidetes|c__Bacteroidia|o__Bacteroidales|f__Rikenellaceae|g__Alistipes|s__Alistipes_sp_An31A
470,k__Bacteria|p__Actinobacteria|c__Actinobacteria|o__Bifidobacteriales|f__Bifidobacteriaceae|g__Bifidobacterium|s__Bifidobacterium_pseudolongum,k__Bacteria|p__Actinobacteria|c__Actinobacteria|o__Bifidobacteriales|f__Bifidobacteriaceae|g__Bifidobacterium|s__Bifidobacterium_pseudolongum
471,k__Bacteria|p__Proteobacteria|c__Gammaproteobacteria|o__Pseudomonadales|f__Moraxellaceae|g__Moraxella|s__Moraxella_catarrhalis,k__Bacteria|p__Proteobacteria|c__Gammaproteobacteria|o__Pseudomonadales|f__Moraxellaceae|g__Moraxella|s__Moraxella_catarrhalis
472,k__Bacteria|p__Firmicutes|c__Bacilli|o__Lactobacillales|f__Lactobacillaceae|g__Lactobacillus|s__Lactobacillus_amylovorus,k__Bacteria|p__Firmicutes|c__Bacilli|o__Lactobacillales|f__Lactobacillaceae|g__Lactobacillus|s__Lactobacillus_amylovorus
473,k__Bacteria|p__Firmicutes|c__Bacilli|o__Lactobacillales|f__Enterococcaceae|g__Enterococcus|s__Enterococcus_gallinarum,k__Bacteria|p__Firmicutes|c__Bacilli|o__Lactobacillales|f__Enterococcaceae|g__Enterococcus|s__Enterococcus_gallinarum
474,k__Bacteria|p__Proteobacteria|c__Gammaproteobacteria|o__Pasteurellales|f__Pasteurellaceae|g__Aggregatibacter|s__Aggregatibacter_aphrophilus,k__Bacteria|p__Proteobacteria|c__Gammaproteobacteria|o__Pasteurellales|f__Pasteurellaceae|g__Aggregatibacter|s__Aggregatibacter_aphrophilus
475,k__Bacteria|p__Firmicutes|c__Bacilli|o__Lactobacillales|f__Lactobacillaceae|g__Lactobacillus|s__Lactobacillus_rhamnosus,k__Bacteria|p__Firmicutes|c__Bacilli|o__Lactobacillales|f__Lactobacillaceae|g__Lactobacillus|s__Lactobacillus_rhamnosus
476,k__Bacteria|p__Actinobacteria|c__Actinobacteria|o__Bifidobacteriales|f__Bifidobacteriaceae|g__Aeriscardovia|s__Aeriscardovia_aeriphila,k__Bacteria|p__Actinobacteria|c__Actinobacteria|o__Bifidobacteriales|f__Bifidobacteriaceae|g__Aeriscardovia|s__Aeriscardovia_aeriphila
477,k__Bacteria|p__Firmicutes|c__Bacilli|o__Lactobacillales|f__Lactobacillaceae|g__Lactobacillus|s__Lactobacillus_iners,k__Bacteria|p__Firmicutes|c__Bacilli|o__Lactobacillales|f__Lactobacillaceae|g__Lactobacillus|s__Lactobacillus_iners
478,k__Bacteria|p__Firmicutes|c__Clostridia|o__Clostridiales|f__Eubacteriaceae|g__Eubacterium|s__Eubacterium_sp_An11,k__Bacteria|p__Firmicutes|c__Clostridia|o__Clostridiales|f__Eubacteriaceae|g__Eubacterium|s__Eubacterium_sp_An11
479,k__Bacteria|p__Firmicutes|c__Bacilli|o__Lactobacillales|f__Leuconostocaceae|g__Weissella|s__Weissella_cibaria,k__Bacteria|p__Firmicutes|c__Bacilli|o__Lactobacillales|f__Leuconostocaceae|g__Weissella|s__Weissella_cibaria
480,k__Bacteria|p__Firmicutes|c__Bacilli|o__Lactobacillales|f__Leuconostocaceae|g__Weissella|s__Weissella_confusa,k__Bacteria|p__Firmicutes|c__Bacilli|o__Lactobacillales|f__Leuconostocaceae|g__Weissella|s__Weissella_confusa
481,k__Bacteria|p__Firmicutes|c__Bacilli|o__Lactobacillales|f__Lactobacillaceae|g__Lactobacillus|s__Lactobacillus_curvatus,k__Bacteria|p__Firmicutes|c__Bacilli|o__Lactobacillales|f__Lactobacillaceae|g__Lactobacillus|s__Lactobacillus_curvatus
482,k__Bacteria|p__Proteobacteria|c__Betaproteobacteria|o__Neisseriales|f__Neisseriaceae|g__Neisseria|s__Neisseria_perflava,k__Bacteria|p__Proteobacteria|c__Betaproteobacteria|o__Neisseriales|f__Neisseriaceae|g__Neisseria|s__Neisseria_perflava
483,k__Bacteria|p__Firmicutes|c__Clostridia|o__Clostridiales|f__Eubacteriaceae|g__Anaerofustis|s__Anaerofustis_stercorihominis,k__Bacteria|p__Firmicutes|c__Clostridia|o__Clostridiales|f__Eubacteriaceae|g__Anaerofustis|s__Anaerofustis_stercorihominis
484,k__Bacteria|p__Firmicutes|c__Clostridia|o__Clostridiales|f__Clostridiales_unclassified|g__Clostridiales_unclassified|s__Clostridiales_bacterium_1_7_47FAA,k__Bacteria|p__Firmicutes|c__Clostridia|o__Clostridiales|f__Clostridiales_unclassified|g__Clostridiales_unclassified|s__Clostridiales_bacterium_1_7_47FAA
485,k__Bacteria|p__Bacteroidetes|c__Bacteroidia|o__Bacteroidales|f__Prevotellaceae|g__Prevotella|s__Prevotella_disiens,k__Bacteria|p__Bacteroidetes|c__Bacteroidia|o__Bacteroidales|f__Prevotellaceae|g__Prevotella|s__Prevotella_disiens
486,k__Bacteria|p__Firmicutes|c__Clostridia|o__Clostridiales|f__Eubacteriaceae|g__Eubacterium|s__Eubacterium_coprostanoligenes,k__Bacteria|p__Firmicutes|c__Clostridia|o__Clostridiales|f__Eubacteriaceae|g__Eubacterium|s__Eubacterium_coprostanoligenes
487,k__Bacteria|p__Firmicutes|c__Tissierellia|o__Tissierellales|f__Peptoniphilaceae|g__Peptoniphilus|s__Peptoniphilus_coxii,k__Bacteria|p__Firmicutes|c__Tissierellia|o__Tissierellales|f__Peptoniphilaceae|g__Peptoniphilus|s__Peptoniphilus_coxii
488,k__Bacteria|p__Proteobacteria|c__Gammaproteobacteria|o__Enterobacterales|f__Enterobacteriaceae|g__Leclercia|s__Leclercia_adecarboxylata,k__Bacteria|p__Proteobacteria|c__Gammaproteobacteria|o__Enterobacterales|f__Enterobacteriaceae|g__Leclercia|s__Leclercia_adecarboxylata
489,k__Bacteria|p__Firmicutes|c__Tissierellia|o__Tissierellales|f__Peptoniphilaceae|g__Finegoldia|s__Finegoldia_magna,k__Bacteria|p__Firmicutes|c__Tissierellia|o__Tissierellales|f__Peptoniphilaceae|g__Finegoldia|s__Finegoldia_magna
490,k__Bacteria|p__Bacteroidetes|c__Bacteroidia|o__Bacteroidales|f__Prevotellaceae|g__Prevotella|s__Prevotella_timonensis,k__Bacteria|p__Bacteroidetes|c__Bacteroidia|o__Bacteroidales|f__Prevotellaceae|g__Prevotella|s__Prevotella_timonensis
491,k__Bacteria|p__Firmicutes|c__Tissierellia|o__Tissierellales|f__Peptoniphilaceae|g__Anaerococcus|s__Anaerococcus_vaginalis,k__Bacteria|p__Firmicutes|c__Tissierellia|o__Tissierellales|f__Peptoniphilaceae|g__Anaerococcus|s__Anaerococcus_vaginalis
492,k__Bacteria|p__Firmicutes|c__Tissierellia|o__Tissierellales|f__Peptoniphilaceae|g__Peptoniphilus|s__Peptoniphilus_harei,k__Bacteria|p__Firmicutes|c__Tissierellia|o__Tissierellales|f__Peptoniphilaceae|g__Peptoniphilus|s__Peptoniphilus_harei
493,k__Bacteria|p__Firmicutes|c__Tissierellia|o__Tissierellales|f__Peptoniphilaceae|g__Peptoniphilus|s__Peptoniphilus_lacrimalis,k__Bacteria|p__Firmicutes|c__Tissierellia|o__Tissierellales|f__Peptoniphilaceae|g__Peptoniphilus|s__Peptoniphilus_lacrimalis
494,k__Bacteria|p__Firmicutes|c__Bacilli|o__Lactobacillales|f__Lactobacillaceae|g__Lactobacillus|s__Lactobacillus_ruminis,k__Bacteria|p__Firmicutes|c__Bacilli|o__Lactobacillales|f__Lactobacillaceae|g__Lactobacillus|s__Lactobacillus_ruminis
495,k__Bacteria|p__Firmicutes|c__Negativicutes|o__Veillonellales|f__Veillonellaceae|g__Veillonella|s__Veillonella_sp_CAG_933,k__Bacteria|p__Firmicutes|c__Negativicutes|o__Veillonellales|f__Veillonellaceae|g__Veillonella|s__Veillonella_sp_CAG_933
496,k__Bacteria|p__Firmicutes|c__Bacilli|o__Lactobacillales|f__Lactobacillaceae|g__Pediococcus|s__Pediococcus_acidilactici,k__Bacteria|p__Firmicutes|c__Bacilli|o__Lactobacillales|f__Lactobacillaceae|g__Pediococcus|s__Pediococcus_acidilactici
497,k__Bacteria|p__Firmicutes|c__Bacilli|o__Lactobacillales|f__Enterococcaceae|g__Enterococcus|s__Enterococcus_hirae,k__Bacteria|p__Firmicutes|c__Bacilli|o__Lactobacillales|f__Enterococcaceae|g__Enterococcus|s__Enterococcus_hirae
498,k__Bacteria|p__Firmicutes|c__Clostridia|o__Clostridiales|f__Peptostreptococcaceae|g__Peptostreptococcaceae_unclassified|s__Clostridium_hiranonis,k__Bacteria|p__Firmicutes|c__Clostridia|o__Clostridiales|f__Peptostreptococcaceae|g__Peptostreptococcaceae_unclassified|s__Clostridium_hiranonis
499,k__Bacteria|p__Proteobacteria|c__Gammaproteobacteria|o__Enterobacterales|f__Enterobacteriaceae|g__Enterobacter|s__Enterobacter_mori,k__Bacteria|p__Proteobacteria|c__Gammaproteobacteria|o__Enterobacterales|f__Enterobacteriaceae|g__Enterobacter|s__Enterobacter_mori
500,k__Bacteria|p__Proteobacteria|c__Gammaproteobacteria|o__Enterobacterales|f__Hafniaceae|g__Hafnia|s__Hafnia_paralvei,k__Bacteria|p__Proteobacteria|c__Gammaproteobacteria|o__Enterobacterales|f__Hafniaceae|g__Hafnia|s__Hafnia_paralvei
501,k__Bacteria|p__Proteobacteria|c__Gammaproteobacteria|o__Aeromonadales|f__Aeromonadaceae|g__Aeromonas|s__Aeromonas_allosaccharophila,k__Bacteria|p__Proteobacteria|c__Gammaproteobacteria|o__Aeromonadales|f__Aeromonadaceae|g__Aeromonas|s__Aeromonas_allosaccharophila
502,k__Bacteria|p__Proteobacteria|c__Gammaproteobacteria|o__Enterobacterales|f__Enterobacteriaceae|g__Citrobacter|s__Citrobacter_pasteurii,k__Bacteria|p__Proteobacteria|c__Gammaproteobacteria|o__Enterobacterales|f__Enterobacteriaceae|g__Citrobacter|s__Citrobacter_pasteurii
503,k__Bacteria|p__Bacteroidetes|c__Bacteroidia|o__Bacteroidales|f__Barnesiellaceae|g__Barnesiella|s__Barnesiella_sp_An22,k__Bacteria|p__Bacteroidetes|c__Bacteroidia|o__Bacteroidales|f__Barnesiellaceae|g__Barnesiella|s__Barnesiella_sp_An22
504,k__Bacteria|p__Firmicutes|c__Clostridia|o__Clostridiales|f__Clostridiaceae|g__Clostridium|s__Clostridium_neonatale,k__Bacteria|p__Firmicutes|c__Clostridia|o__Clostridiales|f__Clostridiaceae|g__Clostridium|s__Clostridium_neonatale
505,k__Bacteria|p__Firmicutes|c__Clostridia|o__Clostridiales|f__Clostridiaceae|g__Clostridium|s__Clostridium_celatum,k__Bacteria|p__Firmicutes|c__Clostridia|o__Clostridiales|f__Clostridiaceae|g__Clostridium|s__Clostridium_celatum
506,k__Bacteria|p__Bacteroidetes|c__Bacteroidia|o__Bacteroidales|f__Bacteroidaceae|g__Bacteroides|s__Bacteroides_fluxus,k__Bacteria|p__Bacteroidetes|c__Bacteroidia|o__Bacteroidales|f__Bacteroidaceae|g__Bacteroides|s__Bacteroides_fluxus
507,k__Bacteria|p__Bacteroidetes|c__Bacteroidia|o__Bacteroidales|f__Bacteroidaceae|g__Bacteroides|s__Bacteroides_sp_CAG_633,k__Bacteria|p__Bacteroidetes|c__Bacteroidia|o__Bacteroidales|f__Bacteroidaceae|g__Bacteroides|s__Bacteroides_sp_CAG_633
508,k__Bacteria|p__Bacteroidetes|c__Bacteroidia|o__Bacteroidales|f__Prevotellaceae|g__Prevotella|s__Prevotella_sp_CAG_1031,k__Bacteria|p__Bacteroidetes|c__Bacteroidia|o__Bacteroidales|f__Prevotellaceae|g__Prevotella|s__Prevotella_sp_CAG_1031
509,k__Bacteria|p__Proteobacteria|c__Gammaproteobacteria|o__Vibrionales|f__Vibrionaceae|g__Photobacterium|s__Photobacterium_damselae,k__Bacteria|p__Proteobacteria|c__Gammaproteobacteria|o__Vibrionales|f__Vibrionaceae|g__Photobacterium|s__Photobacterium_damselae
510,k__Bacteria|p__Proteobacteria|c__Betaproteobacteria|o__Neisseriales|f__Neisseriaceae|g__Morococcus|s__Morococcus_cerebrosus,k__Bacteria|p__Proteobacteria|c__Betaproteobacteria|o__Neisseriales|f__Neisseriaceae|g__Morococcus|s__Morococcus_cerebrosus
511,k__Bacteria|p__Bacteroidetes|c__Bacteroidia|o__Bacteroidales|f__Prevotellaceae|g__Prevotella|s__Prevotella_jejuni,k__Bacteria|p__Bacteroidetes|c__Bacteroidia|o__Bacteroidales|f__Prevotellaceae|g__Prevotella|s__Prevotella_jejuni
512,k__Bacteria|p__Proteobacteria|c__Betaproteobacteria|o__Neisseriales|f__Neisseriaceae|g__Neisseria|s__Neisseria_polysaccharea,k__Bacteria|p__Proteobacteria|c__Betaproteobacteria|o__Neisseriales|f__Neisseriaceae|g__Neisseria|s__Neisseria_polysaccharea
513,k__Bacteria|p__Synergistetes|c__Synergistia|o__Synergistales|f__Synergistaceae|g__Fretibacterium|s__Fretibacterium_fastidiosum,k__Bacteria|p__Synergistetes|c__Synergistia|o__Synergistales|f__Synergistaceae|g__Fretibacterium|s__Fretibacterium_fastidiosum
514,k__Bacteria|p__Firmicutes|c__Bacilli|o__Lactobacillales|f__Lactobacillaceae|g__Lactobacillus|s__Lactobacillus_johnsonii,k__Bacteria|p__Firmicutes|c__Bacilli|o__Lactobacillales|f__Lactobacillaceae|g__Lactobacillus|s__Lactobacillus_johnsonii
515,k__Bacteria|p__Firmicutes|c__Bacilli|o__Lactobacillales|f__Streptococcaceae|g__Streptococcus|s__Streptococcus_sinensis,k__Bacteria|p__Firmicutes|c__Bacilli|o__Lactobacillales|f__Streptococcaceae|g__Streptococcus|s__Streptococcus_sinensis
516,k__Bacteria|p__Actinobacteria|c__Actinobacteria|o__Actinomycetales|f__Actinomycetaceae|g__Actinomyces|s__Actinomyces_cardiffensis,k__Bacteria|p__Actinobacteria|c__Actinobacteria|o__Actinomycetales|f__Actinomycetaceae|g__Actinomyces|s__Actinomyces_cardiffensis
517,k__Bacteria|p__Actinobacteria|c__Actinobacteria|o__Actinomycetales|f__Actinomycetaceae|g__Actinomyces|s__Actinomyces_johnsonii,k__Bacteria|p__Actinobacteria|c__Actinobacteria|o__Actinomycetales|f__Actinomycetaceae|g__Actinomyces|s__Actinomyces_johnsonii
518,k__Bacteria|p__Actinobacteria|c__Actinobacteria|o__Actinomycetales|f__Actinomycetaceae|g__Actinomyces|s__Actinomyces_sp_oral_taxon_414,k__Bacteria|p__Actinobacteria|c__Actinobacteria|o__Actinomycetales|f__Actinomycetaceae|g__Actinomyces|s__Actinomyces_sp_oral_taxon_414
519,k__Bacteria|p__Firmicutes|c__Negativicutes|o__Veillonellales|f__Veillonellaceae|g__Dialister|s__Dialister_succinatiphilus,k__Bacteria|p__Firmicutes|c__Negativicutes|o__Veillonellales|f__Veillonellaceae|g__Dialister|s__Dialister_succinatiphilus
520,k__Bacteria|p__Proteobacteria|c__Gammaproteobacteria|o__Pasteurellales|f__Pasteurellaceae|g__Haemophilus|s__Haemophilus_pittmaniae,k__Bacteria|p__Proteobacteria|c__Gammaproteobacteria|o__Pasteurellales|f__Pasteurellaceae|g__Haemophilus|s__Haemophilus_pittmaniae
521,k__Bacteria|p__Synergistetes|c__Synergistia|o__Synergistales|f__Synergistaceae|g__Jonquetella|s__Jonquetella_anthropi,k__Bacteria|p__Synergistetes|c__Synergistia|o__Synergistales|f__Synergistaceae|g__Jonquetella|s__Jonquetella_anthropi
522,k__Bacteria|p__Actinobacteria|c__Actinobacteria|o__Propionibacteriales|f__Propionibacteriaceae|g__Pseudopropionibacterium|s__Pseudopropionibacterium_propionicum,k__Bacteria|p__Actinobacteria|c__Actinobacteria|o__Propionibacteriales|f__Propionibacteriaceae|g__Pseudopropionibacterium|s__Pseudopropionibacterium_propionicum
523,k__Bacteria|p__Firmicutes|c__Bacilli|o__Lactobacillales|f__Lactobacillaceae|g__Lactobacillus|s__Lactobacillus_vaginalis,k__Bacteria|p__Firmicutes|c__Bacilli|o__Lactobacillales|f__Lactobacillaceae|g__Lactobacillus|s__Lactobacillus_vaginalis
524,k__Bacteria|p__Fusobacteria|c__Fusobacteriia|o__Fusobacteriales|f__Fusobacteriaceae|g__Fusobacterium|s__Fusobacterium_sp_CAG_439,k__Bacteria|p__Fusobacteria|c__Fusobacteriia|o__Fusobacteriales|f__Fusobacteriaceae|g__Fusobacterium|s__Fusobacterium_sp_CAG_439
525,k__Bacteria|p__Proteobacteria|c__Gammaproteobacteria|o__Aeromonadales|f__Aeromonadaceae|g__Aeromonas|s__Aeromonas_veronii,k__Bacteria|p__Proteobacteria|c__Gammaproteobacteria|o__Aeromonadales|f__Aeromonadaceae|g__Aeromonas|s__Aeromonas_veronii
526,k__Bacteria|p__Firmicutes|c__Clostridia|o__Clostridiales|f__Clostridiaceae|g__Clostridium|s__Clostridium_sp_CAG_167,k__Bacteria|p__Firmicutes|c__Clostridia|o__Clostridiales|f__Clostridiaceae|g__Clostridium|s__Clostridium_sp_CAG_167
527,k__Bacteria|p__Fusobacteria|c__Fusobacteriia|o__Fusobacteriales|f__Fusobacteriaceae|g__Fusobacterium|s__Fusobacterium_hwasookii,k__Bacteria|p__Fusobacteria|c__Fusobacteriia|o__Fusobacteriales|f__Fusobacteriaceae|g__Fusobacterium|s__Fusobacterium_hwasookii
528,k__Bacteria|p__Firmicutes|c__Bacilli|o__Lactobacillales|f__Leuconostocaceae|g__Leuconostoc|s__Leuconostoc_citreum,k__Bacteria|p__Firmicutes|c__Bacilli|o__Lactobacillales|f__Leuconostocaceae|g__Leuconostoc|s__Leuconostoc_citreum
529,k__Bacteria|p__Bacteroidetes|c__Bacteroidia|o__Bacteroidales|f__Prevotellaceae|g__Prevotella|s__Prevotella_oris,k__Bacteria|p__Bacteroidetes|c__Bacteroidia|o__Bacteroidales|f__Prevotellaceae|g__Prevotella|s__Prevotella_oris
530,k__Bacteria|p__Proteobacteria|c__Gammaproteobacteria|o__Enterobacterales|f__Enterobacteriaceae|g__Kluyvera|s__Kluyvera_cryocrescens,k__Bacteria|p__Proteobacteria|c__Gammaproteobacteria|o__Enterobacterales|f__Enterobacteriaceae|g__Kluyvera|s__Kluyvera_cryocrescens
531,k__Bacteria|p__Firmicutes|c__Firmicutes_unclassified|o__Firmicutes_unclassified|f__Firmicutes_unclassified|g__Firmicutes_unclassified|s__Firmicutes_bacterium_CAG_424,k__Bacteria|p__Firmicutes|c__Firmicutes_unclassified|o__Firmicutes_unclassified|f__Firmicutes_unclassified|g__Firmicutes_unclassified|s__Firmicutes_bacterium_CAG_424
532,k__Bacteria|p__Firmicutes|c__Clostridia|o__Clostridiales|f__Peptococcaceae|g__Peptococcus|s__Peptococcus_niger,k__Bacteria|p__Firmicutes|c__Clostridia|o__Clostridiales|f__Peptococcaceae|g__Peptococcus|s__Peptococcus_niger
533,k__Bacteria|p__Fusobacteria|c__Fusobacteriia|o__Fusobacteriales|f__Leptotrichiaceae|g__Sneathia|s__Sneathia_amnii,k__Bacteria|p__Fusobacteria|c__Fusobacteriia|o__Fusobacteriales|f__Leptotrichiaceae|g__Sneathia|s__Sneathia_amnii
534,k__Bacteria|p__Firmicutes|c__Clostridia|o__Clostridiales|f__Ruminococcaceae|g__Flavonifractor|s__Flavonifractor_sp_An100,k__Bacteria|p__Firmicutes|c__Clostridia|o__Clostridiales|f__Ruminococcaceae|g__Flavonifractor|s__Flavonifractor_sp_An100
535,k__Bacteria|p__Firmicutes|c__Clostridia|o__Clostridiales|f__Ruminococcaceae|g__Ruminococcus|s__Ruminococcus_sp_CAG_488,k__Bacteria|p__Firmicutes|c__Clostridia|o__Clostridiales|f__Ruminococcaceae|g__Ruminococcus|s__Ruminococcus_sp_CAG_488
536,k__Bacteria|p__Proteobacteria|c__Epsilonproteobacteria|o__Campylobacterales|f__Campylobacteraceae|g__Campylobacter|s__Campylobacter_gracilis,k__Bacteria|p__Proteobacteria|c__Epsilonproteobacteria|o__Campylobacterales|f__Campylobacteraceae|g__Campylobacter|s__Campylobacter_gracilis
537,k__Bacteria|p__Fusobacteria|c__Fusobacteriia|o__Fusobacteriales|f__Leptotrichiaceae|g__Leptotrichia|s__Leptotrichia_wadei,k__Bacteria|p__Fusobacteria|c__Fusobacteriia|o__Fusobacteriales|f__Leptotrichiaceae|g__Leptotrichia|s__Leptotrichia_wadei
538,k__Bacteria|p__Proteobacteria|c__Gammaproteobacteria|o__Enterobacterales|f__Enterobacteriaceae|g__Citrobacter|s__Citrobacter_sp_MGH106,k__Bacteria|p__Proteobacteria|c__Gammaproteobacteria|o__Enterobacterales|f__Enterobacteriaceae|g__Citrobacter|s__Citrobacter_sp_MGH106
539,k__Bacteria|p__Proteobacteria|c__Gammaproteobacteria|o__Enterobacterales|f__Yersiniaceae|g__Serratia|s__Serratia_liquefaciens,k__Bacteria|p__Proteobacteria|c__Gammaproteobacteria|o__Enterobacterales|f__Yersiniaceae|g__Serratia|s__Serratia_liquefaciens
540,k__Bacteria|p__Bacteroidetes|c__Bacteroidia|o__Bacteroidales|f__Prevotellaceae|g__Prevotella|s__Prevotella_oulorum,k__Bacteria|p__Bacteroidetes|c__Bacteroidia|o__Bacteroidales|f__Prevotellaceae|g__Prevotella|s__Prevotella_oulorum
541,k__Bacteria|p__Actinobacteria|c__Actinobacteria|o__Actinomycetales|f__Actinomycetaceae|g__Actinomyces|s__Actinomyces_sp_oral_taxon_180,k__Bacteria|p__Actinobacteria|c__Actinobacteria|o__Actinomycetales|f__Actinomycetaceae|g__Actinomyces|s__Actinomyces_sp_oral_taxon_180
542,k__Bacteria|p__Bacteroidetes|c__Bacteroidia|o__Bacteroidales|f__Prevotellaceae|g__Prevotella|s__Prevotella_oralis,k__Bacteria|p__Bacteroidetes|c__Bacteroidia|o__Bacteroidales|f__Prevotellaceae|g__Prevotella|s__Prevotella_oralis
543,k__Bacteria|p__Firmicutes|c__Negativicutes|o__Selenomonadales|f__Selenomonadaceae|g__Selenomonas|s__Selenomonas_flueggei,k__Bacteria|p__Firmicutes|c__Negativicutes|o__Selenomonadales|f__Selenomonadaceae|g__Selenomonas|s__Selenomonas_flueggei
544,k__Bacteria|p__Firmicutes|c__Negativicutes|o__Selenomonadales|f__Selenomonadaceae|g__Selenomonas|s__Selenomonas_noxia,k__Bacteria|p__Firmicutes|c__Negativicutes|o__Selenomonadales|f__Selenomonadaceae|g__Selenomonas|s__Selenomonas_noxia
545,k__Bacteria|p__Actinobacteria|c__Actinobacteria|o__Actinomycetales|f__Actinomycetaceae|g__Actinomyces|s__Actinomyces_viscosus,k__Bacteria|p__Actinobacteria|c__Actinobacteria|o__Actinomycetales|f__Actinomycetaceae|g__Actinomyces|s__Actinomyces_viscosus
546,k__Bacteria|p__Fusobacteria|c__Fusobacteriia|o__Fusobacteriales|f__Leptotrichiaceae|g__Leptotrichia|s__Leptotrichia_hofstadii,k__Bacteria|p__Fusobacteria|c__Fusobacteriia|o__Fusobacteriales|f__Leptotrichiaceae|g__Leptotrichia|s__Leptotrichia_hofstadii
547,k__Bacteria|p__Proteobacteria|c__Betaproteobacteria|o__Neisseriales|f__Neisseriaceae|g__Eikenella|s__Eikenella_sp_NML130454,k__Bacteria|p__Proteobacteria|c__Betaproteobacteria|o__Neisseriales|f__Neisseriaceae|g__Eikenella|s__Eikenella_sp_NML130454
548,k__Bacteria|p__Firmicutes|c__Clostridia|o__Clostridiales|f__Clostridiaceae|g__Clostridium|s__Clostridium_sp_CAG_413,k__Bacteria|p__Firmicutes|c__Clostridia|o__Clostridiales|f__Clostridiaceae|g__Clostridium|s__Clostridium_sp_CAG_413
549,k__Bacteria|p__Bacteroidetes|c__Bacteroidia|o__Bacteroidales|f__Prevotellaceae|g__Prevotella|s__Prevotella_sp_CAG_485,k__Bacteria|p__Bacteroidetes|c__Bacteroidia|o__Bacteroidales|f__Prevotellaceae|g__Prevotella|s__Prevotella_sp_CAG_485
550,k__Bacteria|p__Bacteroidetes|c__Bacteroidia|o__Bacteroidales|f__Bacteroidaceae|g__Bacteroides|s__Bacteroides_sp_OM05_12,k__Bacteria|p__Bacteroidetes|c__Bacteroidia|o__Bacteroidales|f__Bacteroidaceae|g__Bacteroides|s__Bacteroides_sp_OM05_12
551,k__Bacteria|p__Firmicutes|c__Clostridia|o__Clostridiales|f__Lachnospiraceae|g__Murimonas|s__Murimonas_intestini,k__Bacteria|p__Firmicutes|c__Clostridia|o__Clostridiales|f__Lachnospiraceae|g__Murimonas|s__Murimonas_intestini
552,k__Bacteria|p__Firmicutes|c__Bacilli|o__Lactobacillales|f__Streptococcaceae|g__Streptococcus|s__Streptococcus_peroris,k__Bacteria|p__Firmicutes|c__Bacilli|o__Lactobacillales|f__Streptococcaceae|g__Streptococcus|s__Streptococcus_peroris
553,k__Bacteria|p__Proteobacteria|c__Gammaproteobacteria|o__Enterobacterales|f__Morganellaceae|g__Proteus|s__Proteus_hauseri,k__Bacteria|p__Proteobacteria|c__Gammaproteobacteria|o__Enterobacterales|f__Morganellaceae|g__Proteus|s__Proteus_hauseri
554,k__Bacteria|p__Firmicutes|c__Clostridia|o__Clostridiales|f__Ruminococcaceae|g__Anaerotruncus|s__Anaerotruncus_sp_CAG_528,k__Bacteria|p__Firmicutes|c__Clostridia|o__Clostridiales|f__Ruminococcaceae|g__Anaerotruncus|s__Anaerotruncus_sp_CAG_528
555,k__Bacteria|p__Bacteroidetes|c__Bacteroidia|o__Bacteroidales|f__Bacteroidaceae|g__Bacteroides|s__Bacteroides_sp_CAG_530,k__Bacteria|p__Bacteroidetes|c__Bacteroidia|o__Bacteroidales|f__Bacteroidaceae|g__Bacteroides|s__Bacteroides_sp_CAG_530
556,k__Bacteria|p__Proteobacteria|c__Gammaproteobacteria|o__Aeromonadales|f__Aeromonadaceae|g__Aeromonas|s__Aeromonas_caviae,k__Bacteria|p__Proteobacteria|c__Gammaproteobacteria|o__Aeromonadales|f__Aeromonadaceae|g__Aeromonas|s__Aeromonas_caviae
557,k__Bacteria|p__Proteobacteria|c__Gammaproteobacteria|o__Aeromonadales|f__Aeromonadaceae|g__Aeromonas|s__Aeromonas_media,k__Bacteria|p__Proteobacteria|c__Gammaproteobacteria|o__Aeromonadales|f__Aeromonadaceae|g__Aeromonas|s__Aeromonas_media
558,k__Bacteria|p__Firmicutes|c__Clostridia|o__Clostridiales|f__Lachnospiraceae|g__Lachnoclostridium|s__Lachnoclostridium_sp_An298,k__Bacteria|p__Firmicutes|c__Clostridia|o__Clostridiales|f__Lachnospiraceae|g__Lachnoclostridium|s__Lachnoclostridium_sp_An298
559,k__Bacteria|p__Firmicutes|c__Clostridia|o__Clostridiales|f__Ruminococcaceae|g__Gemmiger|s__Gemmiger_sp_An50,k__Bacteria|p__Firmicutes|c__Clostridia|o__Clostridiales|f__Ruminococcaceae|g__Gemmiger|s__Gemmiger_sp_An50
560,k__Bacteria|p__Firmicutes|c__Clostridia|o__Clostridiales|f__Ruminococcaceae|g__Gemmiger|s__Gemmiger_sp_An194,k__Bacteria|p__Firmicutes|c__Clostridia|o__Clostridiales|f__Ruminococcaceae|g__Gemmiger|s__Gemmiger_sp_An194
561,k__Bacteria|p__Firmicutes|c__Bacilli|o__Lactobacillales|f__Streptococcaceae|g__Streptococcus|s__Streptococcus_sp_oral_taxon_056,k__Bacteria|p__Firmicutes|c__Bacilli|o__Lactobacillales|f__Streptococcaceae|g__Streptococcus|s__Streptococcus_sp_oral_taxon_056
562,k__Bacteria|p__Firmicutes|c__Bacilli|o__Lactobacillales|f__Lactobacillaceae|g__Lactobacillus|s__Lactobacillus_sakei,k__Bacteria|p__Firmicutes|c__Bacilli|o__Lactobacillales|f__Lactobacillaceae|g__Lactobacillus|s__Lactobacillus_sakei
563,k__Bacteria|p__Proteobacteria|c__Betaproteobacteria|o__Neisseriales|f__Neisseriaceae|g__Kingella|s__Kingella_oralis,k__Bacteria|p__Proteobacteria|c__Betaproteobacteria|o__Neisseriales|f__Neisseriaceae|g__Kingella|s__Kingella_oralis
564,k__Bacteria|p__Proteobacteria|c__Gammaproteobacteria|o__Enterobacterales|f__Morganellaceae|g__Proteus|s__Proteus_mirabilis,k__Bacteria|p__Proteobacteria|c__Gammaproteobacteria|o__Enterobacterales|f__Morganellaceae|g__Proteus|s__Proteus_mirabilis
565,k__Bacteria|p__Proteobacteria|c__Gammaproteobacteria|o__Enterobacterales|f__Enterobacteriaceae|g__Enterobacter|s__Enterobacter_bugandensis,k__Bacteria|p__Proteobacteria|c__Gammaproteobacteria|o__Enterobacterales|f__Enterobacteriaceae|g__Enterobacter|s__Enterobacter_bugandensis
566,k__Bacteria|p__Bacteroidetes|c__Bacteroidia|o__Bacteroidales|f__Bacteroidaceae|g__Bacteroides|s__Bacteroides_stercorirosoris,k__Bacteria|p__Bacteroidetes|c__Bacteroidia|o__Bacteroidales|f__Bacteroidaceae|g__Bacteroides|s__Bacteroides_stercorirosoris
567,k__Bacteria|p__Firmicutes|c__Tissierellia|o__Tissierellales|f__Peptoniphilaceae|g__Anaerococcus|s__Anaerococcus_lactolyticus,k__Bacteria|p__Firmicutes|c__Tissierellia|o__Tissierellales|f__Peptoniphilaceae|g__Anaerococcus|s__Anaerococcus_lactolyticus
568,k__Bacteria|p__Firmicutes|c__Clostridia|o__Clostridiales|f__Lachnospiraceae|g__Lachnoanaerobaculum|s__Lachnoanaerobaculum_umeaense,k__Bacteria|p__Firmicutes|c__Clostridia|o__Clostridiales|f__Lachnospiraceae|g__Lachnoanaerobaculum|s__Lachnoanaerobaculum_umeaense
569,k__Bacteria|p__Firmicutes|c__Clostridia|o__Clostridiales|f__Lachnospiraceae|g__Shuttleworthia|s__Shuttleworthia_satelles,k__Bacteria|p__Firmicutes|c__Clostridia|o__Clostridiales|f__Lachnospiraceae|g__Shuttleworthia|s__Shuttleworthia_satelles
570,k__Bacteria|p__Proteobacteria|c__Gammaproteobacteria|o__Enterobacterales|f__Enterobacteriaceae|g__Kluyvera|s__Kluyvera_ascorbata,k__Bacteria|p__Proteobacteria|c__Gammaproteobacteria|o__Enterobacterales|f__Enterobacteriaceae|g__Kluyvera|s__Kluyvera_ascorbata
571,k__Bacteria|p__Proteobacteria|c__Gammaproteobacteria|o__Enterobacterales|f__Enterobacteriaceae|g__Klebsiella|s__Klebsiella_grimontii,k__Bacteria|p__Proteobacteria|c__Gammaproteobacteria|o__Enterobacterales|f__Enterobacteriaceae|g__Klebsiella|s__Klebsiella_grimontii
572,k__Bacteria|p__Spirochaetes|c__Spirochaetia|o__Brachyspirales|f__Brachyspiraceae|g__Brachyspira|s__Brachyspira_pilosicoli,k__Bacteria|p__Spirochaetes|c__Spirochaetia|o__Brachyspirales|f__Brachyspiraceae|g__Brachyspira|s__Brachyspira_pilosicoli
573,k__Bacteria|p__Firmicutes|c__Bacilli|o__Lactobacillales|f__Lactobacillaceae|g__Lactobacillus|s__Lactobacillus_kalixensis,k__Bacteria|p__Firmicutes|c__Bacilli|o__Lactobacillales|f__Lactobacillaceae|g__Lactobacillus|s__Lactobacillus_kalixensis
574,k__Bacteria|p__Firmicutes|c__Clostridia|o__Clostridiales|f__Lachnospiraceae|g__Faecalicatena|s__Faecalicatena_orotica,k__Bacteria|p__Firmicutes|c__Clostridia|o__Clostridiales|f__Lachnospiraceae|g__Faecalicatena|s__Faecalicatena_orotica
575,k__Bacteria|p__Proteobacteria|c__Gammaproteobacteria|o__Enterobacterales|f__Enterobacteriaceae|g__Cronobacter|s__Cronobacter_sakazakii,k__Bacteria|p__Proteobacteria|c__Gammaproteobacteria|o__Enterobacterales|f__Enterobacteriaceae|g__Cronobacter|s__Cronobacter_sakazakii
576,k__Bacteria|p__Bacteroidetes|c__Bacteroidia|o__Bacteroidales|f__Prevotellaceae|g__Prevotella|s__Prevotella_sp_CAG_1058,k__Bacteria|p__Bacteroidetes|c__Bacteroidia|o__Bacteroidales|f__Prevotellaceae|g__Prevotella|s__Prevotella_sp_CAG_1058
577,k__Bacteria|p__Firmicutes|c__Bacilli|o__Lactobacillales|f__Carnobacteriaceae|g__Dolosigranulum|s__Dolosigranulum_pigrum,k__Bacteria|p__Firmicutes|c__Bacilli|o__Lactobacillales|f__Carnobacteriaceae|g__Dolosigranulum|s__Dolosigranulum_pigrum
578,k__Bacteria|p__Actinobacteria|c__Actinobacteria|o__Propionibacteriales|f__Propionibacteriaceae|g__Propionibacterium|s__Propionibacterium_acidifaciens,k__Bacteria|p__Actinobacteria|c__Actinobacteria|o__Propionibacteriales|f__Propionibacteriaceae|g__Propionibacterium|s__Propionibacterium_acidifaciens
579,k__Bacteria|p__Actinobacteria|c__Actinobacteria|o__Corynebacteriales|f__Corynebacteriaceae|g__Corynebacterium|s__Corynebacterium_accolens,k__Bacteria|p__Actinobacteria|c__Actinobacteria|o__Corynebacteriales|f__Corynebacteriaceae|g__Corynebacterium|s__Corynebacterium_accolens
580,k__Bacteria|p__Firmicutes|c__Tissierellia|o__Tissierellia_unclassified|f__Tissierellia_unclassified|g__Tissierellia_unclassified|s__Bacteroides_coagulans,k__Bacteria|p__Firmicutes|c__Tissierellia|o__Tissierellia_unclassified|f__Tissierellia_unclassified|g__Tissierellia_unclassified|s__Bacteroides_coagulans
581,k__Bacteria|p__Bacteroidetes|c__Bacteroidia|o__Bacteroidales|f__Dysgonamonadaceae|g__Dysgonomonas|s__Dysgonomonas_gadei,k__Bacteria|p__Bacteroidetes|c__Bacteroidia|o__Bacteroidales|f__Dysgonamonadaceae|g__Dysgonomonas|s__Dysgonomonas_gadei
582,k__Bacteria|p__Firmicutes|c__Clostridia|o__Clostridiales|f__Eubacteriaceae|g__Pseudoramibacter|s__Pseudoramibacter_alactolyticus,k__Bacteria|p__Firmicutes|c__Clostridia|o__Clostridiales|f__Eubacteriaceae|g__Pseudoramibacter|s__Pseudoramibacter_alactolyticus
583,k__Bacteria|p__Proteobacteria|c__Gammaproteobacteria|o__Enterobacterales|f__Yersiniaceae|g__Serratia|s__Serratia_marcescens,k__Bacteria|p__Proteobacteria|c__Gammaproteobacteria|o__Enterobacterales|f__Yersiniaceae|g__Serratia|s__Serratia_marcescens
584,k__Bacteria|p__Firmicutes|c__Clostridia|o__Clostridiales|f__Clostridiales_unclassified|g__Clostridiales_unclassified|s__Clostridiales_bacterium_CHKCI006,k__Bacteria|p__Firmicutes|c__Clostridia|o__Clostridiales|f__Clostridiales_unclassified|g__Clostridiales_unclassified|s__Clostridiales_bacterium_CHKCI006
585,k__Bacteria|p__Actinobacteria|c__Actinobacteria|o__Bifidobacteriales|f__Bifidobacteriaceae|g__Gardnerella|s__Gardnerella_vaginalis,k__Bacteria|p__Actinobacteria|c__Actinobacteria|o__Bifidobacteriales|f__Bifidobacteriaceae|g__Gardnerella|s__Gardnerella_vaginalis
586,k__Bacteria|p__Bacteroidetes|c__Bacteroidia|o__Bacteroidales|f__Prevotellaceae|g__Prevotella|s__Prevotella_sp_CAG_891,k__Bacteria|p__Bacteroidetes|c__Bacteroidia|o__Bacteroidales|f__Prevotellaceae|g__Prevotella|s__Prevotella_sp_CAG_891
587,k__Bacteria|p__Proteobacteria|c__Gammaproteobacteria|o__Enterobacterales|f__Hafniaceae|g__Edwardsiella|s__Edwardsiella_tarda,k__Bacteria|p__Proteobacteria|c__Gammaproteobacteria|o__Enterobacterales|f__Hafniaceae|g__Edwardsiella|s__Edwardsiella_tarda
588,k__Bacteria|p__Bacteroidetes|c__Bacteroidia|o__Bacteroidales|f__Prevotellaceae|g__Prevotella|s__Prevotella_sp_CAG_1124,k__Bacteria|p__Bacteroidetes|c__Bacteroidia|o__Bacteroidales|f__Prevotellaceae|g__Prevotella|s__Prevotella_sp_CAG_1124
589,k__Bacteria|p__Fusobacteria|c__Fusobacteriia|o__Fusobacteriales|f__Fusobacteriaceae|g__Cetobacterium|s__Cetobacterium_somerae,k__Bacteria|p__Fusobacteria|c__Fusobacteriia|o__Fusobacteriales|f__Fusobacteriaceae|g__Cetobacterium|s__Cetobacterium_somerae
590,k__Bacteria|p__Firmicutes|c__Clostridia|o__Clostridiales|f__Ruminococcaceae|g__Ruminococcus|s__Ruminococcus_sp_CAG_624,k__Bacteria|p__Firmicutes|c__Clostridia|o__Clostridiales|f__Ruminococcaceae|g__Ruminococcus|s__Ruminococcus_sp_CAG_624
591,k__Bacteria|p__Proteobacteria|c__Epsilonproteobacteria|o__Campylobacterales|f__Helicobacteraceae|g__Helicobacter|s__Helicobacter_pylori,k__Bacteria|p__Proteobacteria|c__Epsilonproteobacteria|o__Campylobacterales|f__Helicobacteraceae|g__Helicobacter|s__Helicobacter_pylori
592,k__Bacteria|p__Actinobacteria|c__Actinobacteria|o__Bifidobacteriales|f__Bifidobacteriaceae|g__Bifidobacterium|s__Bifidobacterium_scardovii,k__Bacteria|p__Actinobacteria|c__Actinobacteria|o__Bifidobacteriales|f__Bifidobacteriaceae|g__Bifidobacterium|s__Bifidobacterium_scardovii
593,k__Bacteria|p__Firmicutes|c__Bacilli|o__Lactobacillales|f__Streptococcaceae|g__Lactococcus|s__Lactococcus_raffinolactis,k__Bacteria|p__Firmicutes|c__Bacilli|o__Lactobacillales|f__Streptococcaceae|g__Lactococcus|s__Lactococcus_raffinolactis
594,k__Bacteria|p__Firmicutes|c__Clostridia|o__Clostridiales|f__Lachnospiraceae|g__Roseburia|s__Roseburia_sp_CAG_309,k__Bacteria|p__Firmicutes|c__Clostridia|o__Clostridiales|f__Lachnospiraceae|g__Roseburia|s__Roseburia_sp_CAG_309
595,k__Bacteria|p__Firmicutes|c__Clostridia|o__Clostridiales|f__Clostridiaceae|g__Clostridium|s__Clostridium_sp_CAG_964,k__Bacteria|p__Firmicutes|c__Clostridia|o__Clostridiales|f__Clostridiaceae|g__Clostridium|s__Clostridium_sp_CAG_964
596,k__Bacteria|p__Bacteroidetes|c__Bacteroidia|o__Bacteroidales|f__Prevotellaceae|g__Prevotella|s__Prevotella_sp_oral_taxon_376,k__Bacteria|p__Bacteroidetes|c__Bacteroidia|o__Bacteroidales|f__Prevotellaceae|g__Prevotella|s__Prevotella_sp_oral_taxon_376
597,k__Bacteria|p__Firmicutes|c__Tissierellia|o__Tissierellales|f__Peptoniphilaceae|g__Parvimonas|s__Parvimonas_sp_oral_taxon_393,k__Bacteria|p__Firmicutes|c__Tissierellia|o__Tissierellales|f__Peptoniphilaceae|g__Parvimonas|s__Parvimonas_sp_oral_taxon_393
598,k__Bacteria|p__Firmicutes|c__Bacilli|o__Lactobacillales|f__Lactobacillaceae|g__Lactobacillus|s__Lactobacillus_pentosus,k__Bacteria|p__Firmicutes|c__Bacilli|o__Lactobacillales|f__Lactobacillaceae|g__Lactobacillus|s__Lactobacillus_pentosus
599,k__Bacteria|p__Firmicutes|c__Tissierellia|o__Tissierellales|f__Peptoniphilaceae|g__Parvimonas|s__Parvimonas_sp_KA00067,k__Bacteria|p__Firmicutes|c__Tissierellia|o__Tissierellales|f__Peptoniphilaceae|g__Parvimonas|s__Parvimonas_sp_KA00067
600,k__Bacteria|p__Fusobacteria|c__Fusobacteriia|o__Fusobacteriales|f__Fusobacteriaceae|g__Fusobacterium|s__Fusobacterium_necrophorum,k__Bacteria|p__Fusobacteria|c__Fusobacteriia|o__Fusobacteriales|f__Fusobacteriaceae|g__Fusobacterium|s__Fusobacterium_necrophorum
601,k__Bacteria|p__Firmicutes|c__Clostridia|o__Clostridiales|f__Ruminococcaceae|g__Ruminococcus|s__Ruminococcus_obeum_CAG_39,k__Bacteria|p__Firmicutes|c__Clostridia|o__Clostridiales|f__Ruminococcaceae|g__Ruminococcus|s__Ruminococcus_obeum_CAG_39
602,k__Bacteria|p__Firmicutes|c__Erysipelotrichia|o__Erysipelotrichales|f__Erysipelotrichaceae|g__Candidatus_Stoquefichus|s__Candidatus_Stoquefichus_sp_KLE1796,k__Bacteria|p__Firmicutes|c__Erysipelotrichia|o__Erysipelotrichales|f__Erysipelotrichaceae|g__Candidatus_Stoquefichus|s__Candidatus_Stoquefichus_sp_KLE1796
603,k__Bacteria|p__Actinobacteria|c__Actinobacteria|o__Actinomycetales|f__Actinomycetaceae|g__Actinomyces|s__Actinomyces_sp_oral_taxon_897,k__Bacteria|p__Actinobacteria|c__Actinobacteria|o__Actinomycetales|f__Actinomycetaceae|g__Actinomyces|s__Actinomyces_sp_oral_taxon_897
604,k__Bacteria|p__Firmicutes|c__Negativicutes|o__Selenomonadales|f__Selenomonadaceae|g__Centipeda|s__Centipeda_periodontii,k__Bacteria|p__Firmicutes|c__Negativicutes|o__Selenomonadales|f__Selenomonadaceae|g__Centipeda|s__Centipeda_periodontii
605,k__Bacteria|p__Proteobacteria|c__Gammaproteobacteria|o__Pasteurellales|f__Pasteurellaceae|g__Haemophilus|s__Haemophilus_paraphrohaemolyticus,k__Bacteria|p__Proteobacteria|c__Gammaproteobacteria|o__Pasteurellales|f__Pasteurellaceae|g__Haemophilus|s__Haemophilus_paraphrohaemolyticus
606,k__Bacteria|p__Spirochaetes|c__Spirochaetia|o__Spirochaetales|f__Spirochaetaceae|g__Treponema|s__Treponema_vincentii,k__Bacteria|p__Spirochaetes|c__Spirochaetia|o__Spirochaetales|f__Spirochaetaceae|g__Treponema|s__Treponema_vincentii
607,k__Bacteria|p__Spirochaetes|c__Spirochaetia|o__Spirochaetales|f__Spirochaetaceae|g__Treponema|s__Treponema_socranskii,k__Bacteria|p__Spirochaetes|c__Spirochaetia|o__Spirochaetales|f__Spirochaetaceae|g__Treponema|s__Treponema_socranskii
608,k__Bacteria|p__Fusobacteria|c__Fusobacteriia|o__Fusobacteriales|f__Leptotrichiaceae|g__Leptotrichia|s__Leptotrichia_sp_oral_taxon_212,k__Bacteria|p__Fusobacteria|c__Fusobacteriia|o__Fusobacteriales|f__Leptotrichiaceae|g__Leptotrichia|s__Leptotrichia_sp_oral_taxon_212
609,k__Bacteria|p__Firmicutes|c__Clostridia|o__Clostridiales|f__Ruminococcaceae|g__Ruminococcus|s__Ruminococcus_sp_CAG_563,k__Bacteria|p__Firmicutes|c__Clostridia|o__Clostridiales|f__Ruminococcaceae|g__Ruminococcus|s__Ruminococcus_sp_CAG_563
610,k__Bacteria|p__Proteobacteria|c__Gammaproteobacteria|o__Enterobacterales|f__Enterobacteriaceae|g__Kluyvera|s__Kluyvera_georgiana,k__Bacteria|p__Proteobacteria|c__Gammaproteobacteria|o__Enterobacterales|f__Enterobacteriaceae|g__Kluyvera|s__Kluyvera_georgiana
611,k__Bacteria|p__Firmicutes|c__Bacilli|o__Lactobacillales|f__Streptococcaceae|g__Streptococcus|s__Streptococcus_sp_NLAE_zl_C503,k__Bacteria|p__Firmicutes|c__Bacilli|o__Lactobacillales|f__Streptococcaceae|g__Streptococcus|s__Streptococcus_sp_NLAE_zl_C503
612,k__Bacteria|p__Bacteroidetes|c__Bacteroidia|o__Bacteroidales|f__Prevotellaceae|g__Prevotella|s__Prevotella_multiformis,k__Bacteria|p__Bacteroidetes|c__Bacteroidia|o__Bacteroidales|f__Prevotellaceae|g__Prevotella|s__Prevotella_multiformis
613,k__Bacteria|p__Spirochaetes|c__Spirochaetia|o__Spirochaetales|f__Spirochaetaceae|g__Treponema|s__Treponema_medium,k__Bacteria|p__Spirochaetes|c__Spirochaetia|o__Spirochaetales|f__Spirochaetaceae|g__Treponema|s__Treponema_medium
614,k__Bacteria|p__Firmicutes|c__Negativicutes|o__Veillonellales|f__Veillonellaceae|g__Dialister|s__Dialister_micraerophilus,k__Bacteria|p__Firmicutes|c__Negativicutes|o__Veillonellales|f__Veillonellaceae|g__Dialister|s__Dialister_micraerophilus
615,k__Bacteria|p__Firmicutes|c__Bacilli|o__Bacillales|f__Bacillales_unclassified|g__Gemella|s__Gemella_asaccharolytica,k__Bacteria|p__Firmicutes|c__Bacilli|o__Bacillales|f__Bacillales_unclassified|g__Gemella|s__Gemella_asaccharolytica
616,k__Archaea|p__Euryarchaeota|c__Methanobacteria|o__Methanobacteriales|f__Methanobacteriaceae|g__Methanobrevibacter|s__Methanobrevibacter_arboriphilus,k__Archaea|p__Euryarchaeota|c__Methanobacteria|o__Methanobacteriales|f__Methanobacteriaceae|g__Methanobrevibacter|s__Methanobrevibacter_arboriphilus
617,k__Bacteria|p__Firmicutes|c__Negativicutes|o__Veillonellales|f__Veillonellaceae|g__Megasphaera|s__Megasphaera_cerevisiae,k__Bacteria|p__Firmicutes|c__Negativicutes|o__Veillonellales|f__Veillonellaceae|g__Megasphaera|s__Megasphaera_cerevisiae
618,k__Bacteria|p__Firmicutes|c__Clostridia|o__Clostridiales|f__Lachnospiraceae|g__Tyzzerella|s__Tyzzerella_sp_An114,k__Bacteria|p__Firmicutes|c__Clostridia|o__Clostridiales|f__Lachnospiraceae|g__Tyzzerella|s__Tyzzerella_sp_An114
619,k__Bacteria|p__Bacteroidetes|c__Bacteroidia|o__Bacteroidales|f__Bacteroidaceae|g__Bacteroides|s__Bacteroides_sp_43_108,k__Bacteria|p__Bacteroidetes|c__Bacteroidia|o__Bacteroidales|f__Bacteroidaceae|g__Bacteroides|s__Bacteroides_sp_43_108
620,k__Bacteria|p__Firmicutes|c__Clostridia|o__Clostridiales|f__Ruminococcaceae|g__Flavonifractor|s__Flavonifractor_sp_An82,k__Bacteria|p__Firmicutes|c__Clostridia|o__Clostridiales|f__Ruminococcaceae|g__Flavonifractor|s__Flavonifractor_sp_An82
621,k__Bacteria|p__Synergistetes|c__Synergistia|o__Synergistales|f__Synergistaceae|g__Synergistes|s__Synergistes_jonesii,k__Bacteria|p__Synergistetes|c__Synergistia|o__Synergistales|f__Synergistaceae|g__Synergistes|s__Synergistes_jonesii
622,k__Bacteria|p__Firmicutes|c__Negativicutes|o__Veillonellales|f__Veillonellaceae|g__Megasphaera|s__Megasphaera_hexanoica,k__Bacteria|p__Firmicutes|c__Negativicutes|o__Veillonellales|f__Veillonellaceae|g__Megasphaera|s__Megasphaera_hexanoica
623,k__Bacteria|p__Bacteroidetes|c__Bacteroidetes_unclassified|o__Bacteroidetes_unclassified|f__Bacteroidetes_unclassified|g__Bacteroidetes_unclassified|s__Bacteroidetes_bacterium_oral_taxon_272,k__Bacteria|p__Bacteroidetes|c__Bacteroidetes_unclassified|o__Bacteroidetes_unclassified|f__Bacteroidetes_unclassified|g__Bacteroidetes_unclassified|s__Bacteroidetes_bacterium_oral_taxon_272
624,k__Bacteria|p__Proteobacteria|c__Gammaproteobacteria|o__Enterobacterales|f__Enterobacteriaceae|g__Escherichia|s__Escherichia_marmotae,k__Bacteria|p__Proteobacteria|c__Gammaproteobacteria|o__Enterobacterales|f__Enterobacteriaceae|g__Escherichia|s__Escherichia_marmotae
625,k__Bacteria|p__Firmicutes|c__Clostridia|o__Clostridiales|f__Peptostreptococcaceae|g__Clostridioides|s__Clostridioides_difficile,k__Bacteria|p__Firmicutes|c__Clostridia|o__Clostridiales|f__Peptostreptococcaceae|g__Clostridioides|s__Clostridioides_difficile
626,k__Bacteria|p__Proteobacteria|c__Epsilonproteobacteria|o__Campylobacterales|f__Campylobacteraceae|g__Arcobacter|s__Arcobacter_butzleri,k__Bacteria|p__Proteobacteria|c__Epsilonproteobacteria|o__Campylobacterales|f__Campylobacteraceae|g__Arcobacter|s__Arcobacter_butzleri
627,k__Bacteria|p__Firmicutes|c__Bacilli|o__Lactobacillales|f__Streptococcaceae|g__Streptococcus|s__Streptococcus_sp_oral_taxon_058,k__Bacteria|p__Firmicutes|c__Bacilli|o__Lactobacillales|f__Streptococcaceae|g__Streptococcus|s__Streptococcus_sp_oral_taxon_058
628,k__Bacteria|p__Firmicutes|c__Bacilli|o__Lactobacillales|f__Enterococcaceae|g__Enterococcus|s__Enterococcus_asini,k__Bacteria|p__Firmicutes|c__Bacilli|o__Lactobacillales|f__Enterococcaceae|g__Enterococcus|s__Enterococcus_asini
629,k__Bacteria|p__Bacteroidetes|c__Bacteroidia|o__Bacteroidales|f__Dysgonamonadaceae|g__Dysgonomonas|s__Dysgonomonas_sp_37_18,k__Bacteria|p__Bacteroidetes|c__Bacteroidia|o__Bacteroidales|f__Dysgonamonadaceae|g__Dysgonomonas|s__Dysgonomonas_sp_37_18
630,k__Bacteria|p__Firmicutes|c__Bacilli|o__Lactobacillales|f__Lactobacillaceae|g__Lactobacillus|s__Lactobacillus_acidophilus,k__Bacteria|p__Firmicutes|c__Bacilli|o__Lactobacillales|f__Lactobacillaceae|g__Lactobacillus|s__Lactobacillus_acidophilus
631,k__Bacteria|p__Firmicutes|c__Bacilli|o__Lactobacillales|f__Enterococcaceae|g__Enterococcus|s__Enterococcus_canis,k__Bacteria|p__Firmicutes|c__Bacilli|o__Lactobacillales|f__Enterococcaceae|g__Enterococcus|s__Enterococcus_canis
632,k__Bacteria|p__Proteobacteria|c__Gammaproteobacteria|o__Enterobacterales|f__Enterobacteriaceae|g__Citrobacter|s__Citrobacter_farmeri,k__Bacteria|p__Proteobacteria|c__Gammaproteobacteria|o__Enterobacterales|f__Enterobacteriaceae|g__Citrobacter|s__Citrobacter_farmeri
633,k__Bacteria|p__Firmicutes|c__Bacilli|o__Lactobacillales|f__Enterococcaceae|g__Enterococcus|s__Enterococcus_dispar,k__Bacteria|p__Firmicutes|c__Bacilli|o__Lactobacillales|f__Enterococcaceae|g__Enterococcus|s__Enterococcus_dispar
634,k__Bacteria|p__Proteobacteria|c__Betaproteobacteria|o__Burkholderiales|f__Burkholderiaceae|g__Lautropia|s__Lautropia_mirabilis,k__Bacteria|p__Proteobacteria|c__Betaproteobacteria|o__Burkholderiales|f__Burkholderiaceae|g__Lautropia|s__Lautropia_mirabilis
635,k__Eukaryota|p__Ascomycota|c__Saccharomycetes|o__Saccharomycetales|f__Saccharomycetaceae|g__Saccharomyces|s__Saccharomyces_cerevisiae,k__Eukaryota|p__Ascomycota|c__Saccharomycetes|o__Saccharomycetales|f__Saccharomycetaceae|g__Saccharomyces|s__Saccharomyces_cerevisiae
636,k__Bacteria|p__Firmicutes|c__Bacilli|o__Lactobacillales|f__Lactobacillaceae|g__Lactobacillus|s__Lactobacillus_algidus,k__Bacteria|p__Firmicutes|c__Bacilli|o__Lactobacillales|f__Lactobacillaceae|g__Lactobacillus|s__Lactobacillus_algidus
637,k__Bacteria|p__Proteobacteria|c__Gammaproteobacteria|o__Cardiobacteriales|f__Cardiobacteriaceae|g__Cardiobacterium|s__Cardiobacterium_valvarum,k__Bacteria|p__Proteobacteria|c__Gammaproteobacteria|o__Cardiobacteriales|f__Cardiobacteriaceae|g__Cardiobacterium|s__Cardiobacterium_valvarum
638,k__Bacteria|p__Bacteroidetes|c__Bacteroidia|o__Bacteroidales|f__Prevotellaceae|g__Prevotella|s__Prevotella_corporis,k__Bacteria|p__Bacteroidetes|c__Bacteroidia|o__Bacteroidales|f__Prevotellaceae|g__Prevotella|s__Prevotella_corporis
639,k__Bacteria|p__Proteobacteria|c__Gammaproteobacteria|o__Enterobacterales|f__Enterobacteriaceae|g__Escherichia|s__Escherichia_sp_ESNIH1,k__Bacteria|p__Proteobacteria|c__Gammaproteobacteria|o__Enterobacterales|f__Enterobacteriaceae|g__Escherichia|s__Escherichia_sp_ESNIH1
640,k__Bacteria|p__Actinobacteria|c__Coriobacteriia|o__Coriobacteriales|f__Atopobiaceae|g__Atopobium|s__Atopobium_vaginae,k__Bacteria|p__Actinobacteria|c__Coriobacteriia|o__Coriobacteriales|f__Atopobiaceae|g__Atopobium|s__Atopobium_vaginae
641,k__Bacteria|p__Bacteroidetes|c__Bacteroidia|o__Bacteroidales|f__Bacteroidaceae|g__Bacteroides|s__Bacteroides_sartorii,k__Bacteria|p__Bacteroidetes|c__Bacteroidia|o__Bacteroidales|f__Bacteroidaceae|g__Bacteroides|s__Bacteroides_sartorii
642,k__Bacteria|p__Bacteroidetes|c__Bacteroidia|o__Bacteroidales|f__Prevotellaceae|g__Prevotella|s__Prevotella_amnii,k__Bacteria|p__Bacteroidetes|c__Bacteroidia|o__Bacteroidales|f__Prevotellaceae|g__Prevotella|s__Prevotella_amnii
643,k__Bacteria|p__Firmicutes|c__Bacilli|o__Lactobacillales|f__Carnobacteriaceae|g__Carnobacterium|s__Carnobacterium_divergens,k__Bacteria|p__Firmicutes|c__Bacilli|o__Lactobacillales|f__Carnobacteriaceae|g__Carnobacterium|s__Carnobacterium_divergens
644,k__Bacteria|p__Bacteroidetes|c__Bacteroidia|o__Bacteroidales|f__Bacteroidaceae|g__Bacteroides|s__Bacteroides_sp_CAG_598,k__Bacteria|p__Bacteroidetes|c__Bacteroidia|o__Bacteroidales|f__Bacteroidaceae|g__Bacteroides|s__Bacteroides_sp_CAG_598
645,k__Bacteria|p__Firmicutes|c__Clostridia|o__Clostridiales|f__Lachnospiraceae|g__Cellulosilyticum|s__Cellulosilyticum_lentocellum,k__Bacteria|p__Firmicutes|c__Clostridia|o__Clostridiales|f__Lachnospiraceae|g__Cellulosilyticum|s__Cellulosilyticum_lentocellum
646,k__Bacteria|p__Bacteroidetes|c__Bacteroidia|o__Bacteroidales|f__Prevotellaceae|g__Prevotella|s__Prevotella_buccalis,k__Bacteria|p__Bacteroidetes|c__Bacteroidia|o__Bacteroidales|f__Prevotellaceae|g__Prevotella|s__Prevotella_buccalis
647,k__Bacteria|p__Actinobacteria|c__Actinobacteria|o__Bifidobacteriales|f__Bifidobacteriaceae|g__Bifidobacterium|s__Bifidobacterium_moukalabense,k__Bacteria|p__Actinobacteria|c__Actinobacteria|o__Bifidobacteriales|f__Bifidobacteriaceae|g__Bifidobacterium|s__Bifidobacterium_moukalabense
648,k__Bacteria|p__Proteobacteria|c__Epsilonproteobacteria|o__Campylobacterales|f__Campylobacteraceae|g__Campylobacter|s__Campylobacter_upsaliensis,k__Bacteria|p__Proteobacteria|c__Epsilonproteobacteria|o__Campylobacterales|f__Campylobacteraceae|g__Campylobacter|s__Campylobacter_upsaliensis
649,k__Bacteria|p__Actinobacteria|c__Coriobacteriia|o__Coriobacteriales|f__Atopobiaceae|g__Atopobium|s__Atopobium_minutum,k__Bacteria|p__Actinobacteria|c__Coriobacteriia|o__Coriobacteriales|f__Atopobiaceae|g__Atopobium|s__Atopobium_minutum
650,k__Bacteria|p__Actinobacteria|c__Actinobacteria|o__Bifidobacteriales|f__Bifidobacteriaceae|g__Bifidobacterium|s__Bifidobacterium_pullorum,k__Bacteria|p__Actinobacteria|c__Actinobacteria|o__Bifidobacteriales|f__Bifidobacteriaceae|g__Bifidobacterium|s__Bifidobacterium_pullorum
651,k__Bacteria|p__Firmicutes|c__Clostridia|o__Clostridiales|f__Ruminococcaceae|g__Gemmiger|s__Gemmiger_sp_An120,k__Bacteria|p__Firmicutes|c__Clostridia|o__Clostridiales|f__Ruminococcaceae|g__Gemmiger|s__Gemmiger_sp_An120
652,k__Bacteria|p__Actinobacteria|c__Coriobacteriia|o__Coriobacteriales|f__Atopobiaceae|g__Atopobium|s__Atopobium_deltae,k__Bacteria|p__Actinobacteria|c__Coriobacteriia|o__Coriobacteriales|f__Atopobiaceae|g__Atopobium|s__Atopobium_deltae
653,k__Bacteria|p__Firmicutes|c__Clostridia|o__Clostridiales|f__Clostridiaceae|g__Clostridium|s__Clostridium_sp_CAG_678,k__Bacteria|p__Firmicutes|c__Clostridia|o__Clostridiales|f__Clostridiaceae|g__Clostridium|s__Clostridium_sp_CAG_678
654,k__Bacteria|p__Proteobacteria|c__Gammaproteobacteria|o__Enterobacterales|f__Morganellaceae|g__Proteus|s__Proteus_vulgaris,k__Bacteria|p__Proteobacteria|c__Gammaproteobacteria|o__Enterobacterales|f__Morganellaceae|g__Proteus|s__Proteus_vulgaris
655,k__Bacteria|p__Firmicutes|c__Negativicutes|o__Veillonellales|f__Veillonellaceae|g__Veillonellaceae_unclassified|s__Veillonellaceae_bacterium_DNF00626,k__Bacteria|p__Firmicutes|c__Negativicutes|o__Veillonellales|f__Veillonellaceae|g__Veillonellaceae_unclassified|s__Veillonellaceae_bacterium_DNF00626
656,k__Bacteria|p__Firmicutes|c__Clostridia|o__Clostridiales|f__Hungateiclostridiaceae|g__Mageeibacillus|s__Mageeibacillus_indolicus,k__Bacteria|p__Firmicutes|c__Clostridia|o__Clostridiales|f__Hungateiclostridiaceae|g__Mageeibacillus|s__Mageeibacillus_indolicus
657,k__Bacteria|p__Firmicutes|c__Bacilli|o__Lactobacillales|f__Aerococcaceae|g__Aerococcus|s__Aerococcus_christensenii,k__Bacteria|p__Firmicutes|c__Bacilli|o__Lactobacillales|f__Aerococcaceae|g__Aerococcus|s__Aerococcus_christensenii
658,k__Bacteria|p__Proteobacteria|c__Epsilonproteobacteria|o__Campylobacterales|f__Helicobacteraceae|g__Helicobacter|s__Helicobacter_equorum,k__Bacteria|p__Proteobacteria|c__Epsilonproteobacteria|o__Campylobacterales|f__Helicobacteraceae|g__Helicobacter|s__Helicobacter_equorum
659,k__Bacteria|p__Firmicutes|c__Bacilli|o__Lactobacillales|f__Streptococcaceae|g__Streptococcus|s__Streptococcus_macedonicus,k__Bacteria|p__Firmicutes|c__Bacilli|o__Lactobacillales|f__Streptococcaceae|g__Streptococcus|s__Streptococcus_macedonicus
660,k__Bacteria|p__Actinobacteria|c__Actinobacteria|o__Actinomycetales|f__Actinomycetaceae|g__Actinomyces|s__Actinomyces_radicidentis,k__Bacteria|p__Actinobacteria|c__Actinobacteria|o__Actinomycetales|f__Actinomycetaceae|g__Actinomyces|s__Actinomyces_radicidentis
661,k__Bacteria|p__Proteobacteria|c__Gammaproteobacteria|o__Enterobacterales|f__Enterobacteriaceae|g__Atlantibacter|s__Atlantibacter_hermannii,k__Bacteria|p__Proteobacteria|c__Gammaproteobacteria|o__Enterobacterales|f__Enterobacteriaceae|g__Atlantibacter|s__Atlantibacter_hermannii
662,k__Bacteria|p__Actinobacteria|c__Actinobacteria|o__Actinomycetales|f__Actinomycetaceae|g__Varibaculum|s__Varibaculum_cambriense,k__Bacteria|p__Actinobacteria|c__Actinobacteria|o__Actinomycetales|f__Actinomycetaceae|g__Varibaculum|s__Varibaculum_cambriense
663,k__Bacteria|p__Firmicutes|c__Negativicutes|o__Selenomonadales|f__Selenomonadaceae|g__Mitsuokella|s__Mitsuokella_sp_oral_taxon_131,k__Bacteria|p__Firmicutes|c__Negativicutes|o__Selenomonadales|f__Selenomonadaceae|g__Mitsuokella|s__Mitsuokella_sp_oral_taxon_131
664,k__Bacteria|p__Bacteroidetes|c__Bacteroidia|o__Bacteroidales|f__Tannerellaceae|g__Tannerella|s__Tannerella_forsythia,k__Bacteria|p__Bacteroidetes|c__Bacteroidia|o__Bacteroidales|f__Tannerellaceae|g__Tannerella|s__Tannerella_forsythia
665,k__Bacteria|p__Bacteroidetes|c__Bacteroidia|o__Bacteroidales|f__Prevotellaceae|g__Prevotella|s__Prevotella_baroniae,k__Bacteria|p__Bacteroidetes|c__Bacteroidia|o__Bacteroidales|f__Prevotellaceae|g__Prevotella|s__Prevotella_baroniae
666,k__Bacteria|p__Bacteroidetes|c__Bacteroidia|o__Bacteroidales|f__Prevotellaceae|g__Prevotella|s__Prevotella_dentalis,k__Bacteria|p__Bacteroidetes|c__Bacteroidia|o__Bacteroidales|f__Prevotellaceae|g__Prevotella|s__Prevotella_dentalis
667,k__Bacteria|p__Spirochaetes|c__Spirochaetia|o__Spirochaetales|f__Spirochaetaceae|g__Treponema|s__Treponema_denticola,k__Bacteria|p__Spirochaetes|c__Spirochaetia|o__Spirochaetales|f__Spirochaetaceae|g__Treponema|s__Treponema_denticola
668,k__Bacteria|p__Bacteroidetes|c__Bacteroidia|o__Bacteroidales|f__Prevotellaceae|g__Prevotella|s__Prevotella_scopos,k__Bacteria|p__Bacteroidetes|c__Bacteroidia|o__Bacteroidales|f__Prevotellaceae|g__Prevotella|s__Prevotella_scopos
669,k__Bacteria|p__Fusobacteria|c__Fusobacteriia|o__Fusobacteriales|f__Leptotrichiaceae|g__Leptotrichia|s__Leptotrichia_sp_oral_taxon_215,k__Bacteria|p__Fusobacteria|c__Fusobacteriia|o__Fusobacteriales|f__Leptotrichiaceae|g__Leptotrichia|s__Leptotrichia_sp_oral_taxon_215
670,k__Bacteria|p__Proteobacteria|c__Betaproteobacteria|o__Neisseriales|f__Neisseriaceae|g__Neisseria|s__Neisseria_sp_oral_taxon_014,k__Bacteria|p__Proteobacteria|c__Betaproteobacteria|o__Neisseriales|f__Neisseriaceae|g__Neisseria|s__Neisseria_sp_oral_taxon_014
671,k__Bacteria|p__Bacteroidetes|c__Bacteroidia|o__Bacteroidales|f__Porphyromonadaceae|g__Porphyromonas|s__Porphyromonas_sp_HMSC065F10,k__Bacteria|p__Bacteroidetes|c__Bacteroidia|o__Bacteroidales|f__Porphyromonadaceae|g__Porphyromonas|s__Porphyromonas_sp_HMSC065F10
672,k__Bacteria|p__Firmicutes|c__Bacilli|o__Lactobacillales|f__Enterococcaceae|g__Enterococcus|s__Enterococcus_thailandicus,k__Bacteria|p__Firmicutes|c__Bacilli|o__Lactobacillales|f__Enterococcaceae|g__Enterococcus|s__Enterococcus_thailandicus
673,k__Bacteria|p__Firmicutes|c__Bacilli|o__Lactobacillales|f__Enterococcaceae|g__Enterococcus|s__Enterococcus_gilvus,k__Bacteria|p__Firmicutes|c__Bacilli|o__Lactobacillales|f__Enterococcaceae|g__Enterococcus|s__Enterococcus_gilvus
674,k__Bacteria|p__Proteobacteria|c__Gammaproteobacteria|o__Alteromonadales|f__Shewanellaceae|g__Shewanella|s__Shewanella_algae,k__Bacteria|p__Proteobacteria|c__Gammaproteobacteria|o__Alteromonadales|f__Shewanellaceae|g__Shewanella|s__Shewanella_algae
675,k__Bacteria|p__Actinobacteria|c__Actinobacteria|o__Bifidobacteriales|f__Bifidobacteriaceae|g__Scardovia|s__Scardovia_inopinata,k__Bacteria|p__Actinobacteria|c__Actinobacteria|o__Bifidobacteriales|f__Bifidobacteriaceae|g__Scardovia|s__Scardovia_inopinata
676,k__Bacteria|p__Proteobacteria|c__Gammaproteobacteria|o__Enterobacterales|f__Enterobacteriaceae|g__Raoultella|s__Raoultella_terrigena,k__Bacteria|p__Proteobacteria|c__Gammaproteobacteria|o__Enterobacterales|f__Enterobacteriaceae|g__Raoultella|s__Raoultella_terrigena
677,k__Bacteria|p__Proteobacteria|c__Gammaproteobacteria|o__Enterobacterales|f__Enterobacteriaceae|g__Lelliottia|s__Lelliottia_jeotgali,k__Bacteria|p__Proteobacteria|c__Gammaproteobacteria|o__Enterobacterales|f__Enterobacteriaceae|g__Lelliottia|s__Lelliottia_jeotgali
678,k__Bacteria|p__Proteobacteria|c__Gammaproteobacteria|o__Enterobacterales|f__Enterobacteriaceae|g__Citrobacter|s__Citrobacter_werkmanii,k__Bacteria|p__Proteobacteria|c__Gammaproteobacteria|o__Enterobacterales|f__Enterobacteriaceae|g__Citrobacter|s__Citrobacter_werkmanii
679,k__Bacteria|p__Actinobacteria|c__Actinobacteria|o__Corynebacteriales|f__Corynebacteriaceae|g__Corynebacterium|s__Corynebacterium_simulans,k__Bacteria|p__Actinobacteria|c__Actinobacteria|o__Corynebacteriales|f__Corynebacteriaceae|g__Corynebacterium|s__Corynebacterium_simulans
680,k__Bacteria|p__Actinobacteria|c__Actinobacteria|o__Corynebacteriales|f__Corynebacteriaceae|g__Corynebacterium|s__Corynebacterium_matruchotii,k__Bacteria|p__Actinobacteria|c__Actinobacteria|o__Corynebacteriales|f__Corynebacteriaceae|g__Corynebacterium|s__Corynebacterium_matruchotii
681,k__Bacteria|p__Proteobacteria|c__Gammaproteobacteria|o__Pasteurellales|f__Pasteurellaceae|g__Haemophilus|s__Haemophilus_quentini,k__Bacteria|p__Proteobacteria|c__Gammaproteobacteria|o__Pasteurellales|f__Pasteurellaceae|g__Haemophilus|s__Haemophilus_quentini
682,k__Bacteria|p__Actinobacteria|c__Actinobacteria|o__Propionibacteriales|f__Propionibacteriaceae|g__Cutibacterium|s__Cutibacterium_acnes,k__Bacteria|p__Actinobacteria|c__Actinobacteria|o__Propionibacteriales|f__Propionibacteriaceae|g__Cutibacterium|s__Cutibacterium_acnes
683,k__Bacteria|p__Firmicutes|c__Clostridia|o__Clostridiales|f__Lachnospiraceae|g__Lachnoclostridium|s__Lachnoclostridium_sp_An196,k__Bacteria|p__Firmicutes|c__Clostridia|o__Clostridiales|f__Lachnospiraceae|g__Lachnoclostridium|s__Lachnoclostridium_sp_An196
684,k__Bacteria|p__Proteobacteria|c__Gammaproteobacteria|o__Pseudomonadales|f__Pseudomonadaceae|g__Pseudomonas|s__Pseudomonas_fragi,k__Bacteria|p__Proteobacteria|c__Gammaproteobacteria|o__Pseudomonadales|f__Pseudomonadaceae|g__Pseudomonas|s__Pseudomonas_fragi
685,k__Bacteria|p__Firmicutes|c__Bacilli|o__Lactobacillales|f__Lactobacillaceae|g__Lactobacillus|s__Lactobacillus_pontis,k__Bacteria|p__Firmicutes|c__Bacilli|o__Lactobacillales|f__Lactobacillaceae|g__Lactobacillus|s__Lactobacillus_pontis
686,k__Bacteria|p__Proteobacteria|c__Betaproteobacteria|o__Neisseriales|f__Neisseriaceae|g__Neisseria|s__Neisseria_elongata,k__Bacteria|p__Proteobacteria|c__Betaproteobacteria|o__Neisseriales|f__Neisseriaceae|g__Neisseria|s__Neisseria_elongata
687,k__Bacteria|p__Firmicutes|c__Bacilli|o__Lactobacillales|f__Lactobacillaceae|g__Lactobacillus|s__Lactobacillus_brevis,k__Bacteria|p__Firmicutes|c__Bacilli|o__Lactobacillales|f__Lactobacillaceae|g__Lactobacillus|s__Lactobacillus_brevis
688,k__Bacteria|p__Firmicutes|c__Bacilli|o__Lactobacillales|f__Lactobacillaceae|g__Lactobacillus|s__Lactobacillus_equicursoris,k__Bacteria|p__Firmicutes|c__Bacilli|o__Lactobacillales|f__Lactobacillaceae|g__Lactobacillus|s__Lactobacillus_equicursoris
689,k__Bacteria|p__Proteobacteria|c__Epsilonproteobacteria|o__Campylobacterales|f__Helicobacteraceae|g__Helicobacter|s__Helicobacter_pullorum,k__Bacteria|p__Proteobacteria|c__Epsilonproteobacteria|o__Campylobacterales|f__Helicobacteraceae|g__Helicobacter|s__Helicobacter_pullorum
690,k__Bacteria|p__Firmicutes|c__Firmicutes_unclassified|o__Firmicutes_unclassified|f__Firmicutes_unclassified|g__Firmicutes_unclassified|s__Firmicutes_bacterium_CAG_555,k__Bacteria|p__Firmicutes|c__Firmicutes_unclassified|o__Firmicutes_unclassified|f__Firmicutes_unclassified|g__Firmicutes_unclassified|s__Firmicutes_bacterium_CAG_555
691,k__Bacteria|p__Firmicutes|c__Clostridia|o__Clostridiales|f__Clostridiaceae|g__Clostridium|s__Clostridium_sp_SY8519,k__Bacteria|p__Firmicutes|c__Clostridia|o__Clostridiales|f__Clostridiaceae|g__Clostridium|s__Clostridium_sp_SY8519
692,k__Bacteria|p__Proteobacteria|c__Betaproteobacteria|o__Burkholderiales|f__Burkholderiaceae|g__Ralstonia|s__Ralstonia_pickettii,k__Bacteria|p__Proteobacteria|c__Betaproteobacteria|o__Burkholderiales|f__Burkholderiaceae|g__Ralstonia|s__Ralstonia_pickettii
693,k__Bacteria|p__Proteobacteria|c__Gammaproteobacteria|o__Enterobacterales|f__Morganellaceae|g__Providencia|s__Providencia_alcalifaciens,k__Bacteria|p__Proteobacteria|c__Gammaproteobacteria|o__Enterobacterales|f__Morganellaceae|g__Providencia|s__Providencia_alcalifaciens
694,k__Bacteria|p__Firmicutes|c__Clostridia|o__Clostridiales|f__Clostridiaceae|g__Clostridium|s__Clostridium_sp_CAG_510,k__Bacteria|p__Firmicutes|c__Clostridia|o__Clostridiales|f__Clostridiaceae|g__Clostridium|s__Clostridium_sp_CAG_510
695,k__Bacteria|p__Firmicutes|c__Tissierellia|o__Tissierellales|f__Peptoniphilaceae|g__Peptoniphilus|s__Peptoniphilus_sp_HMSC062D09,k__Bacteria|p__Firmicutes|c__Tissierellia|o__Tissierellales|f__Peptoniphilaceae|g__Peptoniphilus|s__Peptoniphilus_sp_HMSC062D09
696,k__Bacteria|p__Bacteroidetes|c__Bacteroidia|o__Bacteroidales|f__Prevotellaceae|g__Prevotella|s__Prevotella_colorans,k__Bacteria|p__Bacteroidetes|c__Bacteroidia|o__Bacteroidales|f__Prevotellaceae|g__Prevotella|s__Prevotella_colorans
697,k__Bacteria|p__Proteobacteria|c__Gammaproteobacteria|o__Pseudomonadales|f__Moraxellaceae|g__Acinetobacter|s__Acinetobacter_johnsonii,k__Bacteria|p__Proteobacteria|c__Gammaproteobacteria|o__Pseudomonadales|f__Moraxellaceae|g__Acinetobacter|s__Acinetobacter_johnsonii
698,k__Bacteria|p__Firmicutes|c__Clostridia|o__Clostridiales|f__Ruminococcaceae|g__Flavonifractor|s__Flavonifractor_sp_An306,k__Bacteria|p__Firmicutes|c__Clostridia|o__Clostridiales|f__Ruminococcaceae|g__Flavonifractor|s__Flavonifractor_sp_An306
699,k__Bacteria|p__Bacteroidetes|c__Bacteroidia|o__Bacteroidales|f__Prevotellaceae|g__Prevotella|s__Prevotella_sp_CAG_617,k__Bacteria|p__Bacteroidetes|c__Bacteroidia|o__Bacteroidales|f__Prevotellaceae|g__Prevotella|s__Prevotella_sp_CAG_617
700,k__Bacteria|p__Firmicutes|c__Bacilli|o__Lactobacillales|f__Lactobacillaceae|g__Lactobacillus|s__Lactobacillus_gastricus,k__Bacteria|p__Firmicutes|c__Bacilli|o__Lactobacillales|f__Lactobacillaceae|g__Lactobacillus|s__Lactobacillus_gastricus
701,k__Bacteria|p__Proteobacteria|c__Epsilonproteobacteria|o__Campylobacterales|f__Campylobacteraceae|g__Campylobacter|s__Campylobacter_curvus,k__Bacteria|p__Proteobacteria|c__Epsilonproteobacteria|o__Campylobacterales|f__Campylobacteraceae|g__Campylobacter|s__Campylobacter_curvus
702,k__Bacteria|p__Proteobacteria|c__Gammaproteobacteria|o__Enterobacterales|f__Enterobacteriaceae|g__Kluyvera|s__Kluyvera_intermedia,k__Bacteria|p__Proteobacteria|c__Gammaproteobacteria|o__Enterobacterales|f__Enterobacteriaceae|g__Kluyvera|s__Kluyvera_intermedia
703,k__Bacteria|p__Actinobacteria|c__Actinobacteria|o__Bifidobacteriales|f__Bifidobacteriaceae|g__Bifidobacterium|s__Bifidobacterium_merycicum,k__Bacteria|p__Actinobacteria|c__Actinobacteria|o__Bifidobacteriales|f__Bifidobacteriaceae|g__Bifidobacterium|s__Bifidobacterium_merycicum
704,k__Bacteria|p__Proteobacteria|c__Gammaproteobacteria|o__Enterobacterales|f__Enterobacterales_unclassified|g__Phytobacter|s__Phytobacter_ursingii,k__Bacteria|p__Proteobacteria|c__Gammaproteobacteria|o__Enterobacterales|f__Enterobacterales_unclassified|g__Phytobacter|s__Phytobacter_ursingii
705,k__Bacteria|p__Proteobacteria|c__Gammaproteobacteria|o__Enterobacterales|f__Enterobacteriaceae|g__Kosakonia|s__Kosakonia_sp_S29,k__Bacteria|p__Proteobacteria|c__Gammaproteobacteria|o__Enterobacterales|f__Enterobacteriaceae|g__Kosakonia|s__Kosakonia_sp_S29
706,k__Bacteria|p__Proteobacteria|c__Gammaproteobacteria|o__Enterobacterales|f__Enterobacteriaceae|g__Metakosakonia|s__Kluyvera_intestini,k__Bacteria|p__Proteobacteria|c__Gammaproteobacteria|o__Enterobacterales|f__Enterobacteriaceae|g__Metakosakonia|s__Kluyvera_intestini
707,k__Bacteria|p__Proteobacteria|c__Gammaproteobacteria|o__Enterobacterales|f__Enterobacteriaceae|g__Kosakonia|s__Kosakonia_sacchari,k__Bacteria|p__Proteobacteria|c__Gammaproteobacteria|o__Enterobacterales|f__Enterobacteriaceae|g__Kosakonia|s__Kosakonia_sacchari
708,k__Bacteria|p__Firmicutes|c__Firmicutes_unclassified|o__Firmicutes_unclassified|f__Firmicutes_unclassified|g__Firmicutes_unclassified|s__Firmicutes_bacterium_CAG_534,k__Bacteria|p__Firmicutes|c__Firmicutes_unclassified|o__Firmicutes_unclassified|f__Firmicutes_unclassified|g__Firmicutes_unclassified|s__Firmicutes_bacterium_CAG_534
709,k__Bacteria|p__Actinobacteria|c__Actinobacteria|o__Actinomycetales|f__Actinomycetaceae|g__Actinomyces|s__Actinomyces_europaeus,k__Bacteria|p__Actinobacteria|c__Actinobacteria|o__Actinomycetales|f__Actinomycetaceae|g__Actinomyces|s__Actinomyces_europaeus
710,k__Bacteria|p__Proteobacteria|c__Gammaproteobacteria|o__Aeromonadales|f__Succinivibrionaceae|g__Anaerobiospirillum|s__Anaerobiospirillum_thomasii,k__Bacteria|p__Proteobacteria|c__Gammaproteobacteria|o__Aeromonadales|f__Succinivibrionaceae|g__Anaerobiospirillum|s__Anaerobiospirillum_thomasii
711,k__Bacteria|p__Fusobacteria|c__Fusobacteriia|o__Fusobacteriales|f__Fusobacteriaceae|g__Fusobacterium|s__Fusobacterium_naviforme,k__Bacteria|p__Fusobacteria|c__Fusobacteriia|o__Fusobacteriales|f__Fusobacteriaceae|g__Fusobacterium|s__Fusobacterium_naviforme
712,k__Bacteria|p__Firmicutes|c__Clostridia|o__Clostridiales|f__Clostridiales_unclassified|g__Clostridiales_unclassified|s__Bacteroides_pectinophilus,k__Bacteria|p__Firmicutes|c__Clostridia|o__Clostridiales|f__Clostridiales_unclassified|g__Clostridiales_unclassified|s__Bacteroides_pectinophilus
713,k__Archaea|p__Euryarchaeota|c__Methanobacteria|o__Methanobacteriales|f__Methanobacteriaceae|g__Methanosphaera|s__Methanosphaera_sp_SHI1033,k__Archaea|p__Euryarchaeota|c__Methanobacteria|o__Methanobacteriales|f__Methanobacteriaceae|g__Methanosphaera|s__Methanosphaera_sp_SHI1033
714,k__Bacteria|p__Bacteroidetes|c__Bacteroidia|o__Bacteroidales|f__Prevotellaceae|g__Prevotella|s__Prevotella_sp_CAG_755,k__Bacteria|p__Bacteroidetes|c__Bacteroidia|o__Bacteroidales|f__Prevotellaceae|g__Prevotella|s__Prevotella_sp_CAG_755
715,k__Bacteria|p__Proteobacteria|c__Gammaproteobacteria|o__Enterobacterales|f__Enterobacteriaceae|g__Enterobacter|s__Enterobacter_soli,k__Bacteria|p__Proteobacteria|c__Gammaproteobacteria|o__Enterobacterales|f__Enterobacteriaceae|g__Enterobacter|s__Enterobacter_soli
716,k__Bacteria|p__Firmicutes|c__Clostridia|o__Clostridiales|f__Clostridiaceae|g__Hungatella|s__Hungatella_effluvii,k__Bacteria|p__Firmicutes|c__Clostridia|o__Clostridiales|f__Clostridiaceae|g__Hungatella|s__Hungatella_effluvii
717,k__Bacteria|p__Bacteroidetes|c__Bacteroidia|o__Bacteroidales|f__Bacteroidaceae|g__Bacteroides|s__Bacteroides_caecimuris,k__Bacteria|p__Bacteroidetes|c__Bacteroidia|o__Bacteroidales|f__Bacteroidaceae|g__Bacteroides|s__Bacteroides_caecimuris
